Track URI,Track Name,Album Name,Artist Name(s),Release Date,Duration (ms),Popularity,Explicit,Added By,Added At,Genres,Record Label,Danceability,Energy,Key,Loudness,Mode,Speechiness,Acousticness,Instrumentalness,Liveness,Valence,Tempo,Time Signature
spotify:track:4TPAEAfhLcGvOK6iNzgOZm,"Allegria","Allegria","Gipsy Kings",2013-02-24,167000,59,false,,2026-07-13T22:16:37Z,"flamenco","GB Prod / Passport Songs Music",0.574,0.58,6,-16.536,0,0.0349,0.846,0.571,0.714,0.901,107.044,4
spotify:track:5cZx05fE3nAdFqXlXPUacZ,"Lovesong","Idol Eyes","Common Saints",2020-10-09,557573,56,false,,2026-07-09T15:08:48Z,"retro soul","Starsonics",0.653,0.514,11,-8.943,1,0.074,0.251,0.82,0.0729,0.521,83.024,4
spotify:track:51Y2shyUTLupo4DkQHd6sd,"Herbs & Wine","Velvet Seas","Kraak & Smaak;IVAR",2025-10-24,245297,45,false,,2026-07-09T15:00:19Z,"nu disco","Boogie Angst",0.747,0.785,5,-9.24,0,0.0504,0.122,0.00903,0.368,0.659,95.988,4
spotify:track:5cuTaQHMRFJCCVChBiyqRi,"Leave You","Leave You","Vulfmon;Jackie Evans",2026-06-11,209034,59,false,,2026-06-15T12:23:56Z,"","Vulf Records",0.624,0.437,0,-11.5,1,0.0385,0.713,0.00279,0.132,0.789,77.567,4
spotify:track:4CSKUENltc2dGwvGGtDRgI,"As Long As I Still Get You","As Long As I Still Get You","Vulfmon;Evangeline",2026-05-28,246192,51,false,,2026-06-15T00:22:39Z,"soul jazz","Vulf Records",0.681,0.17,0,-16.184,1,0.115,0.941,0.0277,0.105,0.225,142.909,4
spotify:track:4OJFkrRQqol4FsPesF8eu4,"Saturday in the Park - 2002 Remaster","Chicago V (Expanded & Remastered)","Chicago",1972-07-10,235666,74,false,,2026-05-29T21:45:56Z,"yacht rock,soft rock","Rhino",0.67,0.763,7,-6.864,1,0.0341,0.155,0,0.0799,0.61,114.398,4
spotify:track:4p2vGEMDxe6zauEBCdt8Qd,"Everybody Tells Me To Let Go","When The Silence Gets Too Loud","Beharie",2025-09-12,232613,31,false,,2026-05-18T20:34:10Z,"norwegian pop","Petroleum Records",0.682,0.643,0,-8.555,1,0.0311,0.681,0.748,0.103,0.662,108.005,4
spotify:track:5O7ivZ60NXuzWi1Myvk0U2,"Sauce","Sauce","Remi Wolf",2019-07-02,230174,46,false,,2026-05-11T17:29:56Z,"","Island Records",0.724,0.664,8,-6.626,0,0.309,0.397,0.000169,0.224,0.599,139.847,4
spotify:track:4XCGfHpGVq8xw800o5cwWs,"Les Fleurs","Come To My Garden","Minnie Riperton",1970-11-01,199293,67,false,,2026-05-04T23:04:26Z,"","CAPITOL CATALOG MKT (C92)",0.441,0.499,6,-9.453,1,0.0484,0.665,0.00000287,0.211,0.513,151.878,4
spotify:track:2dPjzW2SYPTZP0lKnlgwsn,"Ride That Dolphin","KNOWER FOREVER","KNOWER",2023-10-02,208500,31,false,,2026-04-30T18:16:26Z,"","Knower",0.803,0.526,2,-7.449,1,0.0513,0.253,0.0907,0.0965,0.681,139.864,4
spotify:track:1CGzOkrxB9bNaMf95Nd3EF,"Slow Tonight","Full Circle","Tom Misch",2026-03-27,192495,71,true,,2026-04-29T13:01:05Z,"indie soul","Beyond The Groove",0.939,0.646,7,-8.506,0,0.0397,0.0301,0.0506,0.0967,0.969,130.012,4
spotify:track:6bPruceFVYOpOXs4IAquD2,"Leave You","Leave You","Jackie Evans",2026-04-15,207646,55,false,,2026-04-27T15:07:09Z,"","Jackie Evans",0.601,0.652,0,-5.772,1,0.0484,0.76,0.000181,0.376,0.747,159.202,4
spotify:track:015oTZOFMNR1IhWEKOr1H1,"For You","For You","Eloise",2026-02-13,154126,37,true,,2026-04-27T12:51:48Z,"","BMG Rights Management (UK) Ltd.",0.511,0.645,4,-5.419,0,0.217,0.19,0.0000535,0.167,0.277,97.263,4
spotify:track:1m2HcWA6KnQ6qPO07KyfYQ,"really miss you","really miss you","Walker",2025-08-29,230816,35,false,,2026-04-08T19:04:45Z,"jazz beats","Alphabetical",0.873,0.273,2,-14.52,0,0.09,0.596,0.122,0.0904,0.686,98.053,4
spotify:track:3kC05jPjVUE4aar6yOM45c,"Most of the Time (Live at The Bunker Studio)","Jackie Evans (Live at The Bunker Studio)","Jackie Evans",2025-05-09,205966,47,true,,2026-03-30T14:27:39Z,"","Jackie Evans",0.489,0.164,1,-12.08,1,0.037,0.937,0.00505,0.109,0.319,140.27,4
spotify:track:2ztxciuDTTjjVjLMTWx27t,"Talk It Up - Sun Version","SUN","Sammy Rae & The Friends",2026-03-13,269111,29,false,,2026-03-16T22:13:17Z,"pop soul","Nettwerk Music Group",0.42,0.547,9,-7.292,0,0.0421,0.765,0,0.184,0.511,92.464,4
spotify:track:5D2sCWLtq3FESk2RpByR8M,"BLACK JAMES DEAN","OPENING ACT","Gerard Alain",2024-05-17,153600,29,false,,2026-03-16T15:12:01Z,"","The Allenport Group",0.713,0.85,0,-4.189,1,0.224,0.048,0,0.0361,0.79,99.991,4
spotify:track:35WTRHcelfUXx3VfwTZbpC,"A Song for You","Home","A Song For You",2024-06-21,181981,40,false,,2026-03-04T14:37:33Z,"","Rhythm Section International",0.637,0.438,3,-10.962,0,0.0515,0.793,0.00000244,0.205,0.634,99.02,4
spotify:track:0ESIjVxnDnCDaTPo6sStHm,"Till There Was You - Remastered 2009","With The Beatles (Remastered)","The Beatles",1963-11-22,133506,67,false,,2026-03-03T00:51:13Z,"classic rock,psychedelic rock","EMI Catalogue",0.727,0.338,5,-13.887,1,0.0454,0.79,0,0.105,0.646,122.421,4
spotify:track:5jye6f8i1jHGEegmfwWtf5,"NEVER CATCH A BREAK","HOME IS WHEREVER YOU ARE","Adam Pastel;Marc E. Bassy",2024-11-15,174331,20,false,,2026-03-02T14:24:23Z,"stutter house","Pastel Park",0.66,0.681,1,-7.924,0,0.315,0.061,0,0.158,0.742,106.101,4
spotify:track:1ossvSyG2Z98nqBijLsDnF,"Take Me to the Moon","Take Me to the Moon","Mike Spector",2022-05-11,195798,34,false,,2026-02-25T15:28:42Z,"","Haus of Ghouls",0.719,0.508,0,-7.504,1,0.0477,0.339,0,0.0927,0.582,95.015,4
spotify:track:5vuJuBqwzHJgCA1ysRfwxZ,"good kid","good kid, m.A.A.d city (Deluxe)","Kendrick Lamar",2012,214120,59,true,,2026-02-17T00:03:35Z,"hip hop,west coast hip hop","Aftermath",0.451,0.831,5,-8.641,0,0.308,0.0623,0,0.185,0.41,176.173,4
spotify:track:6nxRxeYjAKJfwtWGO1CtjO,"Do That for You","Life In Colour","Andreya Triana",2019-05-24,203415,33,false,,2026-02-16T15:47:59Z,"","Hi-Tea Records",0.78,0.395,1,-9.234,0,0.232,0.246,0,0.0788,0.565,102.164,4
spotify:track:11XUQSiGmgbKCUSFCo7GWn,"Far Too Much - Edit","Far Too Much","Oscar Jerome",2023-08-11,195945,32,false,,2026-02-16T15:30:44Z,"indie soul,jazz house,indie jazz,nu jazz","Jeromeo",0.766,0.659,5,-9.974,1,0.0415,0.357,0.468,0.354,0.854,99.95,4
spotify:track:2ewg31VuWBIamb8f8APqw7,"Sisters With Me","Sisters With Me","Tom Misch",2026-01-28,244591,56,false,,2026-02-09T15:44:05Z,"indie soul","Beyond The Groove",0.682,0.461,2,-8.47,1,0.0452,0.121,0.129,0.112,0.234,162.022,4
spotify:track:3JW2uVwLbJkuqBMmPLjEsm,"Spick And Span","In My Own Time","Rikard From",2024-05-31,246933,42,false,,2026-02-08T15:07:32Z,"","Snafu Records",0.751,0.31,6,-16.482,0,0.0553,0.902,0.905,0.0766,0.734,90.009,4
spotify:track:2FmADxrIphJZSrHzwYkUcR,"Pink + White - Live at Electric Lady","Live at Electric Lady","Remi Wolf",2022-08-04,233406,49,false,,2026-02-08T13:55:11Z,"","Island Records",0.498,0.468,9,-6.17,1,0.0502,0.133,0,0.103,0.55,148.266,3
spotify:track:1TUEHnjPqWLX3T6WB7nejC,"Liz - Live at Electric Lady","Live at Electric Lady","Remi Wolf",2022-08-04,215220,32,false,,2026-02-08T13:55:08Z,"","Island Records",0.588,0.588,7,-4.809,1,0.0354,0.0418,0,0.139,0.491,147.803,4
spotify:track:2sJ8UfxfNgMpbQhYx9kL1G,"Sauce - Live at Electric Lady","Live at Electric Lady","Remi Wolf",2022-08-04,248960,25,false,,2026-02-08T13:53:16Z,"","Island Records",0.736,0.454,1,-5.834,0,0.0499,0.0918,0.00000124,0.105,0.711,123.582,4
spotify:track:4VN7eV87N6Mm5ZEDlE9ZeN,"you, the sun","you, the sun","Darling Joan",2026-01-02,206000,28,false,,2026-02-06T18:07:50Z,"","Darling Joan",0.703,0.579,4,-9.826,0,0.0917,0.659,0.00623,0.134,0.888,89.909,4
spotify:track:7mols1wrTGpA0mdVEqakEJ,"5PM (from ""Animal Crossing: New Horizons"")","VGM Covers, Vol. 11","Game & Sound",2021-02-26,213000,32,false,,2026-02-04T23:20:19Z,"","Game & Sound",0.706,0.32,6,-12.797,0,0.0326,0.888,0.746,0.103,0.49,146.028,4
spotify:track:6P5aL5sFxn8xs7q6N2w3Ky,"Woo! - Live at Electric Lady","Live at Electric Lady","Remi Wolf",2022-08-04,197930,34,true,,2026-01-29T01:26:06Z,"","Island Records",0.788,0.884,10,-5.13,0,0.101,0.0555,0.00000307,0.0832,0.922,95.009,4
spotify:track:7rYyYKW8QxGzkRnqa165JC,"More Than a Woman","More Than a Woman","The Shadowboxers",2020-12-17,224666,39,false,,2026-01-26T15:54:32Z,"","The Shadowboxers",0.744,0.506,7,-7.852,1,0.234,0.85,0.0599,0.0834,0.522,90.077,4
spotify:track:2V26mUO6YIHp5LEjEh0q28,"Soft Spot","Soft Spot","Emmaline",2024-02-16,202656,36,false,,2026-01-14T00:05:56Z,"vocal jazz","CurlyCue! Records",0.868,0.651,0,-8.971,1,0.0602,0.37,0.00000222,0.0957,0.899,145.969,4
spotify:track:6r9GzPEdq4bGp507oxt2iZ,"Lost In Space","Paradise State of Mind","Foster The People",2024-08-16,259252,54,false,,2026-01-13T14:53:23Z,"","Atlantic Records",0.818,0.794,5,-4.606,0,0.0416,0.019,0.0615,0.0741,0.737,122.428,4
spotify:track:5mQ8ouxdUK4VFa26aBJH1a,"The Sheriff","The Sheriff","Vulfmon;Devon Yesberger;Noé Socha",2026-01-08,189042,16,false,,2026-01-12T16:21:18Z,"","Vulf Records",0.773,0.552,10,-8.196,0,0.0658,0.406,0.859,0.12,0.89,104.914,4
spotify:track:6zA8QZUAJwR1FxvuW1qR2l,"Anticipation","Lighter Notes","Luca Sestak",2024-03-08,221000,51,false,,2026-01-09T19:45:59Z,"boogie-woogie,ragtime,boogie","Luca Sestak",0.441,0.456,8,-13.66,1,0.0451,0.51,0.937,0.128,0.493,180.131,4
spotify:track:6xKKBbIWCnWB0SYcFrNCGY,"Where To Go","Dream Big","Rindue",2024-10-11,185238,31,false,,2026-01-09T19:09:50Z,"","Backboard",0.896,0.498,10,-10.189,1,0.0468,0.247,0.123,0.0753,0.834,126.016,4
spotify:track:0UJ4vyVDTfnttTdIi1ZDDp,"Mila Ascending","The Observer","The Steve McQueens",2021-10-28,409558,10,false,,2026-01-09T19:03:04Z,"jazz fusion","Umami Records",0.471,0.391,7,-12.143,1,0.0492,0.536,0.00614,0.105,0.398,90.036,3
spotify:track:3X6Td9MHihqUIlcsONRvLJ,"Astronaut Song","Astronaut Song","jomm;readyaimfire27",2025-06-27,187636,41,false,,2026-01-07T16:24:46Z,"","jomm records",0.659,0.568,4,-7.871,1,0.0526,0.474,0.0000417,0.118,0.624,137.694,4
spotify:track:2tRmDRpItPAeB56NgFUmpV,"Seaside Samba","Cidade Da Paixão","King Flamingo",2019,104045,48,false,,2026-01-06T21:40:04Z,"bossa nova","Soundstripe Productions LLC",0.776,0.399,5,-12.04,1,0.0451,0.237,0.412,0.0959,0.494,94.943,4
spotify:track:7oTaBk0IrTeO7dKlUIn1k1,"Morning Dance","Morning Dance","Spyro Gyra",1979-01-01,236466,56,false,,2026-01-04T14:17:51Z,"smooth jazz,jazz fusion,jazz,jazz funk,cool jazz","Amherst Records, Inc.",0.699,0.776,10,-7.283,0,0.0436,0.445,0.65,0.0978,0.838,101.692,4
spotify:track:6shg15e9NLgOH19ZJgYrZN,"MR. SANDMAN","MR. SANDMAN","Young Original",2025-12-05,130000,35,false,,2026-01-02T23:06:56Z,"","Coventry Carol",0.539,0.611,9,-8.599,1,0.0631,0.855,0.00000534,0.193,0.613,123.777,4
spotify:track:1QGpWSmDfEMqO95IFMFviv,"Kaião","Birds Who Run","Sean Angus Watson",2025-12-19,180000,42,false,,2026-01-02T22:53:11Z,"","Sean Angus Studios",0.5,0.119,4,-20.344,1,0.0382,0.976,0.948,0.0997,0.526,96.67,4
spotify:track:15ZPKfozmYG9jcPuA5CYyG,"Overjoyed","It's A New Dawn","Victory",2017-11-17,238640,32,false,,2025-12-30T20:30:50Z,"christian jazz,christian r&b","RocNation/Peace Music",0.527,0.199,3,-9.838,1,0.0388,0.767,0,0.126,0.461,105.189,5
spotify:track:4V8Qpg8beqyZQkQmsdFQ2u,"Grateful For - Piano Version","Amen (At The Piano)","Natalie Layne",2023-12-15,218533,42,false,,2025-12-22T14:30:58Z,"christian jazz,christian pop,ccm","Centricity Music",0.641,0.373,6,-5.824,1,0.0497,0.933,0.00000343,0.0984,0.637,83.697,4
spotify:track:5t6reWfzf0aOeMgVijYRGS,"Neighbor Song [Feat. Madison Cunningham]","Neighbor Song (ft. Madison Cunningham)","Lake Street Dive;Madison Cunningham",2023-10-06,220230,29,false,,2025-12-14T15:19:47Z,"","Fantasy",0.649,0.217,7,-9.826,1,0.0537,0.885,0.000026,0.108,0.444,75.542,4
spotify:track:54BTdSX1jqE366VPHeGfWh,"My Full Name","Ace","Madison Cunningham",2025-10-10,199520,40,false,,2025-12-14T14:06:37Z,"","Verve Forecast",0.471,0.173,3,-11.971,1,0.0303,0.921,0.0000333,0.089,0.388,99.606,4
spotify:track:0fZG0c6TzLUTnCYIjOQnOS,"If I'm Honest","Out Of My Mind","Trousdale",2023-09-15,162701,45,false,,2025-12-10T18:27:04Z,"","Independent Co.",0.488,0.572,8,-6.914,1,0.157,0.232,0,0.0637,0.551,202.149,4
spotify:track:394hVs6PgP6vboOjN2j90f,"Improviso","Projeto Memoria Brasileira : Viva Garoto","Garoto",2013-05-31,169533,40,false,,2025-12-01T15:31:18Z,"bossa nova,brazilian jazz","Nucleo Contemporaneo",0.502,0.102,5,-18.747,1,0.0483,0.991,0.951,0.116,0.39,72.55,4
spotify:track:2wtuucjI2nCf0Xbf5pGcx9,"Susan's Theme (Interlude)","Strange Harbors","Matt Block;Morton Block",2022-09-30,115874,34,false,,2025-12-01T15:12:22Z,"","La Reserve Records",0.307,0.153,0,-18.739,1,0.0409,0.976,0.889,0.117,0.264,67.616,3
spotify:track:7s2dWFnGSW2TyghkD6uvWb,"Farewell","Slice of life (人生のひとこま)","Erikson Jayanto",2020-08-07,142404,50,false,,2025-12-01T15:09:59Z,"indonesian jazz","Menyiur Records",0.429,0.241,11,-14.294,0,0.0265,0.967,0.94,0.326,0.311,157.945,3
spotify:track:2ho3ssuLPbjiJiNam3Cuob,"I'll Stay A Fool","Housecat & Sisyphus 55, Vol. 2","Housecat",2022-04-08,232801,25,false,,2025-12-01T14:54:59Z,"","Midnight Studios",0.49,0.0281,0,-26.744,1,0.0691,0.981,0.927,0.106,0.677,75.074,4
spotify:track:1S7QHvvLPCwxLuR5O6ysUl,"I've Been Low","Time in Thought","Housecat",2020-06-13,198530,4,false,,2025-12-01T14:27:55Z,"","1322809 Records DK",0.773,0.191,2,-21.869,1,0.0604,0.962,0.94,0.151,0.546,119.986,4
spotify:track:7IAC8d1MpiYgNqIdkVNnPo,"Disappear","Die 4 Ur Love (Deluxe)","Tei Shi",2020-12-11,179335,22,true,,2025-11-25T02:00:43Z,"art pop","Diktator Records",0.826,0.624,7,-8.386,1,0.25,0.784,0.00000173,0.112,0.894,115.94,4
spotify:track:0tuyEYTaqLxE41yGHSsXjy,"Won't Go Home Without You","It Won't Be Soon Before Long.","Maroon 5",2007-01-01,231173,72,false,,2025-11-24T19:55:21Z,"pop","Interscope Records*",0.738,0.614,3,-3.761,1,0.0318,0.0151,0,0.104,0.413,110.021,4
spotify:track:6HjoXmL9BiC1Cmb7oktz5N,"Wake Up Call","Sanctuary Point","Mel Blue",2023-03-10,224500,62,false,,2025-11-17T18:13:07Z,"","Nettwerk Music Group",0.909,0.595,10,-7.3,1,0.0729,0.271,0.0947,0.196,0.743,107.007,4
spotify:track:3POqTfHky5SIYc4wzgDd8j,"Nothing Lasts Forever","Hex Key","Mamalarky",2025-04-11,197933,39,false,,2025-11-17T18:12:05Z,"","Epitaph",0.706,0.571,5,-6.315,0,0.0856,0.0439,0.00000541,0.371,0.605,83.987,4
spotify:track:0a97182Qifw2VU2sQRTQML,"The Love Of A Rose","In Person","Vince Guaraldi",1963,163266,17,false,,2025-11-06T23:49:00Z,"jazz,cool jazz","Original Jazz Classics",0.645,0.613,8,-12.855,1,0.0289,0.699,0.377,0.0669,0.926,114.69,4
spotify:track:1gl2SfbVdKKp2eoFOzRS5O,"Waking up on a Picnic Blanket","The Sounds of Spring - EP","Lullatone",2015-05-09,162086,35,false,,2025-11-03T14:51:40Z,"","Lulla-Label",0.636,0.463,11,-13.66,1,0.0415,0.915,0.653,0.111,0.461,111.034,4
spotify:track:2J3JColoX5vc5P1m1JcErG,"Night or Day","Paint a Room","Chris Cohen",2024-07-12,199052,26,false,,2025-11-03T13:55:33Z,"neo-psychedelic","Hardly Art",0.619,0.621,10,-10.367,0,0.0322,0.275,0.702,0.127,0.887,80.938,4
spotify:track:4Ut2GO1Wj7eF1nSkVXys9I,"Call On Me","Son Of Spergy","Daniel Caesar",2025-10-24,169004,0,false,,2025-10-26T20:21:46Z,"","Republic Records",0.777,0.497,4,-7.797,1,0.0647,0.0828,0.000141,0.123,0.571,80.532,4
spotify:track:08FIY5lEg4cy6Cg29RbwaN,"Emily’s Song","Son Of Spergy","Daniel Caesar",2025-10-24,174735,0,false,,2025-10-26T19:35:30Z,"","Republic Records",0.71,0.31,7,-6.913,1,0.0325,0.655,0.00000537,0.0971,0.164,73.038,4
spotify:track:4iveM86TL9ombdSfV9T1P9,"Who Knows","Son Of Spergy","Daniel Caesar",2025-10-24,226283,0,false,,2025-10-26T19:17:23Z,"","Republic Records",0.668,0.255,5,-14.918,0,0.0347,0.738,0.0000228,0.356,0.367,120.907,4
spotify:track:0NZKfcua68wuZePhjp8N2I,"Root of all Evil","Son Of Spergy","Daniel Caesar",2025-10-24,265000,0,false,,2025-10-26T19:12:22Z,"","Republic Records",0.749,0.547,4,-7.759,1,0.0322,0.16,0.349,0.132,0.575,94.016,4
spotify:track:0ehUyxmxilVK6Wtr1JWXFo,"Baby Blue (Feat. Norwill Simmonds)","Son Of Spergy","Daniel Caesar;Norwill Simmonds",2025-10-24,357705,0,false,,2025-10-26T19:08:05Z,"christian jazz","Republic Records",0.516,0.428,9,-8.225,0,0.0271,0.81,0.000688,0.364,0.136,89.932,4
spotify:track:1mbuSss0OVqfS00y7yCNCZ,"Ruthless","Superclean, Vol. II","The Marías",2018-09-28,247455,64,false,,2025-10-12T13:37:45Z,"bedroom pop","Superclean Records",0.672,0.436,9,-11.743,1,0.0326,0.71,0.147,0.117,0.557,105.003,4
spotify:track:6AcPfK2urTXdUr0ukLz55I,"Apple Cider","Apple Cider","Alan Hsiao",2025-08-29,112154,19,false,,2025-09-29T13:01:27Z,"jazz pop,vocal jazz","Alan Hsiao",0.456,0.42,1,-8.726,1,0.0909,0.733,0.0000048,0.116,0.688,199.497,4
spotify:track:04v7ZYv0TQHluugW9Tzccy,"Dancer","Dancer","Claire Rosinkranz",2025-08-15,180117,58,false,,2025-09-29T12:45:40Z,"","Purple Monkey Recordz",0.854,0.499,1,-7.352,1,0.0605,0.0686,0.00309,0.129,0.76,128.023,4
spotify:track:3rfBxEjFrQD5tr7p9j6anJ,"Green & Blue","Green & Blue","Juicy Lemon Club",2025-09-12,221835,16,false,,2025-09-29T12:37:37Z,"nu disco","Juicy Lemon Club",0.818,0.598,8,-7.05,1,0.0534,0.586,0,0.108,0.759,103.96,4
spotify:track:5USPzZ01F1eJE6ycaRO0qX,"DREAMBOY","DREAMBOY","Gabriel",2025-08-22,158756,0,false,,2025-09-29T12:26:03Z,"retro pop","seraphim outputs limited. all rights reserved.",0.914,0.374,1,-10.227,1,0.0645,0.736,0.000476,0.0884,0.8,122.978,4
spotify:track:6sDfHXYooriF5LghtHlnoR,"Manoir de mes rêves","La petite famille","Samy Daussat",2013-08-26,234880,35,false,,2025-09-29T12:24:01Z,"french jazz","Label Ouest",0.807,0.487,7,-11.146,1,0.0476,0.877,0.876,0.1,0.387,101.503,4
spotify:track:0LSd9aoXZWKq54cvTk2ToS,"Must Be Nice!","Must Be Nice!","Wendlo",2025-06-06,208627,46,false,,2025-09-28T15:52:44Z,"","Wendlo",0.797,0.426,4,-6.638,1,0.197,0.882,0,0.0968,0.776,155.933,4
spotify:track:15j0lU4L9KfYkpLJMLu13a,"You Just Won't Give Me Love","You Just Won't Give Me Love","My Mom Is Here",2025-06-27,219839,34,false,,2025-09-25T23:13:43Z,"pop soul","Seiff Sare Records",0.709,0.276,10,-9.75,1,0.03,0.778,0,0.273,0.438,95.027,4
spotify:track:72zZfHPYx43shcP3eKkYi5,"Are You Gonna Be My Girl","Get Born (Deluxe Edition)","Jet",2003-09-14,213800,83,false,,2025-09-24T15:30:08Z,"","BMG Rights Management (US) LLC",0.606,0.957,2,-3.404,1,0.0814,0.00117,0.000295,0.14,0.603,105.105,4
spotify:track:0VO8gYVDSwM1Qdd2GsMoYK,"Moth To A Flame (with The Weeknd)","Paradise Again","Swedish House Mafia;The Weeknd",2022-04-15,234000,85,false,,2025-09-22T16:29:07Z,"edm","Republic Records",0.553,0.659,8,-7.295,1,0.0391,0.0027,0,0.105,0.105,120.146,4
spotify:track:6yljCYdn6RsTj8oWXPeJCl,"Tony Stark","Drugs","The Symposium",2014-10-31,177374,39,false,,2025-09-10T02:19:00Z,"","The Symposium",0.729,0.342,9,-15.138,1,0.301,0.0343,0.834,0.116,0.72,175.922,4
spotify:track:5oHBWkygMgZZSmR03pMgZp,"Night and Day","Night and Day","xander.;Rikard From",2025-07-18,133333,25,false,,2025-09-08T14:35:55Z,"lo-fi,lo-fi hip hop,lo-fi beats,christian lo-fi,jazz beats","Lofi Playground LLC",0.629,0.411,0,-14.04,1,0.041,0.718,0.904,0.113,0.168,143.956,4
spotify:track:2X3HOEEpkmApjUWpQ0jHp2,"Parallel","Parallel","simmerr",2024-06-26,236986,43,false,,2025-09-08T13:43:07Z,"","Big Match Records",0.663,0.471,0,-8.085,0,0.0424,0.412,0.0135,0.0964,0.765,83.031,4
spotify:track:58gPIRzKQteZDwUQKQAj0q,"It's Gonna Rain","Resistance","The Souljazz Orchestra",2015-09-04,307397,43,false,,2025-09-08T13:19:47Z,"soul jazz,afrobeat,jazz funk,brass band","Strut",0.52,0.701,0,-7.72,1,0.0336,0.75,0.446,0.146,0.912,127.742,5
spotify:track:1PdUyYYw9sGU0yhLrpeHKt,"Never Getting Laid","Man’s Best Friend","Sabrina Carpenter",2025-08-29,208211,76,true,,2025-09-04T23:37:05Z,"pop","Island Records",0.573,0.554,9,-6.021,1,0.0307,0.546,0.00000105,0.131,0.319,92.068,4
spotify:track:2XwjJPenyna7YyCzURSNLh,"Blue Sky","Blue Sky","Luke Tyler Shelton",2025-07-18,216615,44,false,,2025-09-03T19:44:11Z,"","Concord Records",0.494,0.498,9,-9.393,1,0.0298,0.809,0.0000279,0.115,0.725,92.581,4
spotify:track:0rMQBg3wDWZcKtjRnRxnmT,"Tora Moyo","Animaru","Mei Semones",2025-05-02,171658,50,false,,2025-09-03T19:36:33Z,"japanese indie,indie jazz","Bayonet Records",0.474,0.364,2,-10.714,1,0.0719,0.834,0.0000457,0.112,0.257,107.439,4
spotify:track:5UhkNRrD7irazpKbSuZ8R1,"Wasting Time With You","Wasting Time With You","Wendlo",2025-04-09,150983,39,false,,2025-08-28T23:06:35Z,"","Wendlo",0.821,0.346,10,-7.186,1,0.0469,0.802,0.00000287,0.1,0.609,81.999,4
spotify:track:7FFMC7dLdFQp3EXF6vFP2U,"Saffron Skies","Wings of the Dawn","Gen di Calabria",2025-01-10,125806,25,false,,2025-08-26T14:34:02Z,"","Art Of Silence",0.816,0.274,8,-10.219,0,0.0822,0.947,0.907,0.103,0.546,124.103,4
spotify:track:5NmBkXFDDRCWdopPXZPr0L,"People Settle Down","Massive Shoe","Way Dynamic",2025-08-22,197573,41,false,,2025-08-26T14:31:06Z,"","Spoilsport Records",0.812,0.554,8,-12.464,1,0.044,0.359,0.688,0.0706,0.957,127.871,4
spotify:track:4Nb71Jd20EzeumG92Cddba,"For Her","Again","iwamizu",2019-02-19,165000,29,false,,2025-08-26T14:16:40Z,"jazz beats","Ginseng Records Japon",0.746,0.473,11,-9.521,0,0.053,0.717,0.867,0.103,0.748,80.026,4
spotify:track:4kKqYk2nY5EJr7yweY0SZW,"Chicago Summer","Chicago Summer","Vulfmon;Evangeline;Woody Goss",2025-06-20,153465,0,false,,2025-08-26T14:03:33Z,"soul jazz","Vulf Records",0.871,0.531,1,-12.363,1,0.0621,0.539,0.00378,0.11,0.972,128.169,4
spotify:track:6ls5CB8bM1iXIwsOVjwYwN,"one more","one more","Tiny Habits",2023-03-01,223095,34,false,,2025-08-18T21:50:42Z,"","Harbour Artists & Music",0.719,0.326,6,-12.703,1,0.0359,0.881,0.00309,0.106,0.201,125.964,4
spotify:track:4pPIg10sInZx72jIF8a9aj,"Loving You Always (Live at The Bunker Studio)","Jackie Evans (Live at The Bunker Studio)","Jackie Evans",2025-05-09,142800,42,false,,2025-08-11T13:23:44Z,"","Jackie Evans",0.424,0.0606,9,-14.396,1,0.0425,0.971,0.000574,0.12,0.231,85.448,1
spotify:track:1l87HIlDZdO2Td1povzS3H,"Situation","The Programme (deluxe)","PREP",2025-08-01,254760,13,false,,2025-08-05T13:34:56Z,"","Bright Antenna",0.885,0.434,5,-10.641,1,0.0655,0.388,0.00122,0.0919,0.718,113.032,4
spotify:track:2t7qSoAZLrYWzWrjhDBhE4,"Big Time","Planet Pearl","Pearl & The Oysters",2024-09-20,226514,28,false,,2025-08-04T14:17:28Z,"","Stones Throw Records",0.827,0.489,2,-8.039,0,0.0377,0.0636,0.0000506,0.103,0.415,111.031,4
spotify:track:3byAQBsI5tP3Pt14DjSRGN,"Heart Shaped Box","Heart Shaped Box","Em9",2025-05-02,188528,27,false,,2025-08-04T13:16:38Z,"jazz beats","Chill Ghost",0.886,0.358,7,-13.431,1,0.122,0.863,0.901,0.0713,0.425,119.988,3
spotify:track:2SsY5k7UWFqgye3PUMG3Oq,"The Subway","The Subway","Chappell Roan",2025-08-01,252276,82,true,,2025-08-02T18:08:43Z,"","Chappell Roan PS/ Island",0.31,0.608,10,-6.225,1,0.0328,0.426,0,0.186,0.503,166.337,4
spotify:track:2J0TJU6O84BMibMKPZN4Y5,"Upon Arrival","Reach","Charlie Burg",2025-08-01,204832,12,false,,2025-08-02T12:44:03Z,"","Charlie Burg",0.834,0.578,9,-9.801,1,0.04,0.163,0.0671,0.123,0.924,125.969,4
spotify:track:3UKYTljIXlBUdcg0rPS98X,"Troublemaker","From Bad to Worse (And Back Again)","Black Pontiac",2022-09-09,204760,58,false,,2025-07-23T18:41:56Z,"","Black Pontiac",0.686,0.724,6,-6.033,1,0.0604,0.148,0,0.105,0.883,110.385,4
spotify:track:5TFymZXyf1nub50VQ1Hdlr,"Vivid","Vivid","cleaned",2024-02-28,231722,0,false,,2025-07-23T12:36:23Z,"","Playwright",0.649,0.591,8,-8.086,1,0.03,0.204,0.85,0.215,0.736,108.063,4
spotify:track:29SLgm7JGmmUm4wdCWxnC4,"For Keith","For Keith","Ola W Jansson;Kristoffer Wallin",2019-07-12,199750,30,false,,2025-07-09T04:28:58Z,"jazz,neoclassical","W Music Records",0.443,0.0196,0,-25.531,1,0.0385,0.994,0.92,0.115,0.316,133.535,4
spotify:track:3bJrWZqxmil3GHBrIN5ZXU,"Geezer","Blush","Kevin Abstract;Dominic Fike",2025-06-27,169776,0,true,,2025-07-01T14:56:12Z,"","Kevin Abstract",0.747,0.569,9,-5.422,1,0.0569,0.0414,0.00294,0.0833,0.73,82.503,4
spotify:track:0RW1UL8w8rjQkaIaljaFc5,"Photo ID (with Dominic Fike)","Photo ID (with Dominic Fike)","Remi Wolf;Dominic Fike",2021-03-03,207927,58,true,,2025-06-29T20:04:17Z,"","Island Records",0.747,0.822,1,-5.15,1,0.0893,0.192,0,0.288,0.862,115.937,4
spotify:track:27vkqUU7NtX33ysRUCvVK2,"Horizons","Cloudborne","Petmos",2024-12-20,137538,0,false,,2025-06-29T18:38:28Z,"","DuCley Music",0.845,0.234,6,-11.914,1,0.0847,0.974,0.918,0.11,0.469,129.915,4
spotify:track:6aQCqXQZoGTTgCwh3L0iUg,"Infinity","Infinity","Hohnen Ford",2022-07-15,167232,38,false,,2025-06-10T14:44:34Z,"","Young Poet",0.432,0.0745,2,-11.762,0,0.0377,0.955,0,0.106,0.355,159.517,4
spotify:track:6rGBWSCtMqurKFEvpa2lW2,"Don't Give Up","The Beauty of Survival","Foreign Fields",2020-03-20,233411,41,false,,2025-06-10T13:55:48Z,"ambient folk","Communion Records",0.757,0.388,3,-13.754,1,0.044,0.88,0.382,0.104,0.74,114.031,4
spotify:track:6R1CC4axzAD9cked6yZWWV,"Lucilla","Lucilla","illi mel",2024-02-09,165060,1,false,,2025-06-10T13:36:36Z,"ambient","Anthem Falls Music & Sonder House",0.751,0.269,1,-14.265,1,0.0453,0.885,0.945,0.111,0.438,159.951,4
spotify:track:50abI6Giy8knGxsfpHd5Zt,"King Street","Vanilla Sky","Eleni Drake",2020-10-09,218000,51,false,,2025-06-10T13:27:40Z,"","Singing Light Music / Wipe Out",0.571,0.348,4,-11.575,1,0.031,0.274,0.00000144,0.0791,0.431,149.962,4
spotify:track:6DvzkI3dZLJMN0QCwryF1C,"Cycles","Superkilen","Svaneborg Kardyb",2024-10-18,259970,58,false,,2025-06-09T13:50:54Z,"ambient jazz","Gondwana Records",0.635,0.12,9,-19.712,0,0.0858,0.889,0.939,0.109,0.327,102.69,4
spotify:track:1dmJWX0nWAx5gjDzAohSbO,"Cerca De Ti","Hoy Como Ayer","Hermanos Gutiérrez",2019-09-27,108617,70,false,,2025-06-09T13:15:57Z,"","Discos G",0.495,0.507,11,-10.704,0,0.0403,0.57,0.915,0.294,0.448,159.144,4
spotify:track:167gl31uOXmVYazZz5TDhx,"Changes","Changes","Mariachi Arco Iris",2020-08-14,202849,14,false,,2025-06-04T14:25:30Z,"mariachi","MuuseMe Sounds",0.664,0.412,0,-5.865,1,0.0275,0.515,0.911,0.154,0.397,114.999,4
spotify:track:4mH5oNojEmOswUGgCizDeb,"Lovely Day - Studio Rio Version","Studio Rio Presents: The Brazil Connection","Bill Withers;Studio Rio",2014-05-12,237933,52,false,,2025-06-04T14:10:29Z,"soul,bossa nova","Legacy Recordings",0.686,0.833,9,-5.449,1,0.0403,0.12,0.105,0.0894,0.897,97.671,4
spotify:track:4cBNIw5BOS3PgO5xknD8LN,"オン・ザ・サニー・サイド・オブ・ザ・ストリート","二人でお茶を～スイーツ＆ティータイム","ピーチ・コンセプション",2023-02-22,274520,33,false,,2025-05-27T15:23:33Z,"","Della",0.732,0.183,0,-17.957,1,0.0668,0.941,0.944,0.0848,0.275,98.006,4
spotify:track:3pOpZ3BStCHuixCYipeFyF,"Fine Di Un'Era","Oltreoceano","Collettivo Immaginario;Nicolò Masetto;Alberto Lincetto;Tommaso Cappellato;Mocky",2025-05-16,199639,35,false,,2025-05-27T14:55:10Z,"nu jazz,nu disco,indie soul","Domanda Music",0.601,0.632,0,-10.017,1,0.0307,0.311,0.968,0.223,0.864,148.075,4
spotify:track:2IFaUS63AIAr9P46W1lEwt,"IknowhowIfeel","Parcels","Parcels",2018-10-12,327399,69,false,,2025-05-26T13:33:55Z,"indie soul","Because Music",0.856,0.511,2,-10.413,0,0.0365,0.386,0.0334,0.0985,0.942,114.985,4
spotify:track:5233fZGEk0FY0AzdgLaWch,"Everyroad","Parcels","Parcels",2018-10-12,515886,43,false,,2025-05-26T13:17:44Z,"indie soul","Because Music",0.488,0.417,2,-12.078,1,0.0419,0.621,0.662,0.131,0.254,111.257,4
spotify:track:4baf8nL3B2t6MUd76qU0mL,"Deep Down","Azalea, Holly","Andrew Montana",2023-03-24,155026,24,false,,2025-05-23T00:37:03Z,"","Andrew Ryan Montana",0.709,0.216,8,-9.335,0,0.0391,0.896,0.000193,0.11,0.502,59.846,4
spotify:track:4yKvIwTl5ATNa17NOobHqh,"4 American Dollars","Heavy Light","U.S. Girls",2020-03-06,342035,38,false,,2025-05-12T16:44:42Z,"art pop","4AD",0.616,0.855,9,-4.691,0,0.0297,0.0522,0.00527,0.796,0.703,98.34,4
spotify:track:2wPSvML2ZV1F41ks2S4xMS,"I Just Died","The Secret To Life","FIZZ",2023-10-27,216710,31,false,,2025-05-07T15:22:32Z,"","Decca (UMO)",0.683,0.712,4,-6.5,1,0.0812,0.132,0,0.15,0.851,125.255,4
spotify:track:0xOxOAuTy6KCEp8Ov82Y9Z,"The Secret To Life","The Secret To Life","FIZZ",2023-10-27,172101,35,true,,2025-05-07T15:05:48Z,"","Decca (UMO)",0.555,0.901,7,-5.118,1,0.12,0.346,0,0.841,0.593,146.828,4
spotify:track:1Em3PnL2gm9cQ17Ei7nXMv,"A New Phase Awaits You :-)","The Secret To Life","FIZZ",2023-10-27,68670,23,false,,2025-05-07T15:05:46Z,"","Decca (UMO)",0.761,0.554,2,-13.859,1,0.117,0.0718,0.0000214,0.136,0.964,124.043,4
spotify:track:22kwPHgIvmPlPPigFXewZE,"Hell Of A Ride","The Secret To Life","FIZZ",2023-10-27,179416,35,false,,2025-05-07T15:03:03Z,"","Decca (UMO)",0.445,0.403,2,-7.601,1,0.0298,0.463,0.000248,0.11,0.165,97.546,4
spotify:track:4ymUJhziZLrUZJ2uQVL6kf,"Hurts to Be Alive","Songs from The Golden One","Whitmer Thomas",2020-02-21,222840,35,true,,2025-05-07T13:10:15Z,"","Hardly Art",0.681,0.712,9,-6.699,1,0.0496,0.0211,0.00488,0.591,0.515,110.056,4
spotify:track:2IhXds0wZkbklKo12XGhb4,"Romeo","Loving In Stereo","Jungle;Bas",2021-08-13,166200,53,true,,2025-04-23T18:29:44Z,"","Caiola Records",0.751,0.636,3,-6.536,0,0.0856,0.249,0,0.361,0.73,95.04,4
spotify:track:4rf0IVQDFjr27T4sgah5Pf,"Keep Moving","Loving In Stereo","Jungle",2021-08-13,240880,70,false,,2025-04-23T18:16:54Z,"","Caiola Records",0.723,0.604,10,-6.254,0,0.0319,0.179,0.000463,0.0939,0.562,111.497,4
spotify:track:3brPjGopZsgIJw5KkeeM3v,"Fracture (Arr. for Guitar by Sérgio Assad)","Fracture (Arr. for Guitar by Sérgio Assad)","Stephan Moccio;Plínio Fernandes",2024-09-13,238277,42,false,,2025-04-14T23:06:39Z,"classical","Decca Records US",0.383,0.0395,2,-26.162,1,0.0502,0.993,0.933,0.107,0.21,70.709,4
spotify:track:01yRkgF7l1pdFSCehiI7o9,"Estrellita (Arr. Abril & Barrueco for Guitar)","Ponce: Estrellita (Arr. Abril & Barrueco for Guitar)","Manuel Ponce;Alexandra Whittingham",2024-02-09,176585,49,false,,2025-04-07T13:00:27Z,"","Decca Music Group Ltd.",0.475,0.0379,2,-20.291,1,0.0502,0.995,0.956,0.116,0.298,84.372,3
spotify:track:0QVvZNHwBOPAGXgUfkfL5P,"Concierto De Aranjuez","Concierto (CTI Records 40th Anniversary Edition)","Jim Hall",1975,1160400,40,false,,2025-04-02T15:10:29Z,"jazz,cool jazz,jazz ballads,hard bop","Masterworks Jazz",0.516,0.165,2,-22.397,0,0.0354,0.928,0.878,0.109,0.228,130.431,4
spotify:track:35YKu1VD7WrWHlrdVbfpzx,"Merry Go Round of Life (Arr. Koseki) - From ""Howl's Moving Castle""","Cinema - Movie Themes For Classical Guitar","Kaori Muraji",2019-03-22,242946,34,false,,2025-04-02T14:12:11Z,"japanese classical","Decca Music Group Ltd.",0.404,0.19,4,-20.213,0,0.047,0.992,0.899,0.117,0.346,93.803,4
spotify:track:0epCLaBdYaUrRMI3n90KGZ,"Le Café de la Nuit","Van Gogh","LucasGitanoFamily",2024-08-16,332805,36,false,,2025-04-02T13:52:54Z,"flamenco","LucasGitanoFamily",0.601,0.25,7,-16.692,1,0.0483,0.914,0.902,0.102,0.277,77.522,4
spotify:track:3aeLySG1mMkSdY9hNevalT,"Lotus Eaters","Air & Ground","Andrew York;Los Angeles Guitar Quartet",2000-02-14,211266,15,false,,2025-04-02T13:39:02Z,"japanese classical","Sony Classical",0.569,0.247,4,-20.397,1,0.0418,0.958,0.837,0.134,0.826,139.893,4
spotify:track:0WqAEKV3SftcJoRnFMJdAS,"Samba","Spectrum","vision string quartet",2021-08-27,276500,32,false,,2025-04-02T13:25:18Z,"","Warner Classics",0.819,0.252,2,-16.564,1,0.103,0.96,0.922,0.0927,0.897,101.821,4
spotify:track:6KE4QXE06QDEn7zRFkpxdk,"Don't Know Why","One Quiet Night","Pat Metheny",2003,187786,5,false,,2025-04-02T13:09:56Z,"jazz fusion,jazz,jazz ballads","Nonesuch",0.367,0.23,7,-16.453,1,0.0418,0.875,0.866,0.106,0.198,204.883,4
spotify:track:6N5cTk5omhhvIDmdeoGS4H,"Uma Prece (A Prayer)","Solo in Rio 1959","Luiz Bonfá",2005-02-22,156226,34,false,,2025-03-31T13:11:12Z,"bossa nova,brazilian jazz,latin jazz","Smithsonian Folkways Recordings",0.627,0.062,11,-22.288,0,0.0541,0.929,0.889,0.124,0.477,110.472,4
spotify:track:687YZan9Gol1UVvbpUSO6Y,"I Wish","Songs In The Key Of Life","Stevie Wonder",1976-09-28,252373,71,false,,2025-03-30T14:54:03Z,"motown,classic soul,soul","UNI/MOTOWN",0.821,0.721,10,-10.401,0,0.0515,0.0816,0.00000737,0.0664,0.885,105.866,4
spotify:track:3S2CLXMqZvrikqslQ0Zca2,"A Certain Smile","Solo Guitar","Ted Greene",1977-01-01,262133,43,false,,2025-03-27T12:44:12Z,"jazz ballads","Art of Life Records",0.321,0.13,3,-21.409,1,0.0406,0.985,0.945,0.095,0.152,80.002,3
spotify:track:6tf58iVb191LBeOPUUzJ9G,"Seringueiro [1]","Solo in Rio 1959","Luiz Bonfá",2005-02-22,173546,29,false,,2025-03-27T00:17:00Z,"bossa nova,brazilian jazz,latin jazz","Smithsonian Folkways Recordings",0.568,0.0229,2,-28.063,1,0.0434,0.974,0.00244,0.11,0.462,114.253,4
spotify:track:2TFR3D1oIC0XPblTF2w8sb,"Bricks and Wedges","Bricks and Wedges","Emma Harner",2024-08-23,244040,0,false,,2025-03-22T22:57:13Z,"","Emma Harner",0.466,0.301,11,-10.575,1,0.0351,0.63,0.000369,0.12,0.306,107.626,4
spotify:track:1MMPjL15s8zSB787xGGePp,"Ti Vedo","Ti Vedo","Robert Gafforelli",2024-03-22,157655,62,false,,2025-03-19T23:45:42Z,"","Robert Gafforelli",0.371,0.0278,3,-27.342,1,0.0349,0.987,0.937,0.103,0.317,64.187,4
spotify:track:1PtA8lZU4M6tsAaEtn3Hgm,"Too Much Space","Increments","Paper Void",2016-07-10,414306,9,false,,2025-03-17T23:46:40Z,"neo soul,jazz fusion","Hke Records",0.443,0.335,0,-15.628,1,0.0504,0.17,0.000775,0.105,0.232,145.568,4
spotify:track:42Dvo910Rj43IijSxDFQTy,"boo hoo","boo hoo","NIA NADURATA",2024-06-20,166987,38,false,,2025-03-17T15:14:52Z,"","Arts & Crafts Productions Inc.",0.753,0.697,11,-6.866,0,0.0748,0.251,0.00000126,0.088,0.541,140.903,4
spotify:track:0Thqjtu54vKMP06pwZkAWp,"G.O.M.D","2014 Forest Hills Drive","J. Cole",2014-12-09,301064,74,true,,2025-03-12T23:40:31Z,"rap","Roc Nation Records LLC",0.889,0.4,4,-10.586,0,0.26,0.322,0.0000132,0.331,0.336,128.073,4
spotify:track:2lFNqLw3uPUP5IgRzuC2ti,"Hotel California - Live at the Roadrunner","The If It All Goes South Tour (Live)","Sammy Rae & The Friends",2023-08-11,280800,29,false,,2025-03-11T19:38:30Z,"pop soul","Nettwerk Music Group",0.433,0.593,0,-9.23,1,0.113,0.819,0,0.688,0.461,86.662,4
spotify:track:5akbN5oAUrlGwP5J8ErqJ3,"On the Ground","On the Ground / Trapped Awake","Yot Club",2025-03-05,196308,31,false,,2025-03-10T20:12:52Z,"bedroom pop","Many Hats Distribution",0.798,0.466,2,-11.604,1,0.0435,0.143,0.842,0.157,0.66,121.02,4
spotify:track:7AD1bh1BMsojsTEMJqfURN,"The Yellow Jacket","7Summers","Shaun Martin",2015-07-07,364585,48,false,,2025-03-10T20:05:18Z,"jazz fusion,jazz,jazz funk","Ropeadope",0.599,0.718,2,-15.403,1,0.0374,0.292,0.912,0.138,0.221,113.998,3
spotify:track:2PDbclpGtfoghWjQF0q5cW,"Buzz Me In","Juno","Remi Wolf",2021-10-15,166317,50,false,,2025-03-09T15:33:18Z,"","Island Records",0.609,0.777,9,-7.712,1,0.0636,0.0148,0.0746,0.153,0.546,164.024,4
spotify:track:0F2na0Tm3uTwLQZI8xE7V6,"Crash Cart","En Garde","Ethan Gruska",2020-01-24,164858,20,false,,2025-03-09T11:38:19Z,"","Warner Records",0.503,0.451,2,-14.548,1,0.0877,0.773,0.0109,0.12,0.308,103.3,4
spotify:track:6UeCjzfLUBhHOtney81sPn,"Don't Think Twice, It's Alright","The Beat Goes On","Emilie-Claire Barlow",2010-10-12,280529,60,false,,2025-03-07T12:45:23Z,"french jazz,vocal jazz,jazz,bossa nova,smooth jazz","Empress Music Group",0.66,0.437,8,-10.716,0,0.0466,0.906,0.00128,0.101,0.796,95.902,4
spotify:track:1musbempyJAw5gfSKZHXP9,"Anxiety","Anxiety","Doechii",2025-03-05,249302,79,true,,2025-03-05T19:14:21Z,"","Top Dawg Entertainment/Capitol Records",0.808,0.594,0,-6.838,1,0.0373,0.338,0.00054,0.105,0.888,129.023,4
spotify:track:5w6EvyvomUSWsF430iixmc,"街のドルフィン","midnight cruisin'","Kingo Hamada",1982-10-21,232893,64,false,,2025-03-03T14:08:57Z,"city pop","WM Japan",0.73,0.535,9,-9.71,1,0.0308,0.255,0.00503,0.0695,0.492,122.537,4
spotify:track:6xl52ErKTebAhTyH01MiE1,"Lose Control","it's Franky baby!","Young Franco;EARTHGANG;Jafunk",2025-01-24,156302,61,true,,2025-03-03T14:03:51Z,"funky house,nu disco","Universal Music Australia Pty. Ltd.",0.639,0.585,6,-7.469,0,0.36,0.111,0.000522,0.345,0.641,113.063,4
spotify:track:13hpAXFkVqLaLU7YZH8NvI,"Lavender Haze","Lavender Haze","Strutman Lane",2024-01-21,226237,41,true,,2025-03-03T13:59:31Z,"","Down the Lane Records",0.721,0.72,8,-4.82,1,0.0325,0.0476,0.000513,0.149,0.909,112.021,4
spotify:track:4LNc4Rf4TG3YeHzt3sulGI,"Dawn","Dawn","Vulfmon;Jacob Jeffries;Harrison Whitford",2025-01-22,194335,0,false,,2025-02-24T19:56:20Z,"","Vulf Records",0.728,0.531,8,-5.457,1,0.0563,0.443,0,0.414,0.801,124.99,4
spotify:track:6kPlJin20h5oPJs3VwsFnP,"Idle Hands","Soft Times","Matt Duncan",2013-01-15,233315,25,false,,2025-02-24T19:52:10Z,"retro soul","Soul Step Records | Hop Hop",0.796,0.363,10,-7.774,1,0.0347,0.814,0.00106,0.0988,0.814,124.979,4
spotify:track:7L0f0a5KWsCNH3AJDFam7a,"Know By Now","Easy Way To Lose","Ray Bull",2023-10-27,265849,39,false,,2025-02-23T14:21:54Z,"","Ray Bull",0.513,0.804,0,-7.575,1,0.0422,0.00348,0.00331,0.192,0.773,164.987,4
spotify:track:18O6JtPq1Z0vMVkUUEI0CM,"Let's Get Breakfast","Overwhelmed and Underdressed","Walter Mitty and His Makeshift Orchestra",2011-11-20,114157,30,false,,2025-02-19T19:09:55Z,"folk punk,anti-folk","Making New Enemies and Many Hats Distribution",0.81,0.37,1,-14.024,0,0.0721,0.397,0.0605,0.106,0.283,106.132,4
spotify:track:4CI9vuamEmApRTG9qcBp7H,"Staring 'Cross the Water","Juniper","Juniper",2017-09-12,178345,32,false,,2025-02-19T18:04:21Z,"","The Jiggy Blue",0.625,0.373,2,-8.514,1,0.0641,0.838,0.000931,0.241,0.683,103.612,4
spotify:track:6U7GUjtamt2P0LcFod1dBT,"Mas Que Nada","Timeless","Sérgio Mendes;Black Eyed Peas",2006-01-01,262840,72,false,,2025-02-12T23:54:25Z,"brazilian jazz,bossa nova,samba","Concord Records",0.747,0.928,5,-6.107,0,0.0824,0.0297,0.00000175,0.113,0.87,100.065,4
spotify:track:2LvyYVUQUrmA4MzEFeqUzb,"Don't You Forget","Tropical Disco","Starwolf",2024-08-08,217533,49,false,,2025-02-10T15:16:54Z,"","Moon Castle Records",0.693,0.645,6,-8.394,1,0.0427,0.556,0.937,0.0998,0.787,102.447,4
spotify:track:0qoGSoAsSDo29dyWBfsdtC,"Desmos Sounds Like a Church Organ...","Sounds from Desmos","LiteBeats",2025-01-09,93808,13,false,,2025-02-09T03:14:17Z,"","LiteBeats",0.0521,0.000113,8,-23.881,1,0.0916,0.958,0.926,0.0996,0,62.778,3
spotify:track:3eNfjouyFU9bTAeBB4eirf,"Funeka","Funeka","Cooks But We're Chefs",2023-10-27,243000,25,false,,2025-02-05T14:40:56Z,"jazz rap,experimental jazz","Secret Fun",0.513,0.852,10,-7.394,0,0.0998,0.103,0.000965,0.099,0.539,123.707,4
spotify:track:3JKuE1yi9eE9eh8EiP6E7K,"Wall St","Wall St","Boys Go To Jupiter",2023-12-01,233025,24,false,,2025-02-04T01:42:49Z,"","Many Hats Distribution",0.462,0.762,5,-5.883,1,0.191,0.157,0.00000299,0.823,0.686,124.923,4
spotify:track:2NypCBazBS9PPRW0939Wux,"Enough for Now (feat. Phoebe Bridgers)","En Garde","Ethan Gruska;Phoebe Bridgers",2020-01-24,196394,35,false,,2025-02-04T00:23:04Z,"","Warner Records",0.523,0.652,11,-8.597,1,0.14,0.142,0.000132,0.356,0.561,168.933,4
spotify:track:3u1Er1rkjn1oSz1xdZH3ZD,"Call It What You Want","Torches","Foster The People",2011-05-23,238786,66,false,,2025-02-01T20:25:08Z,"","Columbia",0.641,0.967,5,-4.289,0,0.0601,0.0483,0.000276,0.442,0.725,113.017,4
spotify:track:0ZPSWCj2jKGP3ebyEd5O0v,"Hot Venom","Tell It to the Volcano","Miniature Tigers",2009-09-22,170520,0,false,,2025-01-29T19:31:18Z,"","Modern Art Records",0.576,0.516,2,-6.562,1,0.0346,0.287,0,0.29,0.786,84.99,4
spotify:track:3sl4dcqSwxHVnLfqwF2jly,"Hello (feat. Dragonette)","Hello","Martin Solveig;Dragonette",2010-12-14,191387,73,false,,2025-01-23T01:41:13Z,"french house","Big Beat Records/Atlantic",0.665,0.975,3,-3.47,1,0.0345,0.0135,0.000925,0.105,0.452,128.011,4
spotify:track:6G03vyXV3PPZCHE2hNmcTi,"Analogue","Analogue/ I Heard","Folk Bitch Trio",2023-06-01,226164,0,false,,2025-01-18T13:37:23Z,"","Independent",0.472,0.458,1,-6.722,1,0.0287,0.691,0.000123,0.118,0.17,91.057,4
spotify:track:1eTqpWYQf5w5osZizi2I5b,"Lost Ones","Dr. Dog","Dr. Dog",2024-07-19,270927,32,false,,2025-01-15T19:40:11Z,"","We Buy Gold Records",0.503,0.722,7,-8.184,1,0.0334,0.0357,0.000456,0.153,0.539,109.496,4
spotify:track:3MBZ0BaWosUjsn40TeYYk5,"Suzanne","Suzanne","Bermuda Triangle",2017-10-03,177704,41,false,,2025-01-15T12:48:11Z,"","Blackfootwhitefoot Records",0.799,0.48,9,-9.839,1,0.069,0.533,0.0158,0.131,0.635,113.428,4
spotify:track:0fdaw54L9HswP2QVYJjnx6,"concrete","concrete","Orion Sun",2021-10-13,212000,0,true,,2025-01-14T21:32:22Z,"alternative r&b,bedroom pop","Mom+Pop",0.724,0.599,0,-7.032,1,0.101,0.512,0.00291,0.101,0.861,147.987,4
spotify:track:5RH2dMtfkxzzPOBxwM7Uj9,"Good Luck Babe","Good Luck Babe","Earth Kenan",2024-09-02,235500,33,false,,2025-01-10T15:57:51Z,"yacht rock","Kenan Salazar Music House",0.755,0.545,7,-10.756,1,0.0326,0.572,0,0.185,0.918,119.98,4
spotify:track:4en3xAIagTLEs5bu4gWIY2,"I Guess Time Just Makes Fools of Us All","Mahashmashana","Father John Misty",2024-11-22,515500,49,false,,2025-01-06T15:21:08Z,"","Sub Pop Records",0.638,0.733,7,-6.976,1,0.0419,0.00533,0.000869,0.274,0.884,105.005,4
spotify:track:4p3sIGdKAgRqrTvu3IpGnl,"DEATH ROLL","Alligator Bites Never Heal","Doechii",2024-08-30,139259,58,true,,2025-01-06T13:37:38Z,"","Top Dawg Entertainment/Capitol Records",0.558,0.737,1,-6.732,0,0.267,0.00268,0.00000199,0.184,0.226,83.927,4
spotify:track:6Raz653SzfvRokSgYg9yxY,"Send In The Clowns","Solo Guitar","Ted Greene",1977-01-01,299880,36,false,,2025-01-05T02:14:25Z,"jazz ballads","Art of Life Records",0.4,0.0314,8,-27.25,1,0.0356,0.989,0.908,0.106,0.105,66.235,4
spotify:track:41P6Tnd8KIHqON0QIydx6a,"the perfect pair","Beatopia","beabadoobee",2022-07-15,177533,85,false,,2025-01-01T22:58:52Z,"bedroom pop","Dirty Hit",0.634,0.663,11,-6.818,1,0.0331,0.433,0.124,0.102,0.6,146.053,4
spotify:track:3zpGIFghtnVlwMXWyKW474,"Fire In The Sky","Shang-Chi and The Legend of The Ten Rings: The Album","Anderson .Paak",2021-09-03,201786,58,false,,2024-12-29T20:38:17Z,"","MARVEL/Hollywood Records, Inc./Interscope Records",0.668,0.856,1,-6.386,0,0.0453,0.0837,0.0446,0.096,0.737,79.008,4
spotify:track:48XkVAagIoQHCsOlJtXUd5,"still feel.","Now, Not Yet","half•alive",2019-08-09,247787,64,false,,2024-12-28T19:37:47Z,"","half·alive/RCA Records",0.779,0.516,10,-6.467,0,0.0521,0.148,0,0.0492,0.715,120.026,4
spotify:track:0Z9TabbOQDOZuWSUOwZ9cI,"Cathy","Songs About You Specifically","MICHELLE",2024-09-27,206060,39,true,,2024-12-28T18:38:29Z,"bedroom pop","Atlantic Records",0.893,0.473,1,-7.508,0,0.032,0.67,0.00212,0.0922,0.958,98.991,4
spotify:track:1Z3RQFrjlpxtD0vXuLRQJD,"What Is The Time","Lamp Lit Prose","Dirty Projectors",2018-07-13,195773,24,false,,2024-12-26T19:53:28Z,"art pop","Domino Recording Co",0.757,0.415,5,-3.827,1,0.0801,0.397,0.000492,0.0741,0.606,78.062,4
spotify:track:2wiZZuYDtb24XEhR3ivsIl,"Speech Bubble","Flyte","Flyte",2023-10-27,234040,40,false,,2024-12-19T15:28:11Z,"","Nettwerk Music Group",0.786,0.247,0,-12.287,1,0.0363,0.912,0.0214,0.109,0.373,123.053,4
spotify:track:4nP77hDwOT3IMsiwwL7ksn,"I Can't Help It","säje","säje",2023-08-25,241786,25,false,,2024-12-17T13:00:08Z,"vocal jazz,soul jazz","sajevoices",0.579,0.514,1,-10.54,1,0.0659,0.714,0.000334,0.132,0.631,120.459,4
spotify:track:4RgMyZb1frf45zF2BSjMD4,"Broken Harvest","Broken Harvest","Madison Cunningham",2021-02-03,287439,32,false,,2024-12-17T12:50:39Z,"","Verve Forecast",0.475,0.427,9,-11.252,0,0.0305,0.749,0.0216,0.162,0.461,182.961,3
spotify:track:5eC8NnYiXta8Tv8dgbcLjq,"Subtitles","Subtitles","Madison Cunningham",2023-10-13,245172,24,false,,2024-12-17T12:47:08Z,"","Verve Forecast",0.581,0.537,5,-6.648,1,0.0268,0.155,0.00363,0.0865,0.678,147.991,4
spotify:track:2BStkLc319RLLKVtYoZ9dd,"The Way That You Feel","New Ways","Leif Vollebekk",2019-11-01,230346,42,false,,2024-12-15T02:07:40Z,"","Secret City Records",0.625,0.113,8,-13.379,1,0.0487,0.846,0.193,0.14,0.35,137.806,4
spotify:track:6kDyRP48g1KWahq8irqZF9,"Sweet to Dream","Summer's Over","Jordana;TV Girl",2021-10-13,175000,62,false,,2024-12-13T15:21:39Z,"","Summer's Over",0.488,0.489,8,-12.933,0,0.0375,0.594,0.509,0.106,0.611,159.856,4
spotify:track:5Y83ottE4aKu09VYQR7dn4,"Something To You","Lady & The Champs","Natalie Wilson",2024-10-04,252699,39,false,,2024-12-09T14:54:46Z,"","5185324 Records DK2",0.582,0.571,9,-8.299,1,0.0383,0.108,0.000784,0.0603,0.521,70.171,4
spotify:track:5vNRhkKd0yEAg8suGBpjeY,"APT.","APT.","ROSÉ;Bruno Mars",2024-10-18,169917,88,false,,2024-11-30T19:40:57Z,"k-pop","Atlantic Records",0.777,0.783,0,-4.477,0,0.26,0.0283,0,0.355,0.939,149.027,4
spotify:track:2dono2Koz7DEvGwxUsmMLq,"Linger - SiriusXM Session","Linger / Heading For The Door (Sirius XM Session)","Royel Otis",2024-05-31,186000,78,false,,2024-11-26T00:48:21Z,"indie","OURNESS PTY LTD",0.404,0.393,2,-6.607,1,0.0262,0.806,0.000443,0.0938,0.403,98.217,4
spotify:track:5EeqvDL2BckMvhbNtOEHAh,"Letting Go","Light, Dark, Light Again","Angie McMahon",2023-10-27,210381,57,false,,2024-11-25T14:31:38Z,"","Gracie Music",0.485,0.753,10,-6.652,1,0.0548,0.443,0.00912,0.121,0.601,170.043,4
spotify:track:1009LeU2Wb7rDvbNnN4pXT,"La Ciruela","Desilusión","Nico Play",2022-11-02,197166,56,false,,2024-11-25T13:43:01Z,"","Nico Play",0.657,0.164,3,-10.995,0,0.0511,0.873,0.000174,0.115,0.364,133.691,3
spotify:track:2lXqwlG8za1sWKgHRwEiEC,"Passing Through (Can't the Future Just Wait)","Passing Through (Can't the Future Just Wait)","Kaden MacKay",2021-12-11,193190,65,false,,2024-11-21T12:08:51Z,"","Kaden MacKay",0.54,0.151,6,-16.929,0,0.145,0.905,0.00000325,0.203,0.666,86.434,4
spotify:track:6mCpVm2N5ZhKKgCXuJJhEN,"paralyzed","sounds like you're still here","Souly Had",2024-02-09,121440,47,false,,2024-11-19T01:08:30Z,"","Souly Had",0.665,0.334,7,-9.479,1,0.0798,0.855,0,0.116,0.573,81.626,4
spotify:track:29EdNlJQqStWhNkSGpkuFQ,"Something Stupid (From ""Better Call Saul"")","Something Stupid (From ""Better Call Saul"")","Lola Marsh",2018-10-05,268846,58,false,,2024-11-19T01:03:11Z,"","Madison Gate Records",0.646,0.467,4,-9.507,1,0.0273,0.622,0.000274,0.081,0.501,103.962,4
spotify:track:6ibSWqU0gfg8J5qxjepe9W,"Call Me Wild","The Lucky One","Cory Wong;dodie",2023-08-18,184957,34,false,,2024-11-18T14:37:39Z,"funk,jazz funk,jazz fusion","Roundwound Media, LLC.",0.725,0.794,10,-7.255,0,0.0425,0.382,0.461,0.289,0.962,116.01,4
spotify:track:6HSWkEJvYsSxueiCVmL1Q2,"Remind Me","Scenery","Emily King",2019-02-01,243826,36,false,,2024-11-18T13:58:49Z,"pop soul","ATO Records",0.701,0.592,11,-7.624,1,0.293,0.182,0.000455,0.224,0.409,195.471,4
spotify:track:0T0fkqReu2aO2H0VPUPWTo,"Baby I'm Yours - Digitally Remastered","Cass Elliot (With Bonus Tracks)","Cass Elliot",2009-05-17,152360,64,false,,2024-11-18T13:37:22Z,"","RCA Records Label",0.518,0.487,4,-11.032,1,0.032,0.376,0.00000121,0.0985,0.821,202.695,4
spotify:track:3lcJPmQ1lgliU4aLOnrOot,"Santa Barbara Pier","Sean Bertram","Sean Bertram",2021-09-17,201960,35,false,,2024-11-18T13:33:41Z,"","Sean Bertram",0.642,0.316,1,-11.517,1,0.125,0.472,0.00000819,0.254,0.501,83.888,4
spotify:track:6BGzemPbDUuD5OI9QrjPWD,"Bad News","Bad News","HALFnHALF",2023-10-13,136392,38,false,,2024-11-18T13:31:42Z,"","SwaggyStudios",0.742,0.413,0,-8.563,1,0.308,0.203,0,0.111,0.375,92.211,4
spotify:track:18YFuod5RergPaN1p89s6d,"Cherry Tree","Future Self Only Dreams","Certainly So",2021-03-05,191093,11,false,,2024-11-17T14:34:02Z,"","Beef Records",0.541,0.358,4,-11.522,1,0.0401,0.768,0.0136,0.258,0.146,128.821,4
spotify:track:1bCFgapvqHqqcuQXgnP94L,"Joanie","Sling","Clairo",2021-07-16,285697,48,false,,2024-11-15T19:02:21Z,"bedroom pop","Republic Records",0.416,0.074,2,-20.01,1,0.0407,0.957,0.899,0.123,0.0476,121.24,3
spotify:track:6thXydmPxnHkSzdeI4mFEi,"Paranoia Purple","Dawn","Yebba",2021-09-10,273596,42,false,,2024-11-15T01:52:08Z,"","RCA Records Label",0.356,0.291,5,-10.577,1,0.0293,0.942,0.00139,0.0922,0.15,141.814,4
spotify:track:7gyEo8okigsNt9Nn2ArUWR,"It Might Have To Be You","It Might Have To Be You","Vulfmon;Evangeline",2024-11-14,167855,0,false,,2024-11-15T01:46:36Z,"soul jazz","Vulf Records",0.914,0.396,10,-8.532,1,0.0635,0.618,0.00191,0.125,0.747,105.009,4
spotify:track:5CBqLg9XdeEHcknJX0fZIJ,"Paul - 2023 Remaster","Masterpiece (2023 Remaster)","Big Thief",2016,183894,70,true,,2024-11-12T22:51:55Z,"","4AD",0.473,0.342,11,-8.568,1,0.0343,0.134,0.0000347,0.115,0.225,123.472,4
spotify:track:3CmcswzHOACDjooV1KLULN,"Better Distractions","I Know I'm Funny haha","Faye Webster",2021-06-25,249985,60,false,,2024-11-12T22:45:23Z,"","Secretly Canadian",0.701,0.52,6,-9.541,1,0.0243,0.0654,0.0147,0.0916,0.566,96.372,4
spotify:track:47vI1cO9PjRjL52mgd2iN8,"Questions","Ways To Get Out","Far Caspian",2021-10-08,220546,45,false,,2024-11-11T16:42:09Z,"lo-fi indie,dream pop","Tiny Library Records under exclusive licence to AllPoints",0.494,0.895,5,-6.683,1,0.0585,0.127,0.872,0.121,0.229,141.263,4
spotify:track:72i7dwVrHdfDnr3qmINh5U,"Postcards From Hell","Loaded","The Wood Brothers",2008-01-01,284862,55,false,,2024-11-09T19:09:47Z,"bluegrass,newgrass,americana,folk","Blue Note Records",0.465,0.242,9,-10.46,1,0.0298,0.955,0.0223,0.126,0.315,102.812,4
spotify:track:667uaTTEGzwDzldU3OzIWG,"Stay High (Childish Gambino Version)","Jaime (Reimagined)","Brittany Howard;Childish Gambino",2021-07-23,218400,40,false,,2024-11-06T20:31:43Z,"","Promised Land Recordings",0.845,0.656,9,-5.794,1,0.0488,0.163,0.000273,0.153,0.761,122.989,3
spotify:track:35D1RA5uVFVhMc1qX80TaQ,"Balloon (feat. Doechii)","CHROMAKOPIA","Tyler, The Creator;Doechii",2024-10-28,154261,71,true,,2024-11-05T17:09:56Z,"","Columbia",0.437,0.868,6,-3.03,1,0.112,0.731,0,0.234,0.475,111.774,4
spotify:track:3GdwjAsCsoE79ObhsJFyYb,"I Killed You","CHROMAKOPIA","Tyler, The Creator",2024-10-28,168420,63,true,,2024-11-04T23:24:24Z,"","Columbia",0.749,0.896,2,-4.909,1,0.219,0.356,0.00075,0.267,0.447,97.121,4
spotify:track:0VaeksJaXy5R1nvcTMh3Xk,"Darling, I (feat. Teezo Touchdown)","CHROMAKOPIA","Tyler, The Creator;Teezo Touchdown",2024-10-28,253834,74,true,,2024-11-04T21:37:18Z,"","Columbia",0.373,0.818,3,-3.19,0,0.102,0.36,0,0.434,0.361,97.571,4
spotify:track:1QoyuMHNBe7lg3YW4Qtll4,"St. Chroma (feat. Daniel Caesar)","CHROMAKOPIA","Tyler, The Creator;Daniel Caesar",2024-10-28,197019,76,true,,2024-11-04T19:02:37Z,"","Columbia",0.576,0.884,0,-5.058,1,0.555,0.357,0,0.368,0.373,150.45,4
spotify:track:02ANn1PGqPTRyDzBxej6A3,"Rites of Passage (From ""The Kids of Rutherford County"")","Rites of Passage (From ""The Kids of Rutherford County"")","The Blasting Company",2024-04-24,127431,10,false,,2024-11-04T13:11:15Z,"","The Blasting Company",0.272,0.279,2,-10.538,1,0.0348,0.245,0.922,0.07,0.194,144.013,4
spotify:track:4ROYC4vHfPZ28mqz0eLrzL,"Kaleidoscope","The Rise and Fall of a Midwest Princess","Chappell Roan",2023-09-22,222650,63,false,,2024-11-04T02:38:03Z,"","Chappell Roan PS/ Island",0.413,0.258,11,-7.257,1,0.0302,0.897,0,0.0801,0.289,136.271,4
spotify:track:3OsrfBSArPIfUXAO6sXd8i,"You Forced Me To","Older","Lizzy McAlpine",2024-04-05,183796,47,false,,2024-10-31T00:58:08Z,"","Indigo Blue/RCA Records",0.712,0.228,1,-13.616,0,0.0279,0.94,0.00113,0.132,0.471,95.988,3
spotify:track:4RpoYe85npfGZ9JEzTdzx8,"Belles","Brave & Afraid","Marques Martin",2020-08-28,220147,37,false,,2024-10-28T23:13:00Z,"","Operator Records",0.74,0.769,7,-7.608,1,0.0331,0.0132,0.0375,0.18,0.544,97.983,4
spotify:track:1gVgkQFOKa8Wc1HYsJtPdH,"More Than Words","Extreme II - Pornograffitti","Extreme",1990-01-01,334106,81,false,,2024-10-27T16:07:16Z,"glam metal","A&M",0.626,0.134,6,-14.898,1,0.0298,0.467,0,0.113,0.239,91.893,4
spotify:track:31Ibnnvnb7TjmTheOXcNA8,"Banana Song - London Session","Banana Song - London Session","Sam Greenfield;The Swingles",2022-08-12,334205,21,false,,2024-10-24T17:22:35Z,"jazz funk,jazz fusion","ONErpm",0.427,0.763,6,-4.111,1,0.148,0.403,0.000014,0.153,0.569,199.757,4
spotify:track:2NZUXUA8gGmXXw5MayF63k,"TAKE A CHANCE (feat. Anderson .Paak)","NOT TiGHT","DOMi & JD BECK;Anderson .Paak",2022-07-29,264412,44,true,,2024-10-23T14:25:39Z,"jazz fusion","Blue Note Records",0.476,0.778,1,-9.19,1,0.166,0.827,0.247,0.156,0.453,157.404,4
spotify:track:5Dild55fDJq1VthU1RQvF2,"Tell Me","Tell Me","Greg Kramer;Otieno Terry",2020-07-09,245816,38,false,,2024-10-23T02:08:26Z,"","Krameroriginals",0.49,0.391,0,-8.558,1,0.0292,0.0961,0.187,0.118,0.372,143.915,4
spotify:track:0CtVKn43bnXL7IGnwSihds,"imperfect for you - acoustic","eternal sunshine (slightly deluxe and also live)","Ariana Grande",2024-10-01,183133,42,true,,2024-10-03T00:02:42Z,"pop","Republic Records",0.564,0.33,4,-9.003,1,0.0284,0.724,0,0.167,0.321,149.955,3
spotify:track:0NQEzguxVbjYvVeveED6s3,"Lately I've Been Wondering","If I'm Gonna See You","Sean Angus Watson",2018-08-29,242500,51,false,,2024-10-02T19:09:21Z,"","Sean Angus Studios",0.409,0.23,9,-18.971,1,0.035,0.968,0.955,0.109,0.3,137.989,3
spotify:track:4IU1RL4BKvFyXtbTwaHAvW,"Ventura Highway","Homecoming","America;George Martin",1972,211680,83,false,,2024-09-29T13:29:57Z,"yacht rock,soft rock,folk rock","Warner Records",0.611,0.761,2,-5.929,1,0.0283,0.104,0.0002,0.122,0.838,130.705,4
spotify:track:7LG6dQGMIDFKV1SazzWGjK,"Let There Be Light","Justice","Justice",2007-06-11,295946,48,false,,2024-09-29T12:48:26Z,"french house,new rave","Ed Banger Records",0.612,0.889,8,-3.28,1,0.0545,0.00012,0.0275,0.185,0.0452,122.991,4
spotify:track:5kzRXQmVJInqpJHRipAhnh,"The Balcony","The Balcony","LILO",2020-07-10,197166,2,false,,2024-09-29T00:55:41Z,"","Independent",0.353,0.296,4,-12.581,0,0.0315,0.929,0.000517,0.116,0.312,144.004,4
spotify:track:6ewmug2oxkGO9duM0zhhC0,"Just Waiting","Just Waiting","Cinya Khan",2019-07-08,220265,12,false,,2024-09-29T00:54:18Z,"","Cinya Khan",0.719,0.233,9,-16.047,1,0.109,0.866,0.00197,0.107,0.334,97.014,4
spotify:track:0E0sPvYdTVNF9aPzkgjScx,"Mentos and Coke","Songs About You Specifically","MICHELLE",2024-09-27,169950,37,false,,2024-09-27T13:26:07Z,"bedroom pop","Atlantic Records",0.572,0.803,3,-5.995,1,0.0547,0.731,0.168,0.0978,0.663,203.958,3
spotify:track:600TwtWzMtu8algRtMrzMU,"Dropout","Songs About You Specifically","MICHELLE",2024-09-27,164146,37,false,,2024-09-27T13:26:03Z,"bedroom pop","Atlantic Records",0.789,0.9,5,-5.423,0,0.0642,0.204,0.146,0.0807,0.702,87.984,4
spotify:track:7dFcP5EbR1nVtM27YnSjG7,"Toro","Big Ideas","Remi Wolf",2024-07-12,175666,68,false,,2024-09-25T23:50:51Z,"","Remi Wolf PS",0.679,0.669,1,-4.469,1,0.063,0.0176,0.00000211,0.0679,0.933,108.98,4
spotify:track:33yAEqzKXexYM3WlOYtTfQ,"D.A.N.C.E.","Justice","Justice",2007-06-11,242266,69,false,,2024-09-25T19:27:43Z,"french house,new rave","Ed Banger Records",0.613,0.962,6,-5.07,0,0.278,0.034,0,0.824,0.496,113.015,4
spotify:track:6I6QkE2UVSj9YX48oRrD6e,"GOOD TIMES","GOOD TIMES / PROBLEMZ","Jungle",2022-05-30,181312,66,false,,2024-09-23T17:43:05Z,"","Caiola Records",0.629,0.947,11,-4.414,0,0.0592,0.0856,0.0262,0.328,0.659,133.007,4
spotify:track:7CRbJKXckb0Fmm8zKLfV1T,"Cold-Hearted Man","Cold-Hearted Man","Sammy Rae & The Friends",2023-06-09,212755,31,false,,2024-09-23T12:58:24Z,"pop soul","Nettwerk Music Group",0.6,0.371,9,-7.569,0,0.0419,0.857,0.00000424,0.134,0.382,119.375,4
spotify:track:2xQ4E3UyfoD4mxR4DsD8tD,"wildflowers","wildflowers","Ethan Regan",2023-05-06,212884,0,true,,2024-09-23T12:36:46Z,"","Ethan Regan Music",0.855,0.507,2,-7.371,1,0.129,0.505,0,0.359,0.66,130.12,4
spotify:track:0RYJnTy9kC4KreZKEGRDdd,"Mrs. Robinson","Bridge Over Troubled Water","Paul Desmond",1969-01-01,160280,41,false,,2024-09-20T00:53:37Z,"cool jazz,jazz,bossa nova,jazz ballads,brazilian jazz","A&M JAZZ",0.534,0.366,1,-15.239,1,0.0435,0.653,0.528,0.145,0.724,101.828,1
spotify:track:1yhZw1Cprfmikxqk5184mB,"I'm from Kenner (Live)","MY N.Y.","Jon Batiste;Stay Human",2011-10-28,164964,21,false,,2024-09-20T00:50:07Z,"","Naht Jona, LLC",0.638,0.293,10,-18.406,0,0.143,0.841,0.0705,0.705,0.941,107.411,4
spotify:track:7lbmRARJSjx3ksLOQubloP,"Samurai Cowboy","The Gate","Kurt Elling",2011-01-01,204653,13,false,,2024-09-20T00:49:54Z,"vocal jazz,jazz,jazz ballads","Concord Jazz",0.926,0.202,5,-17.266,0,0.216,0.37,0,0.0945,0.861,134.95,3
spotify:track:3tML0isKJJ3DJUQKcm3L0e,"The Man Who Sees Tomorrow","The Man Who Sees Tomorrow / Lodarore","Uwade",2021-04-16,211733,32,false,,2024-09-19T00:09:38Z,"","1447980 Records DK",0.257,0.213,11,-11.787,1,0.0364,0.77,0,0.363,0.209,55.309,3
spotify:track:5TnodoKN3XEi80i2ZeCh1y,"Nostalgia","Nostalgia","Uwade",2019-09-12,229432,39,false,,2024-09-19T00:00:15Z,"","1447980 Records DK",0.781,0.285,9,-11.742,0,0.042,0.54,0.0000386,0.107,0.173,116.954,4
spotify:track:2ya75bvL17SgjKvytJrBAm,"Used To Be Lonely","Forever Turned Around","Whitney",2019-08-30,228960,36,false,,2024-09-18T23:33:36Z,"","Secretly Canadian",0.566,0.405,8,-9.053,1,0.0288,0.876,0.0125,0.0928,0.365,103.467,4
spotify:track:5KkoM9rbevlWf8EePOrwfS,"Drinking Song","I Need to Start a Garden","Haley Heynderickx",2018-03-02,195845,47,false,,2024-09-18T23:16:35Z,"","Mama Bird Recording Co.",0.621,0.219,0,-11.305,1,0.0381,0.89,0.000014,0.111,0.253,120.495,3
spotify:track:6fbQ0UYHQS2CFQ85hOyXVM,"Honeybody","Sonderlust","Kishi Bashi",2016-09-16,266453,49,false,,2024-09-18T15:06:45Z,"","Joyful Noise Recordings",0.392,0.408,5,-9.779,1,0.0396,0.776,0.156,0.113,0.509,74.646,4
spotify:track:1lORkxEMmsCZqhoxcmk3A3,"Nothing","To Let A Good Thing Die","Bruno Major",2020-06-05,162797,74,false,,2024-09-17T17:18:53Z,"","Bruno Major",0.555,0.27,2,-15.892,1,0.0888,0.931,0.544,0.103,0.271,139.681,3
spotify:track:3S7cmBrLOuvCDdA1hy6r3g,"A First Day of Spring","A First Day of Spring","pedram",2022-08-09,212000,39,false,,2024-09-16T13:02:05Z,"jazz house","peddy.ai",0.331,0.0429,1,-22.39,1,0.0439,0.986,0.907,0.0956,0.0629,65.52,4
spotify:track:5iFT235WznPRAR0Csw3kom,"Burnt Around The Edges","Gumbo","The Junk Experiment",2021-11-26,308571,1,false,,2024-09-13T13:22:31Z,"","Stoned Poet Society",0.561,0.424,10,-11.867,0,0.0823,0.246,0.0000341,0.0536,0.68,112.178,5
spotify:track:5kezlJNDGWAV8AhEZLqn0A,"I Took The L","Johnny","John Roseboro",2023-04-05,174843,38,false,,2024-09-12T12:01:00Z,"bossa nova,indie jazz","Public Confession Art House",0.505,0.378,11,-14.176,0,0.0735,0.871,0.112,0.0952,0.635,94.06,4
spotify:track:4PyOWO1P456jVZtE9dN5af,"Right Now","Right Now","Twisted Pine",2020-08-14,222766,14,false,,2024-09-11T15:57:31Z,"newgrass,bluegrass","Signature Sounds Recordings",0.82,0.304,9,-8.172,1,0.0413,0.244,0.0000314,0.0824,0.318,109.065,4
spotify:track:4DFLuzA1MLPFxo6OAYI7ub,"Papaya","Right Now","Twisted Pine",2020-08-14,297000,20,false,,2024-09-10T02:02:40Z,"newgrass,bluegrass","Signature Sounds Recordings",0.749,0.326,10,-10.31,0,0.0801,0.506,0.00944,0.127,0.49,90.113,4
spotify:track:2hKnW3SMsVWhXoSYLXn01G,"Lovegod","Lovegod","Sarah Kinsley",2023-05-12,188065,56,false,,2024-09-09T13:55:46Z,"","Sarah Kinsley Verve Forecast",0.271,0.647,1,-7.615,1,0.0401,0.233,0.000014,0.113,0.163,185.867,4
spotify:track:2utuiIeFCJWBcJ8CZCtDh1,"Preferably Forever","Gumbo","The Junk Experiment",2021-11-26,197250,21,false,,2024-09-09T13:12:38Z,"","Stoned Poet Society",0.432,0.236,4,-13.343,1,0.107,0.689,0,0.113,0.385,199.845,4
spotify:track:2QWMlZTBznsuJKMUIKoz95,"Pernambuco","Solo in Rio 1959","Luiz Bonfá",2005-02-22,101360,44,false,,2024-09-06T11:49:27Z,"bossa nova,brazilian jazz,latin jazz","Smithsonian Folkways Recordings",0.713,0.0832,4,-23.894,0,0.0598,0.926,0.885,0.108,0.884,112.688,4
spotify:track:4uoyydtazvhxngJ6Ez6eEX,"Brown Eyes","West Side Highway","Melt",2021-02-19,235998,38,false,,2024-09-06T00:51:05Z,"indie soul,pop soul","Melt Records",0.661,0.353,7,-8.264,0,0.0292,0.711,0.0000291,0.135,0.253,77.945,4
spotify:track:5oIVNm56t6OIf9ZjdEG3ud,"Coincidence","Short n' Sweet","Sabrina Carpenter",2024-08-23,164202,73,false,,2024-08-31T14:49:10Z,"pop","Island Records",0.418,0.815,9,-6.216,1,0.125,0.362,0,0.125,0.758,77.862,4
spotify:track:0wLShWQOl0WWL8RBc3ZQtG,"Concerto for Guitar","Introspection","Luiz Bonfá",1972-10-01,193653,38,false,,2024-08-30T12:12:16Z,"bossa nova,brazilian jazz,latin jazz","RCA/Legacy",0.354,0.258,11,-17.525,0,0.0487,0.991,0.884,0.095,0.174,144.038,3
spotify:track:0Cn4UhpHhgf88eWaS9nn5u,"Uncle ACE","Cupid Deluxe","Blood Orange",2013-11-18,256693,65,false,,2024-08-27T23:40:32Z,"art pop","Domino Recording Co",0.742,0.945,5,-6.445,1,0.0428,0.0639,0.165,0.131,0.742,112.977,4
spotify:track:6erM0iK1QJH7Qaw29Vzqow,"Confirmation","Confirmation / I Turned Away","Westerman",2018-03-28,209309,0,false,,2024-08-27T23:32:40Z,"","Partisan Records",0.776,0.357,8,-11.651,1,0.0376,0.936,0.342,0.0645,0.385,121.991,4
spotify:track:4HCcvFdHfwR2u3WPPPVRv6,"Green & Gold","Blood","Lianne La Havas",2015-07-17,278200,60,false,,2024-08-27T23:20:43Z,"alternative r&b,soul,pop soul","WM UK",0.683,0.4,7,-8.458,1,0.052,0.212,0.000324,0.55,0.262,93.966,4
spotify:track:1m7dBXRT9sndeZjVonOdfa,"Do You Wanna Party","Do You Wanna Party","FLEECE",2023-06-22,192752,40,false,,2024-08-25T11:52:20Z,"","Blue Heron Music",0.699,0.621,4,-5.909,1,0.0267,0.276,0.036,0.552,0.656,98.03,4
spotify:track:4tpTHnlb4l7mMZk0X4UOw9,"Never Enough","Never Enough","Telula",2024-05-18,196527,10,false,,2024-08-25T11:45:38Z,"","Telula Records",0.741,0.613,0,-9.578,1,0.0597,0.108,0.203,0.144,0.904,107.994,4
spotify:track:7FQCZ5i5bmQ76LoGHyVcX0,"Talk It Up","The Good Life","Sammy Rae & The Friends",2018-07-10,238480,58,false,,2024-08-24T14:16:12Z,"pop soul","Nettwerk Music Group",0.524,0.733,7,-4.669,1,0.0938,0.593,0,0.0931,0.674,112.716,4
spotify:track:46kXlOq68HXFrhkxGV6qtI,"All Falls Down","Older","Lizzy McAlpine",2024-04-05,171842,58,false,,2024-08-20T13:53:15Z,"","Indigo Blue/RCA Records",0.691,0.583,5,-7.008,1,0.0365,0.41,0.000845,0.0942,0.646,127.97,4
spotify:track:3MZjOGeXhpHbQ9ESMNFFnH,"Honeybee","The 2¢ Show","Steam Powered Giraffe",2012-05-23,309000,53,false,,2024-08-19T18:45:28Z,"","Steam Powered Giraffe",0.352,0.186,1,-11.568,1,0.0346,0.871,0.00000114,0.13,0.216,87.919,4
spotify:track:3u9NgKj0mhqYMyt7JvIIKT,"À Cabo","À Cabo","Pomplamoose;Larry Goldings",2023-07-20,227027,36,false,,2024-08-18T17:25:17Z,"jazz,jazz ballads","Pomplamoose",0.762,0.568,1,-13.044,0,0.0505,0.715,0.509,0.272,0.758,148.025,4
spotify:track:1To829onYmL63wLNtU7Zm8,"4 Leaf Clover (feat. Steve Lacy)","Crush EP","Ravyn Lenae;Steve Lacy",2018-02-09,220100,53,true,,2024-08-15T14:20:20Z,"alternative r&b,indie soul","Atlantic Records/Three Twenty Three Music Group",0.665,0.537,7,-7.847,1,0.132,0.0145,0.00183,0.0663,0.836,154.385,3
spotify:track:1Wi1XpdZzGVIdRTzlTrIEF,"Soup","Big Ideas","Remi Wolf",2024-07-12,213116,76,false,,2024-08-14T15:31:17Z,"","Remi Wolf PS",0.65,0.686,6,-4.611,1,0.0569,0.0103,0.000599,0.0619,0.559,119.937,4
spotify:track:1OimzlKVRx75TZtPZiGAGK,"From Scratch","Bird's Eye","Ravyn Lenae",2024-08-09,205773,49,false,,2024-08-14T15:13:17Z,"alternative r&b,indie soul","Atlantic Records",0.677,0.593,1,-10.075,1,0.0399,0.0702,0.0416,0.125,0.341,96.957,4
spotify:track:4YUkUocIFAeZznwprEAsxM,"Dream Girl","Bird's Eye","Ravyn Lenae;Ty Dolla $ign",2024-08-09,219051,53,false,,2024-08-14T15:01:46Z,"alternative r&b,indie soul,trap soul","Atlantic Records",0.703,0.595,7,-8.621,1,0.0371,0.112,0.000532,0.122,0.48,111.966,4
spotify:track:7sb94ZGWPLYRaVYRqOgfQC,"Theatre","The Death Of Summer & Other Promises","Etta Marcus",2024-01-26,179037,51,false,,2024-08-14T13:25:00Z,"","Polydor Records",0.506,0.564,1,-5.628,1,0.0348,0.101,0,0.281,0.143,139.987,4
spotify:track:2Fa9ea7JFK1gyYFs9sFrtM,"Dummy","Chris Black Changed My Life","Portugal. The Man",2023-06-23,145093,60,false,,2024-08-14T13:14:27Z,"","Atlantic Records",0.747,0.649,11,-5.807,0,0.0419,0.0139,0.00333,0.115,0.774,91.05,4
spotify:track:6tAHoWuZoM6QprTo61SBne,"Got To Be Mine","Dot","Vulfmon;Evangeline",2024-07-23,188114,27,false,,2024-08-04T12:58:56Z,"soul jazz","Vulf Records",0.791,0.758,7,-7.323,1,0.0527,0.217,0.022,0.349,0.888,96.146,4
spotify:track:10iitQYW9a3qWkYPexjA3U,"Little Thunder","Dot","Vulfmon;Jacob Jeffries;Harrison Whitford",2024-07-23,194429,5,false,,2024-08-04T12:52:35Z,"","Vulf Records",0.62,0.447,9,-7.865,1,0.0298,0.0309,0.00382,0.356,0.548,124.485,4
spotify:track:4JlDJCUzDQqxfpc0fTaem3,"Letting Things Go","Dot","Vulfmon;Evangeline",2024-07-23,152339,15,false,,2024-08-04T12:52:31Z,"soul jazz","Vulf Records",0.689,0.285,5,-14.362,1,0.282,0.981,0.0425,0.11,0.633,115.811,4
spotify:track:1H26eTheLo3Flr7KIdtSce,"Moondog","Moondog","Leif Vollebekk",2024-05-23,305640,41,false,,2024-07-31T17:33:26Z,"","Secret City Records",0.434,0.434,2,-13.233,1,0.0598,0.493,0.000434,0.104,0.217,167.307,4
spotify:track:2xb1HCvRkwY0vof2Z6VMe9,"More Than This","Songs From The Analog Playground","Charlie Hunter;Norah Jones",2001-01-01,250666,57,false,,2024-07-31T14:08:26Z,"jazz funk,acid jazz,jazz pop","Blue Note Records",0.716,0.179,7,-17.765,1,0.041,0.483,0.0000303,0.116,0.539,115.881,4
spotify:track:1TOkTAMMNdDvelTxZeMpLD,"Plant the Garden","Fake Romantic","Melt",2024-07-17,222059,9,false,,2024-07-24T18:44:10Z,"indie soul,pop soul","Melt Records",0.599,0.691,10,-7.443,1,0.0316,0.0326,0,0.0907,0.88,95.089,4
spotify:track:5LJSDkXPvfJguFmyAv8T89,"Coming Home Song","No Rulebook","Sammy Rae & The Friends",2024-07-12,200964,13,false,,2024-07-24T18:32:38Z,"pop soul","Nettwerk Music Group",0.631,0.596,5,-5.426,1,0.0378,0.457,0.0000515,0.0746,0.367,117.1,3
spotify:track:3T4erXTe5hAvvSnXWB72Yl,"Thieves","No Rulebook","Sammy Rae & The Friends",2024-07-12,209512,12,false,,2024-07-24T18:29:22Z,"pop soul","Nettwerk Music Group",0.436,0.597,11,-3.966,1,0.0562,0.0476,0.0208,0.149,0.322,172.189,4
spotify:track:4OVZT61Hd24Q4p1cux4BJ3,"No Rulebook","No Rulebook","Sammy Rae & The Friends",2024-07-12,233564,28,false,,2024-07-24T18:18:08Z,"pop soul","Nettwerk Music Group",0.73,0.315,11,-7.831,0,0.119,0.292,0.00416,0.0828,0.485,137.782,4
spotify:track:1chmZUBdfxoLWN1LCZ6HLO,"Bashed Out","Bashed Out","This Is The Kit",2015-04-07,221120,35,false,,2024-07-24T00:29:08Z,"","Brassland",0.493,0.335,4,-13.179,0,0.0315,0.955,0.0954,0.104,0.189,136.606,4
spotify:track:4lovbNtAeIxtXWy9bwEsQk,"Steps Beach","Bando Stone and The New World","Childish Gambino",2024-07-19,228896,54,false,,2024-07-19T16:58:03Z,"","Wolf+Rothstein/RCA Records",0.648,0.397,11,-10.437,0,0.0586,0.622,0.00000618,0.476,0.362,99.644,4
spotify:track:4E5vZdpmmjcOrQXz8JzOXa,"Just the Start","Big Ideas","Remi Wolf",2024-07-12,139683,39,false,,2024-07-19T15:31:38Z,"","Remi Wolf PS",0.446,0.418,5,-8.145,1,0.0568,0.933,0,0.291,0.608,115.921,3
spotify:track:7IRVlaBdKQ45AjWO7SmMMh,"Kangaroo","Big Ideas","Remi Wolf",2024-07-12,234482,47,false,,2024-07-19T15:13:53Z,"","Remi Wolf PS",0.694,0.825,1,-4.156,0,0.126,0.112,0,0.303,0.624,127.981,4
spotify:track:4CwrFUDEMDVRf3wNLwB5cY,"Foreign Ties","Future Self Only Dreams","Certainly So",2021-03-05,266653,43,false,,2024-07-17T11:50:11Z,"","Beef Records",0.64,0.678,1,-8.874,0,0.066,0.122,0.0000934,0.647,0.79,91.179,4
spotify:track:3kMrazSvILsgcwtidZd1Qd,"Bulletproof","La Roux","La Roux",2009,205733,78,false,,2024-07-16T13:29:39Z,"","Polydor Records",0.674,0.882,3,-2.771,0,0.0477,0.000441,0.0000662,0.068,0.682,123.017,4
spotify:track:7eNynetsjM4rSbW5AdA5u4,"Time Out","Open","Lambert",2022-05-13,184389,28,false,,2024-07-15T12:13:01Z,"neoclassical,contemporary classical,minimalism","Mercury Classics",0.403,0.0641,5,-27.095,0,0.0417,0.983,0.936,0.0998,0.203,78.597,4
spotify:track:4s61VMU3mdiVd56SnI3qJ0,"How It Is","Cannonball!","Sen Morimoto",2018-05-18,264475,9,false,,2024-07-11T14:01:43Z,"","88Rising Music / Sooper Records",0.695,0.533,11,-9.62,1,0.144,0.509,0.000126,0.184,0.604,93.063,3
spotify:track:70ufZ2LbHrAV4yxq5h9zFq,"Crane Song","Crane Song","TOLEDO",2018-01-30,289200,37,false,,2024-07-09T11:51:32Z,"","TOLEDO",0.458,0.365,9,-11.876,1,0.0387,0.58,0.0316,0.164,0.103,118.041,4
spotify:track:0y8e8muEHphzSaE7kDiYvn,"Harvest Moon","Harvest Moon","The Brothers Comatose;AJ Lee & Blue Summit",2022-10-28,282000,56,false,,2024-07-08T17:05:43Z,"bluegrass,newgrass,americana","Swamp Jam Records",0.672,0.316,4,-10.945,1,0.036,0.377,0.00419,0.112,0.527,119.289,4
spotify:track:75IN3CtuZwTHTnZvYM4qnJ,"My Name Is","The Slim Shady LP","Eminem",1999-02-23,268400,76,true,,2024-07-07T12:51:38Z,"rap,hip hop","Aftermath",0.869,0.68,1,-6.233,1,0.318,0.0416,0.00000112,0.0914,0.815,85.519,4
spotify:track:6BgwOHkiUb7e8zgsP1M66v,"Let The Good Times Roll","Pink Strat","Bahamas",2009-07-21,94053,25,false,,2024-07-04T18:42:05Z,"","Brushfire Records/Universal",0.703,0.186,9,-15.688,0,0.0468,0.906,0.633,0.104,0.243,115.936,4
spotify:track:3MRc1ubY6Gim3x0uVrPvBF,"Mamma Mia","Mamma Mia","Austin Weber",2018-09-09,209560,11,false,,2024-07-04T17:59:10Z,"","Specific Northwest",0.766,0.499,9,-8.731,1,0.0341,0.0103,0.00000222,0.116,0.92,129.976,4
spotify:track:754kgU5rWscRTfvlsuEwFp,"Kiss Me","Sixpence None The Richer","Sixpence None The Richer",1997-11-22,208680,87,false,,2024-07-04T00:21:26Z,"","Curb | Word",0.526,0.749,3,-6.964,1,0.0283,0.023,0.00000176,0.0692,0.421,99.982,4
spotify:track:2qCRXP0tE2x8OFWQYi8JGA,"Caroline","Caroline","Junior Mesa",2023-03-24,169878,29,false,,2024-07-03T13:48:19Z,"","Nice Life Recording Company",0.298,0.514,5,-7.801,1,0.0332,0.492,0.00153,0.227,0.4,102.513,4
spotify:track:0atclF6Pp5MffEEi7CSFlE,"Bad Love","Blue Skies","Dehd",2022-05-27,150824,53,false,,2024-07-03T13:46:15Z,"","Fat Possum",0.623,0.766,4,-7.445,1,0.0531,0.103,0.0193,0.158,0.55,153.15,4
spotify:track:3z49BSA3G1371doAevPhdD,"Garden Gate","Act 1: The Wandering","Mon Rovîa",2023-07-06,119301,0,false,,2024-07-03T13:44:42Z,"","Mon Rovîa",0.671,0.362,4,-13.674,1,0.0389,0.952,0.181,0.17,0.568,155.893,4
spotify:track:4xdBrk0nFZaP54vvZj0yx7,"HOT TO GO!","The Rise and Fall of a Midwest Princess","Chappell Roan",2023-09-22,184841,77,false,,2024-07-02T03:05:31Z,"","Chappell Roan PS/ Island",0.742,0.757,6,-4.981,1,0.0421,0.0187,0,0.305,0.957,139.982,4
spotify:track:7FOgcfdz9Nx5V9lCNXdBYv,"Red Wine Supernova","The Rise and Fall of a Midwest Princess","Chappell Roan",2023-09-22,192720,80,true,,2024-07-02T03:05:26Z,"","Chappell Roan PS/ Island",0.657,0.82,9,-4.448,1,0.0441,0.0176,0,0.0847,0.709,124.041,4
spotify:track:53IRnAWx13PYmoVYtemUBS,"Femininomenon","The Rise and Fall of a Midwest Princess","Chappell Roan",2023-09-22,219710,76,true,,2024-07-02T03:05:25Z,"","Chappell Roan PS/ Island",0.609,0.758,0,-4.885,0,0.0525,0.139,0.00000538,0.11,0.236,124.949,4
spotify:track:2KnuaZYoGzDoHiBTNYOTXG,"Billie Bossa Nova","Happier Than Ever","Billie Eilish",2021-07-30,196730,78,false,,2024-07-01T03:26:37Z,"","Darkroom/Interscope Records",0.895,0.389,7,-11.036,0,0.11,0.222,0.0346,0.105,0.549,110.023,4
spotify:track:0q6LuUqGLUiCPP1cbdwFs3,"On Melancholy Hill","Plastic Beach","Gorillaz",2010-03-05,233866,81,false,,2024-06-23T20:23:52Z,"","Parlophone UK",0.689,0.739,2,-5.81,1,0.026,0.0000151,0.509,0.064,0.578,120.423,4
spotify:track:0HAqq2GcQKyi3s87GuN7jU,"Amoeba","Sling","Clairo",2021-07-16,228922,76,false,,2024-06-21T21:30:33Z,"bedroom pop","Republic Records",0.739,0.491,6,-11.515,1,0.027,0.791,0.0366,0.1,0.707,111.008,4
spotify:track:306xT15GTuDs3NyopIANrh,"My Fun","My Fun","Suki Waterhouse",2024-04-11,162291,57,false,,2024-06-21T21:09:43Z,"","Sub Pop Records",0.445,0.699,4,-5.217,1,0.134,0.115,0.00263,0.274,0.847,174.078,4
spotify:track:6sOK9LnvTTj4E2ZGzhKTQo,"Good Life","The Good Life","Sammy Rae & The Friends",2018-07-10,236000,56,false,,2024-06-19T20:10:22Z,"pop soul","Nettwerk Music Group",0.429,0.798,3,-5.361,0,0.0836,0.537,0,0.0676,0.393,99.482,4
spotify:track:2HYFX63wP3otVIvopRS99Z,"Houdini","Houdini","Eminem",2024-05-31,227239,77,true,,2024-06-19T20:00:20Z,"rap,hip hop","Shady/Aftermath/Interscope Records",0.936,0.887,9,-2.76,0,0.0683,0.0292,0.00000188,0.0582,0.889,127.003,4
spotify:track:7zkLpY72g6lKQbiHDqri1S,"Sunrise","Feels Like Home","Norah Jones",2004-01-01,200626,76,false,,2024-06-17T00:52:19Z,"jazz pop","Blue Note Records",0.526,0.299,8,-13.797,1,0.031,0.941,0.097,0.106,0.679,156.848,4
spotify:track:5Q2NSH76qzSqBf9nfHzdl1,"mama's knee","On Loving Earth","OHMA",2024-04-26,202000,27,false,,2024-06-15T12:49:27Z,"ambient jazz","Astral Projections",0.273,0.0476,1,-25.54,1,0.0431,0.956,0.857,0.321,0.369,85.701,4
spotify:track:1AgKm1bLfkByxpONHlaLLk,"Up Top","Uncommon Good","Busty and the Bass",2017-09-08,277550,54,false,,2024-06-14T20:24:50Z,"retro soul","Lighter Than Air",0.83,0.732,7,-5.907,1,0.0605,0.158,0.0000673,0.387,0.766,115.043,4
spotify:track:5AJ9hqTS2wcFQCELCFRO7A,"MILLION DOLLAR BABY","MILLION DOLLAR BABY","Tommy Richman",2024-04-26,155151,85,false,,2024-06-10T17:42:55Z,"","PULSE Records",0.852,0.697,1,-5.52,0,0.0439,0.0973,0.00037,0.0678,0.919,138.029,4
spotify:track:7o8vTKpUe6GvlssjGhZk7d,"Human","Human","dodie;Tom Walker",2019-01-18,202721,45,false,,2024-06-10T14:31:30Z,"","doddleoddle",0.665,0.287,8,-14.923,1,0.04,0.938,0.149,0.103,0.386,133.924,4
spotify:track:6dOtVTDdiauQNBQEDOtlAB,"BIRDS OF A FEATHER","HIT ME HARD AND SOFT","Billie Eilish",2024-05-17,210373,95,false,,2024-06-09T22:29:47Z,"","Darkroom/Interscope Records",0.747,0.507,2,-10.171,1,0.0358,0.2,0.0608,0.117,0.438,104.978,4
spotify:track:7hyXvklwSf9ceS0EpV6ial,"City Kitty","Rolodex","French Cassettes",2020-12-11,216000,43,false,,2024-06-08T16:55:39Z,"","Tender Loving Empire",0.648,0.528,0,-10.335,1,0.0296,0.419,0.000591,0.126,0.731,86.017,4
spotify:track:0ZDwhNFZnPx9EIPCcwGUHC,"Hell N Back (feat. Summer Walker)","Hell N Back (feat. Summer Walker)","Bakar;Summer Walker",2023-09-21,195147,72,true,,2024-06-08T14:34:43Z,"r&b","Black Butter",0.64,0.673,5,-4.519,0,0.563,0.288,0.00000215,0.113,0.736,209.942,4
spotify:track:3HSqB6Oqrq2jLkPLISOIUL,"If I Could Leave","If I Could Leave","Keenan O'Meara",2020-11-13,160000,34,false,,2024-06-07T23:21:36Z,"ambient folk","Keenan O'Meara",0.368,0.116,4,-15.442,1,0.0857,0.98,0.00516,0.119,0.289,49.764,3
spotify:track:4G0cKJupBY79cAoYDihZwI,"Pin It Down","Who Are You Now","Madison Cunningham",2019-08-16,246573,42,false,,2024-06-07T19:50:25Z,"","Verve Forecast",0.637,0.565,5,-6.864,1,0.0551,0.307,0.0000103,0.11,0.689,167.687,4
spotify:track:28EgLQaFs0UdL2b3Qd4rQf,"Last Plane Out","The Programme","PREP",2024-06-07,273520,3,false,,2024-06-07T17:06:42Z,"","Bright Antenna",0.854,0.385,5,-12.283,1,0.0585,0.504,0.213,0.0967,0.503,139.959,4
spotify:track:7La2ON2EjCTvCJBc2VWUaT,"Heartless Author (feat. Madison Cunningham)","Multitudes","Alisa Amador;Madison Cunningham",2024-06-07,163786,8,false,,2024-06-07T13:57:00Z,"","Honest Magic Records",0.48,0.321,7,-11.771,1,0.0316,0.874,0.000786,0.111,0.249,107.073,4
spotify:track:036AZKIJpgCDy1huQOUKsR,"Heater Beater","Honey Days","Calimossa",2019-10-18,183953,55,false,,2024-06-03T23:44:01Z,"","Duetti",0.799,0.655,9,-5.887,1,0.224,0.521,0,0.103,0.83,95.007,4
spotify:track:0bRXwKfigvpKZUurwqAlEh,"Lovely Day","Menagerie","Bill Withers",1977-10-29,257157,84,false,,2024-06-01T19:13:20Z,"soul","Columbia/Legacy",0.692,0.651,9,-8.267,1,0.0324,0.292,0.00241,0.105,0.706,97.923,4
spotify:track:3Fj47GNK2kUF0uaEDgXLaD,"wish you were gay","WHEN WE ALL FALL ASLEEP, WHERE DO WE GO?","Billie Eilish",2019-03-29,221543,76,false,,2024-05-31T01:20:15Z,"","Darkroom/Interscope Records",0.853,0.351,7,-10.198,1,0.241,0.39,0.00000938,0.752,0.282,118.028,4
spotify:track:2Ssmm0hnmtmuzhb1JOmo5B,"Kiss Me","Kiss Me","Wass",2020-11-18,122274,40,false,,2024-05-26T13:44:03Z,"","Mantis Records",0.58,0.366,2,-13.322,1,0.0893,0.326,0.873,0.122,0.416,158.135,4
spotify:track:0UXQegGGRyU1QXmpnFC9Gp,"Risk It All","Risk It All","SAHRA",2024-04-04,273000,33,false,,2024-05-26T12:00:33Z,"uk r&b","SUN OF AGMIU",0.323,0.212,2,-9.232,1,0.0469,0.896,0.000178,0.114,0.377,199.19,4
spotify:track:6HP9phhfmRUcFmuPCDGzbA,"Rookie","Surf The Sun","Eleni Drake",2023-05-19,259894,0,false,,2024-05-25T01:13:12Z,"","Vanilla Sky Recordings",0.725,0.306,6,-11.505,1,0.0282,0.897,0.0342,0.109,0.314,97.982,4
spotify:track:0encug7QQRGW2FBLmg5Wu7,"Blessin' Me","Red Hearse","Red Hearse",2019-08-16,185031,39,false,,2024-05-21T00:58:18Z,"","RCA Records Label",0.627,0.515,2,-8.392,1,0.168,0.69,0.000636,0.176,0.698,73.538,4
spotify:track:6SdwTlnOy0hcfXmkwQrSw2,"Human Sacrifice","Atavista","Childish Gambino",2024-05-13,352725,46,false,,2024-05-18T15:40:15Z,"","Wolf+Rothstein/RCA Records",0.315,0.711,2,-8.328,0,0.108,0.303,0.000024,0.0963,0.366,198.738,4
spotify:track:5V7QNaunpviHGU1qustwbl,"Sweet Thang (feat. Summer Walker)","Atavista","Childish Gambino;Summer Walker",2024-05-13,425574,45,false,,2024-05-18T15:31:06Z,"r&b","Wolf+Rothstein/RCA Records",0.339,0.539,5,-7.425,1,0.0375,0.22,0,0.11,0.0726,149.916,4
spotify:track:0hYh0vcM53aRbksX7ZcpOI,"Time (feat. Ariana Grande)","Atavista","Childish Gambino;Ariana Grande",2024-05-13,334879,46,true,,2024-05-18T15:11:38Z,"pop","Wolf+Rothstein/RCA Records",0.466,0.728,5,-5.733,1,0.0379,0.146,0.000471,0.166,0.272,171.838,4
spotify:track:6Lj4RhwPsVfMn7tsA5i8jW,"Atavista","Atavista","Childish Gambino",2024-05-13,181661,50,false,,2024-05-18T15:11:37Z,"","Wolf+Rothstein/RCA Records",0.663,0.702,7,-7.192,1,0.0336,0.147,0.0218,0.214,0.391,89.98,4
spotify:track:3aZY7DUF7XYbqiBz20il45,"Oceans Away","Ventura (Extended)","Sofía Valdés",2021-05-21,182526,36,false,,2024-05-13T14:23:11Z,"latin indie","Warner Records",0.776,0.605,1,-5.961,0,0.04,0.511,0.000224,0.119,0.639,135.011,4
spotify:track:2lesq5WVpUUBJxFxAkJekl,"Playroom (feat. Kate Bollinger)","Los Angeles Story","Paul Cherry;Kate Bollinger",2023-06-02,142880,0,false,,2024-05-13T13:55:08Z,"bedroom pop","Born Losers Records",0.477,0.475,11,-8.88,0,0.162,0.526,0.0108,0.118,0.414,78.79,4
spotify:track:3xKsf9qdS1CyvXSMEid6g8,"Pink + White","Blonde","Frank Ocean",2016-08-20,184516,89,false,,2024-05-05T13:20:13Z,"","Boys Don't Cry",0.545,0.545,9,-7.362,1,0.107,0.667,0.0000548,0.417,0.549,159.94,3
spotify:track:0KKkJNfGyhkQ5aFogxQAPU,"That's What I Like","24K Magic","Bruno Mars",2016-11-18,206693,93,false,,2024-05-05T13:11:32Z,"","Atlantic Records",0.853,0.56,1,-4.961,1,0.0406,0.013,0,0.0944,0.86,134.066,4
spotify:track:2qSkIjg1o9h3YT9RAgYN75,"Espresso","Espresso","Sabrina Carpenter",2024-04-12,175459,87,true,,2024-05-03T13:29:04Z,"pop","Island Records",0.701,0.76,0,-5.478,1,0.0285,0.107,0.0000654,0.185,0.69,103.969,4
spotify:track:0WtDGnWL2KrMCk0mI1Gpwz,"Redbone","""Awaken, My Love!""","Childish Gambino",2016-12-02,326933,7,true,,2024-04-22T19:29:23Z,"","Glassnote Entertainment Group LLC",0.745,0.353,1,-10.614,1,0.0983,0.174,0.00662,0.118,0.598,160.111,4
spotify:track:0AwmMHWOVftwCi5hkcNQ5z,"Everything I Know About Love","Everything I Know About Love","Laufey",2022-08-26,209706,61,false,,2024-04-22T18:46:38Z,"","Laufey",0.66,0.329,7,-7.44,1,0.0439,0.615,0,0.332,0.513,68.038,4
spotify:track:2ANjTUEO8gvRsODnux8Yj5,"Prescription - Extended","Prescription","Remi Wolf",2023-05-12,431911,37,true,,2024-04-15T12:26:14Z,"","Remi Wolf PS",0.646,0.62,9,-6.287,1,0.0381,0.164,0.0809,0.0679,0.566,140.025,4
spotify:track:2krfD3TzLiV1WVNepAYJW9,"However You May","Jacob Slade","Jacob Slade",2021-06-11,183529,52,false,,2024-04-09T09:29:11Z,"","JS Records",0.601,0.296,4,-20.787,1,0.0603,0.882,0.869,0.128,0.15,84.987,4
spotify:track:294T1COkA1muObOvFKe8Kx,"Pipe Dreams","Superstar","Caroline Rose",2020-03-06,205540,0,false,,2024-03-28T15:50:32Z,"indie pop","New West Records",0.594,0.521,1,-7.584,1,0.0301,0.793,0.746,0.367,0.483,82.028,4
spotify:track:6yOYX1oEKWkGshyYtxlJ16,"Cathy Come Home","The Loved Ones","Flyte",2017-08-25,224959,38,false,,2024-03-26T15:56:10Z,"","Universal-Island Records Ltd.",0.416,0.495,0,-7.724,1,0.0296,0.331,0.00177,0.128,0.27,109.338,4
spotify:track:5popsmvHsmKiuZ1zQvfgI3,"People Watching","Cannonball!","Sen Morimoto",2018-05-18,364727,28,false,,2024-03-23T14:08:45Z,"","88Rising Music / Sooper Records",0.669,0.4,7,-8.861,0,0.188,0.62,0.00403,0.0906,0.435,139.944,4
spotify:track:27hhIs2fp6w06N5zx4Eaa5,"Dream A Little Dream Of Me","The Papas & The Mamas","The Mamas & The Papas",1968-05-01,194426,76,false,,2024-03-17T13:13:23Z,"folk rock","Geffen",0.413,0.313,7,-13.138,1,0.0519,0.791,0.0000015,0.0727,0.349,92.515,4
spotify:track:5Wj1rJnCLpMHdLaxsFtJLs,"Bennie And The Jets - Remastered 2014","Goodbye Yellow Brick Road (Remastered)","Elton John",1973-10-05,322548,82,false,,2024-03-17T13:07:32Z,"","UMC (Universal Music Catalogue)",0.665,0.673,0,-7.95,1,0.0493,0.259,0.00000762,0.497,0.779,132.642,4
spotify:track:6XXKB32Om6WuXg3uEWwTob,"imperfect for you","eternal sunshine","Ariana Grande",2024-03-08,182566,73,true,,2024-03-12T19:07:14Z,"pop","Republic Records",0.624,0.38,4,-7.426,1,0.0301,0.496,0,0.437,0.251,150.14,3
spotify:track:6OBQJkM9RtQXcYL26Az2Pg,"Bumblebee","Bumblebee","Dora Jar",2022-07-29,200000,39,false,,2024-03-11T12:12:58Z,"","Made of Elves Inc / Island Records",0.723,0.593,5,-6.607,0,0.037,0.123,0.000734,0.126,0.874,120.052,4
spotify:track:70MXJ24mxuw6mnkmEyODnz,"Vaudeville","Ed Buys Houses","Sidney Gish",2016-12-29,182936,4,true,,2024-03-06T13:34:58Z,"bedroom pop","646631 Records DK",0.635,0.391,10,-13.127,1,0.0744,0.6,0.0000325,0.474,0.513,161.925,4
spotify:track:12BCKAIqLWAY910Lg0nquV,"Buckets of Fun","Ed Buys Houses","Sidney Gish",2016-12-29,105957,5,false,,2024-03-06T13:29:26Z,"bedroom pop","646631 Records DK",0.591,0.616,2,-9.263,1,0.117,0.189,0.000199,0.143,0.878,170.083,4
spotify:track:0D2fhu8YeX344izprjfSW9,"Friday Night Placebo","Ed Buys Houses","Sidney Gish",2016-12-29,220908,5,false,,2024-03-06T13:24:42Z,"bedroom pop","646631 Records DK",0.377,0.189,11,-11.739,1,0.038,0.905,0,0.228,0.334,149.575,4
spotify:track:66Jorn8mDY19QqQbDs4x8f,"Midnight Jingle","Ed Buys Houses","Sidney Gish",2016-12-29,179806,3,false,,2024-03-06T13:24:37Z,"bedroom pop","646631 Records DK",0.84,0.274,4,-15.007,1,0.0505,0.576,0.0000185,0.0952,0.558,129.951,4
spotify:track:7h60WQYb68oa1PDLbMBsLP,"Homecoming Serf","Ed Buys Houses","Sidney Gish",2016-12-29,243606,9,true,,2024-03-06T13:24:35Z,"bedroom pop","646631 Records DK",0.57,0.478,11,-11.29,1,0.128,0.38,0,0.196,0.792,217.941,4
spotify:track:6s79uwxxMkFj964YMdiJsb,"Presumably Dead Arm","Ed Buys Houses","Sidney Gish",2016-12-29,213289,4,false,,2024-03-06T13:24:33Z,"bedroom pop","646631 Records DK",0.423,0.198,7,-16.403,1,0.0474,0.953,0,0.104,0.28,115.782,4
spotify:track:2OZVUfl8K0Ijw32bUf1fG4,"What Do You Want from Me Tonight?","Ed Buys Houses","Sidney Gish",2016-12-29,133743,8,false,,2024-03-06T13:24:29Z,"bedroom pop","646631 Records DK",0.552,0.236,4,-12.252,1,0.0318,0.657,0,0.0988,0.619,90,4
spotify:track:7ajiHlFYPY9pXayer3ByQz,"The Girl","Bring Me Your Love (Special Edition)","City and Colour",2008,360093,38,false,,2024-03-03T16:01:34Z,"","Dine Alone Music Inc.",0.405,0.541,10,-7.532,1,0.0348,0.822,0.000083,0.127,0.205,108.854,4
spotify:track:1YxQxV5sKZN1TgVpXl5MLA,"Dreamer","Bewitched","Laufey",2023-09-08,210826,71,false,,2024-03-03T14:39:10Z,"","Laufey",0.613,0.146,2,-11.211,1,0.0394,0.954,0,0.0857,0.413,117.075,4
spotify:track:205Dyp6IqtOcYRX72QvbB7,"Metamorphosis","Metamorphosis","Infinity Song",2023-10-20,270314,48,false,,2024-03-01T15:52:22Z,"","Roc Nation Records, LLC",0.378,0.408,4,-12.054,1,0.0387,0.692,0.0408,0.1,0.224,122.964,4
spotify:track:7rH1YBai3Kq8glq8ya8Uo5,"Races","5K","Barrie",2023-03-31,133493,32,false,,2024-03-01T14:42:48Z,"dream pop","Winspear",0.668,0.461,2,-9.009,1,0.0263,0.66,0.847,0.118,0.775,133.02,3
spotify:track:20I8RduZC2PWMWTDCZuuAN,"Take Me Out","Franz Ferdinand","Franz Ferdinand",2004-02-16,237026,87,false,,2024-02-11T14:39:43Z,"indie rock","Domino Recording Co",0.277,0.663,4,-8.821,0,0.0377,0.000409,0.00051,0.136,0.527,104.561,4
spotify:track:06nXt6ESO6FzbvD5QQ1Eqj,"2 AM","2 AM","Antonio Barret;Nice Guys",2023-09-26,220640,52,false,,2024-02-09T13:37:16Z,"surf rock","Nice Guys",0.825,0.711,8,-7.932,0,0.0374,0.136,0.223,0.0675,0.864,110.989,4
spotify:track:5ZsPy9wHH733NlU6c4v2Hi,"When It's Over - David Kahne Main","Sugar Ray","Sugar Ray",2001-06-12,219226,70,false,,2024-02-04T15:29:36Z,"","RT Industries",0.675,0.775,4,-5.772,1,0.0522,0.0387,0,0.383,0.933,99.945,4
spotify:track:6rkAY9rk1NTFB94QxG3LJR,"Yoü And I","Born This Way","Lady Gaga",2011-01-01,307346,63,false,,2024-02-04T15:21:01Z,"art pop,pop","Interscope",0.516,0.709,2,-5.234,1,0.0478,0.0745,0,0.0935,0.515,127.073,4
spotify:track:2ckw25vIQjnbN03XRwp55B,"yes, and?","yes, and?","Ariana Grande",2024-01-18,214994,46,true,,2024-01-24T13:11:20Z,"pop","Republic Records",0.787,0.775,1,-6.614,1,0.0548,0.19,0.0000654,0.113,0.787,118.998,4
spotify:track:4j4pPKE3xAblPIbhxScC1j,"Rawnald Gregory Erickson the Second","Starfucker","STRFKR",2008-09-23,173693,62,false,,2024-01-23T17:44:58Z,"","Badman Recording Co",0.9,0.538,7,-7.879,1,0.0343,0.229,0.843,0.287,0.713,95.508,4
spotify:track:0E29BKKGCJHcb7b9oIWgGB,"Calling All Angels","My Private Nation","Train",2003-06-03,242200,61,false,,2024-01-21T16:02:26Z,"soft pop","Columbia",0.454,0.839,3,-5.368,1,0.0441,0.0746,0,0.279,0.529,166.166,4
spotify:track:0rVJ6v23RQozOIvr1YotJP,"Hell N Back","Hell N Back (Sped Up)","Bakar",2019-08-14,213573,78,true,,2024-01-19T13:27:04Z,"","Black Butter",0.633,0.684,10,-4.314,0,0.591,0.314,0.0000895,0.112,0.725,209.688,4
spotify:track:5ua2M4ijwRgQy9xQKsGXzG,"Letting Things Go","Letting Things Go","Vulfmon;Evangeline",2024-01-05,152339,0,false,,2024-01-09T08:11:45Z,"soul jazz","Vulf Records",0.689,0.285,5,-14.362,1,0.282,0.981,0.0425,0.11,0.633,115.811,4
spotify:track:4Zts9erRexAxILn5XjSwUN,"Futile Devices","The Age of Adz","Sufjan Stevens",2010-10-12,133266,67,false,,2024-01-08T19:55:35Z,"baroque pop","Asthmatic Kitty",0.581,0.286,4,-18.645,1,0.0339,0.993,0.908,0.0896,0.369,140.188,4
spotify:track:5G0qWcFWvMreNvypl2Z6gC,"Tout doucement","Let It Die","Feist",2004-01-01,150080,28,false,,2023-12-14T16:05:46Z,"","Universal Music Division Decca Records France",0.689,0.212,10,-13.321,0,0.164,0.782,0.000211,0.111,0.244,110.463,4
spotify:track:71pLAOb9hGDPnDuGse80fV,"Gatekeeper","Let It Die","Feist",2004-01-01,137520,50,false,,2023-12-11T13:59:46Z,"","Universal Music Division Decca Records France",0.851,0.0641,9,-16.312,0,0.0446,0.964,0,0.135,0.313,109.851,4
spotify:track:5cJZPy9Tad2aT3ZMnN6yvd,"I Don't Wanna Be Okay Without You","Live in Peter's Attic","Charlie Burg",2016-12-20,243796,64,false,,2023-12-11T13:42:50Z,"","Charlie Burg",0.532,0.319,5,-7.461,1,0.0288,0.399,0.0000252,0.138,0.166,62.984,4
spotify:track:1Uxti0PEEdieT526B8dAxZ,"Somethinggreater","Day/Night","Parcels",2021-11-05,321466,65,false,,2023-11-09T15:56:02Z,"indie soul","Because Music",0.687,0.636,1,-10.198,0,0.038,0.324,0.00143,0.0862,0.859,109.786,4
spotify:track:14tNhGhMYj6W5pPfdQoBmN,"LIGHT","Day/Night","Parcels",2021-11-05,373814,38,false,,2023-11-09T15:33:17Z,"indie soul","Because Music",0.504,0.449,0,-12.575,1,0.0452,0.696,0.73,0.107,0.149,102.874,4
spotify:track:6kAOOamDflxqkrAWI6wZRR,"Free","Day/Night","Parcels",2021-11-05,327866,47,false,,2023-11-06T13:27:45Z,"indie soul","Because Music",0.699,0.638,10,-9.81,1,0.0381,0.511,0.0255,0.0742,0.965,87.987,4
spotify:track:4sTBX2NbfvdpVNlpZztzjg,"If Only You Knew","If Only You Knew","Sarah Meth",2020-04-15,142664,36,false,,2023-11-06T13:10:39Z,"","Meth Music",0.42,0.116,1,-16.782,1,0.0338,0.947,0.0000704,0.104,0.0983,116.315,3
spotify:track:35592qATAP1u72mO9oelLc,"Where the Money Flows","Bismillah","Peter Cat Recording Co.",2019-06-07,313266,0,false,,2023-11-05T18:09:33Z,"indian indie","Panache",0.396,0.355,2,-14.757,1,0.123,0.657,0.000889,0.349,0.355,75.032,4
spotify:track:1yVFHrCoNMVMotKHlLFYoE,"Mirrorball","Mirrorball","Zinadelphia",2022-04-15,222352,0,false,,2023-10-30T18:01:35Z,"","Bell Tower Music",0.506,0.301,4,-10.03,1,0.0778,0.734,0,0.105,0.502,134.691,4
spotify:track:5j4g2Qhi9dI7UGaY1PTyLG,"Blood Honey","For Young Hearts","Soccer Mommy",2016-06-17,267285,0,false,,2023-10-30T00:30:11Z,"indie","Orchid Tapes",0.751,0.499,4,-7.678,1,0.0322,0.325,0.00000993,0.189,0.423,138.035,4
spotify:track:0jTYLhcYnNudyEHXKCZPQR,"Walk Jam","Sailing Through Rainbows of Sound","Richard Houghten",2020-03-27,103261,6,false,,2023-10-29T14:13:35Z,"","Macroscopic Vibrations",0.807,0.475,11,-10.884,0,0.0934,0.067,0.91,0.0971,0.766,164.126,4
spotify:track:3Lsdp3mbD27MjxvTeFm0v3,"You're in Love","Howl's Moving Castle Soundtrack","Joe Hisaishi",2004-11-19,71800,61,false,,2023-10-26T18:03:28Z,"japanese classical,anime","Joe Hisaishi",0.526,0.0344,7,-27.855,0,0.11,0.996,0.924,0.118,0.208,67.101,4
spotify:track:4M2t7bP4Mq87mGMn0PObUX,"untitled 06 | 06.30.2014.","untitled unmastered.","Kendrick Lamar",2016-03-04,208013,63,false,,2023-10-24T17:46:30Z,"hip hop,west coast hip hop","Aftermath",0.669,0.541,4,-11.291,0,0.0461,0.0992,0.00000769,0.254,0.645,89.083,4
spotify:track:2dA8HyqpMOXYQBMbeHUQnl,"This Head I Hold","Mondo","Electric Guest",2013-04-22,175773,51,false,,2023-10-22T12:48:55Z,"","Downtown Records",0.663,0.873,0,-4.915,1,0.0328,0.0271,0.0131,0.257,0.963,162.019,4
spotify:track:755y1sQV1tRjc55gKDtLni,"Leisure Gardening","Thinking About Thursdays","Lullatone",2017-02-21,156048,31,false,,2023-10-16T14:59:55Z,"","lulla-label",0.526,0.179,2,-17.373,1,0.0561,0.992,0.895,0.115,0.0862,107.808,4
spotify:track:75A9cIqQdnqzBb6jO7mZFw,"Heater Beater","Honey Days","Calimossa",2019-10-18,183953,0,false,,2023-10-16T12:43:01Z,"","Calimossa",0.799,0.655,9,-5.887,1,0.224,0.521,0,0.103,0.83,95.007,4
spotify:track:4n4EALhlcYv1tsc45asW3M,"Sun Dog","Sun Dog","Edouard Ferlet",2021-12-15,216611,20,false,,2023-10-16T12:20:29Z,"french jazz,jazz","Mélisse",0.797,0.439,3,-14.904,1,0.0372,0.88,0.862,0.108,0.818,120.019,4
spotify:track:5NF5TV9zGZ9QLKLf7Oq05T,"Used to Me","Used to Me","Luke Chiang",2019-06-11,179544,5,false,,2023-10-16T12:13:28Z,"","Luke Chiang",0.797,0.512,5,-7.315,0,0.143,0.318,0.00000898,0.352,0.691,100.029,4
spotify:track:3XqbLsVmAwvTJqW6NKopg0,"Blue Sea","Blue Sea","RICEWINE",2023-04-26,195514,48,false,,2023-10-13T17:42:22Z,"bedroom pop","RICEWINE",0.631,0.683,8,-9.618,1,0.0301,0.463,0.542,0.197,0.962,129.948,4
spotify:track:5CH0x6oAAVDV1agN0Wdfhw,"Talk About It","Talk About It (B-Side)","Kate Bollinger",2019-08-06,132096,43,false,,2023-10-11T12:38:06Z,"","Kate Bollinger",0.862,0.336,0,-9.903,1,0.124,0.729,0.0692,0.104,0.554,90.009,4
spotify:track:4Flr9N96SnnCBPxXyEAKHG,"卯月の朧唄","ｑｐ","Ichiko Aoba",2018-10-24,86773,51,false,,2023-09-30T14:42:41Z,"japanese indie,shibuya-kei","Speedstar",0.466,0.0944,7,-18.294,0,0.0425,0.991,0.592,0.114,0.232,139.616,4
spotify:track:2Y7xeRouoLEKDTwBHlAFnC,"Follow Through","Silo","The Altogether",2020-07-31,223392,21,false,,2023-09-27T14:48:37Z,"","Fries Guys Records",0.297,0.484,9,-6.534,1,0.0298,0.775,0,0.0947,0.25,87.514,4
spotify:track:4e8qJdYHIDy3oDq0MoWfPx,"Hobby Horse","The New Sounds of Late Capitalism","Star Parks",2020-02-14,260079,0,false,,2023-09-22T17:39:59Z,"","Modern Outsider",0.246,0.78,2,-7.177,1,0.037,0.332,0.000637,0.103,0.352,174.891,3
spotify:track:1zNXF2svmdlNxfS5XeNUgr,"Don't Know Why","Come Away With Me (Super Deluxe Edition)","Norah Jones",2002-02-26,186251,80,false,,2023-09-21T12:01:37Z,"jazz pop","CM BLUE NOTE (A92)",0.745,0.219,5,-11.216,1,0.0276,0.851,0.000018,0.0678,0.635,88.609,4
spotify:track:2YNJ2wMRwl2L2cudMQ0B6N,"Acknowledgement","Modjo (Remastered)","Modjo",2001,187199,56,false,,2023-09-09T16:30:45Z,"french house,disco house","Modjo Music",0.675,0.627,0,-6.476,1,0.0336,0.00511,0.662,0.0788,0.586,115.023,4
spotify:track:7n0lbwbjoLx6jx3kQECANB,"(There's) Always Something There To Remind Me","Alejandro Bravo","Alejandro Bravo",1971-01-01,159183,35,false,,2023-09-07T13:11:14Z,"","Numero Group",0.636,0.122,8,-17.694,1,0.056,0.978,0.000891,0.11,0.706,151.347,4
spotify:track:2faSzprTWJ7L1EkZNko4ww,"Take Off Your Cool (feat. Norah Jones)","Speakerboxxx/The Love Below","Outkast;Norah Jones",2003,158093,46,false,,2023-09-04T13:58:04Z,"southern hip hop,hip hop,jazz pop","Arista",0.472,0.296,0,-11.299,1,0.0297,0.876,0.0201,0.13,0.22,157.599,3
spotify:track:4h9HP7OvITCE1vapKTSkck,"Off to the Side","Tako Tsubo","L'Impératrice",2021-03-26,268179,41,false,,2023-09-04T13:02:43Z,"french indie pop,french house,french pop","microqlima",0.88,0.372,10,-11.882,0,0.0456,0.236,0.00904,0.132,0.566,117.015,4
spotify:track:3aRNWHU0H8lCNwrE1pEiJv,"Patagonia","Patagonia","Patawawa",2017,205210,0,false,,2023-09-04T12:51:08Z,"nu disco","Splinter",0.924,0.569,6,-5.178,0,0.0608,0.113,0.000064,0.0288,0.928,118.983,4
spotify:track:2MKIadkPrRqaivpyn6cnI0,"Monster","Human","dodie",2019-01-18,245847,52,false,,2023-08-29T01:14:18Z,"","doddleoddle",0.831,0.606,9,-7.694,1,0.107,0.694,0.000109,0.0635,0.944,100.013,4
spotify:track:700iSqwIlmgyRCiHWbRNdh,"Tangerine","Tangerine","Tommy Newport",2023-08-09,203516,0,false,,2023-08-28T14:32:31Z,"","Artist Partner Group",0.775,0.422,2,-7.056,1,0.0335,0.0291,0.00227,0.0838,0.63,104.989,4
spotify:track:1wkieNvxepLLtsLNTZ2Jus,"How Are You? (feat. Nellie McKay)","Here Lies Love","David Byrne;Fatboy Slim;Nellie McKay",2010-02-22,163066,20,false,,2023-08-28T14:28:09Z,"art rock,art pop,big beat,jazz pop,anti-folk","Nonesuch",0.74,0.443,1,-10.725,1,0.0348,0.652,0.00231,0.11,0.684,123.963,4
spotify:track:7JaefO3d0vPv8zGzaGR8r6,"Blue Spotted Tail - Solstice Version","A Very Lonely Solstice","Fleet Foxes",2021-12-10,188866,28,false,,2023-08-22T12:45:05Z,"indie folk,folk,indie","Anti/Epitaph",0.527,0.0817,7,-19.671,1,0.0395,0.936,0.258,0.109,0.45,78.489,4
spotify:track:3KueinyeiG5ADpyGhUKCn7,"Helplessness Blues - Solstice Version","A Very Lonely Solstice","Fleet Foxes",2021-12-10,303440,30,false,,2023-08-22T12:26:23Z,"indie folk,folk,indie","Anti/Epitaph",0.431,0.138,2,-12.745,1,0.0362,0.917,0.0000728,0.119,0.164,135.821,3
spotify:track:46ac5ka5z3kxiTtBcJ2gsV,"In The Morning - Solstice Version","A Very Lonely Solstice","Fleet Foxes",2021-12-10,132360,37,false,,2023-08-22T12:17:45Z,"indie folk,folk,indie","Anti/Epitaph",0.486,0.192,3,-10.529,1,0.0373,0.894,0,0.115,0.273,89.843,4
spotify:track:4hUidbtztjs6gKY5bf96FE,"Wading In Waist-High Water - Solstice Version","A Very Lonely Solstice","Fleet Foxes",2021-12-10,130399,45,false,,2023-08-22T12:17:38Z,"indie folk,folk,indie","Anti/Epitaph",0.64,0.121,7,-15.001,1,0.0311,0.941,0.000331,0.109,0.26,129.178,4
spotify:track:3RXr49TkL3wYHB7JJTnyn5,"Betray My Heart","Black Messiah","D'Angelo",2014-12-15,355320,49,false,,2023-08-21T12:55:56Z,"neo soul","RCA Records Label",0.796,0.436,0,-11.169,1,0.22,0.646,0.048,0.126,0.589,105.707,4
spotify:track:5fgb3Md1xjt3mxeBqguiIA,"I Would Do Anything for You","Torches","Foster The People",2011-05-23,214080,63,false,,2023-08-16T13:57:41Z,"","Columbia",0.597,0.848,0,-5.841,1,0.0308,0.0372,0.0000233,0.122,0.437,128.009,4
spotify:track:3SPfACAarZmNEF45erapCY,"Neu Roses (Transgressor's Song)","Freudian","Daniel Caesar",2017-08-25,181908,1,true,,2023-08-15T23:24:52Z,"","Golden Child Recordings",0.543,0.327,0,-12.749,1,0.0625,0.933,0.00000122,0.685,0.291,68.974,4
spotify:track:1P3FTYOnZMiFEBBVu3raKm,"Hold On","Chaseland","Chase Ceglie",2022-11-25,209244,20,false,,2023-08-09T16:30:19Z,"","Chaseland",0.535,0.702,10,-8.004,1,0.033,0.143,0.0307,0.0828,0.608,88.012,4
spotify:track:33AS9AFsaSSCkGj45jbl6E,"Sweet Music","Sweet Music, Vol. 1","Dizzy K.",2018-09-07,387895,0,false,,2023-08-08T13:25:35Z,"","Sticky Buttons",0.715,0.743,5,-9.047,0,0.0599,0.259,0.0000219,0.09,0.904,114.05,4
spotify:track:4GOJsefp1rBFixTSxa6nf6,"Jerk","Jerk At The End Of The Line","Only Real",2015-03-15,227991,26,false,,2023-08-07T17:07:00Z,"","EMI",0.654,0.835,11,-3.75,1,0.0403,0.229,0.00000623,0.0865,0.846,97.522,4
spotify:track:1swi7ZorW1B9VxESxuW7d6,"High N Low","High N Low","Aquifer;saaaz",2017-12-16,152058,24,true,,2023-08-07T16:35:18Z,"lo-fi beats,lo-fi","737420 Records DK",0.8,0.599,2,-6.77,0,0.0587,0.659,0.000067,0.305,0.686,90.056,4
spotify:track:14NAPaeP9jPGkWXso4J23B,"15th Floor","15th Floor","PREP",2022-05-20,270868,38,false,,2023-08-06T13:30:42Z,"","Bright Antenna",0.868,0.455,8,-6.614,1,0.0338,0.23,0.000107,0.197,0.803,118.022,4
spotify:track:7F5rIyOI88zk36AiBXC8xq,"The Girl From Ipanema","Lioness: Hidden Treasures","Amy Winehouse",2011-01-01,166960,60,false,,2023-08-04T14:33:04Z,"","Universal-Island Records Ltd.",0.696,0.616,9,-5.144,0,0.047,0.25,0.00000435,0.107,0.66,138.059,4
spotify:track:3IvTwPCCjfZczCN2k4qPiH,"Dirty Work","Can't Buy A Thrill","Steely Dan",1972-11-01,190065,78,false,,2023-08-04T14:14:00Z,"yacht rock,classic rock","Geffen",0.582,0.214,1,-17.83,1,0.0315,0.767,0.00000207,0.122,0.515,72.794,4
spotify:track:2yBVeksU2EtrPJbTu4ZslK,"What a Fool Believes","Minute by Minute","The Doobie Brothers",1978,223866,81,false,,2023-08-04T14:05:19Z,"yacht rock,classic rock,soft rock,southern rock","Rhino/Warner Records",0.758,0.378,8,-15.308,0,0.0449,0.284,0,0.049,0.985,120.736,4
spotify:track:1zvvN8REhi0aldM9QELP6m,"Closer","Closer","NONEWFRIENDS.",2020-10-09,256000,9,false,,2023-08-04T13:28:31Z,"","NNF.",0.565,0.642,9,-5.56,0,0.0339,0.323,0.0000374,0.108,0.438,91.672,4
spotify:track:6tPzJrkuM0VB8sEVvGDZqq,"Already Gone","Already Gone","NONEWFRIENDS.",2019-12-06,269405,28,false,,2023-08-04T13:03:24Z,"","NNF.",0.645,0.432,0,-9.168,1,0.0317,0.106,0.0717,0.0928,0.37,105.266,4
spotify:track:2IGMVunIBsBLtEQyoI1Mu7,"Paint The Town Red","Paint The Town Red","Doja Cat",2023-08-04,231750,79,true,,2023-08-04T11:56:27Z,"","Kemosabe Records/RCA Records",0.868,0.538,5,-8.603,1,0.174,0.269,0.00000334,0.0901,0.732,99.968,4
spotify:track:7zy2kNoeD72x2NEDaAsJOX,"Psychedelic Switch","The Loveliest Time","Carly Rae Jepsen",2023-07-28,272035,50,false,,2023-08-03T13:24:46Z,"","Silent Records IGA",0.686,0.808,4,-6.709,1,0.0459,0.00161,0.0205,0.341,0.32,127.925,4
spotify:track:2diHObxEyYlftJ2pPIB3eG,"Shy Boy","The Loveliest Time","Carly Rae Jepsen",2023-07-28,209429,45,false,,2023-08-03T13:13:07Z,"","Silent Records IGA",0.691,0.849,8,-4.646,1,0.112,0.0357,0.0000674,0.0418,0.934,102.979,4
spotify:track:3VTBdEPBlb52WqO3200N84,"After Last Night","The Loveliest Time","Carly Rae Jepsen",2023-07-28,208553,41,false,,2023-08-03T13:08:48Z,"","Silent Records IGA",0.662,0.906,2,-5.352,1,0.0991,0.00442,0.0000165,0.169,0.573,159.964,4
spotify:track:3Zv9r86H4TdZ42xyes7fK0,"Cool Cat","Souris Calle","Juliette Armanet",2018-12-11,221266,39,false,,2023-08-02T18:31:41Z,"french pop,variété française,chanson,french house,french indie pop","Perrotin",0.755,0.415,1,-12.611,0,0.0412,0.537,0.136,0.0782,0.752,148.016,4
spotify:track:5Xxpw4mthgoQgcWEPfSYzQ,"Somethin' Stupid","Somethin' Stupid","Inara George;Charlie Wadhams",2018-09-07,163488,25,false,,2023-08-02T14:35:59Z,"","Release Me Records",0.78,0.393,1,-11.712,0,0.0345,0.716,0.00162,0.0957,0.33,102.946,4
spotify:track:2WQNDG0KKDMczbJLxvdxnJ,"Bebochicochuchoturo","BeboChicoChuchoTuro","Arturo O'Farrill;Chucho Valdés",2017-08-18,536309,0,false,,2023-08-02T14:20:37Z,"latin jazz,afro-cuban jazz,son jarocho,jazz,big band,son cubano","Motema Music, LLC",0.395,0.741,2,-9.294,1,0.0588,0.0125,0.909,0.0727,0.465,139.079,4
spotify:track:17OAQmU919MnDrmb8nDv7U,"黄昏泣き","大人","Tokyo Incidents",2005,208266,38,false,,2023-08-02T14:01:32Z,"j-pop,j-rock","Universal Music LLC",0.319,0.385,2,-11.213,0,0.0332,0.455,0.923,0.106,0.239,73.611,4
spotify:track:34qE3qaXI2uMlcQYhqir7n,"New Recording 180 (New Year's Eve)","No Dogs Allowed","Sidney Gish",2017-12-31,191000,10,false,,2023-07-27T18:29:10Z,"bedroom pop","Sidney Gish",0.658,0.153,2,-17.184,1,0.0345,0.922,0.00289,0.137,0.512,82.432,4
spotify:track:2p6gMjtiXnQHUdRPrRgkja,"Good Magicians","No Dogs Allowed","Sidney Gish",2017-12-31,136680,9,false,,2023-07-27T18:29:07Z,"bedroom pop","Sidney Gish",0.656,0.527,4,-9.015,1,0.05,0.138,0.0000197,0.125,0.648,125.233,4
spotify:track:6ddQQfLNeFeJXB56xKMnoc,"Rat of the City","No Dogs Allowed","Sidney Gish",2017-12-31,232000,8,false,,2023-07-27T18:29:04Z,"bedroom pop","Sidney Gish",0.551,0.192,6,-16.885,1,0.0379,0.939,0.0641,0.101,0.1,120.086,4
spotify:track:5Go4hsetiQKICFWV7ougTL,"Mouth Log","No Dogs Allowed","Sidney Gish",2017-12-31,175781,7,false,,2023-07-27T18:29:02Z,"bedroom pop","Sidney Gish",0.662,0.184,8,-11.103,1,0.0329,0.874,0.000207,0.107,0.36,128.078,4
spotify:track:0dmCos7GHCr5PRKp5LNGH7,"The Feeling","The Good Life","Sammy Rae & The Friends",2018-07-10,236213,53,false,,2023-07-27T16:28:48Z,"pop soul","Nettwerk Music Group",0.716,0.708,5,-4.978,1,0.0712,0.523,0,0.0886,0.761,127.059,4
spotify:track:5jJlfh6m8esYz14vxVly5i,"Building a Ladder","Choose Your Weapon (Japan Version)","Hiatus Kaiyote",2015,342053,14,false,,2023-07-27T13:28:11Z,"neo soul,indie soul,alternative r&b","Flying Buddha/Sony Masterworks",0.439,0.258,7,-12.726,0,0.102,0.549,0,0.152,0.303,82.247,4
spotify:track:2La21GqU4fKTQLcfLxTeoz,"Agitations tropicales","Odyssée - EP","L'Impératrice",2015-10-12,248892,70,false,,2023-07-23T15:39:16Z,"french indie pop,french house,french pop","microqlima",0.76,0.401,1,-9.537,0,0.0674,0.564,0.259,0.0977,0.619,115.989,4
spotify:track:6mVD1SfTvlFAPVi7txFL5H,"Machu Picchu","Angles","The Strokes",2011-03-21,209626,67,false,,2023-07-23T15:25:40Z,"garage rock,indie rock,alternative rock","RCA Records Label",0.695,0.817,1,-5.294,1,0.0659,0.0132,0.097,0.0601,0.874,105.014,4
spotify:track:2M20XMZy2XmRpYE2aNQhZR,"Look@Ugo","Tangerine","Mosie",2018-03-14,251477,45,true,,2023-07-18T17:26:20Z,"","Orangutan Records",0.843,0.389,9,-10.333,0,0.223,0.298,0.00000507,0.0765,0.685,109.987,4
spotify:track:5ua4QkJQDqWjfsbJDNCC1X,"Welcome Change","The Greng Jai Piece","Phum Viphurit",2023-01-31,294143,37,false,,2023-07-18T13:54:23Z,"bedroom pop","Rats Records",0.64,0.552,0,-12.451,1,0.0358,0.538,0.228,0.219,0.279,117.406,4
spotify:track:7iFmqWr2KDvNJt9ZCm7V21,"Presumably Dead Arm (617 Sessions)","Presumably Dead Arm (617 Sessions)","Sidney Gish",2017-10-20,214100,16,false,,2023-07-16T14:42:03Z,"bedroom pop","Sidney Gish",0.476,0.265,10,-9.462,1,0.0376,0.829,0,0.155,0.289,114.478,4
spotify:track:3SBg55SVg5q9O65Uxfi6XM,"Go Easy","Go Easy","JDM Global",2022-06-24,167685,5,false,,2023-07-11T14:37:56Z,"","JDM Global",0.664,0.793,4,-5.872,0,0.0613,0.132,0.000322,0.128,0.77,153.028,4
spotify:track:1LWxti3DGl5mPdbUFmTsga,"Easygoing","Easygoing","JDM Global",2022-05-11,210352,16,true,,2023-07-10T15:38:01Z,"","JDM Global",0.551,0.731,7,-7.002,1,0.0381,0.00708,0.0716,0.322,0.557,169.991,4
spotify:track:3fUaqg2fk3Zblhg4FJiwL7,"Either Way.","mō'zā-ik.","Phony Ppl",2018-10-19,235588,30,false,,2023-07-07T14:45:30Z,"indie soul","300 Entertainment",0.536,0.593,8,-7.32,1,0.0298,0.553,0.0000119,0.168,0.481,104.827,3
spotify:track:3V1MQv2hCKgySxaISd3QoC,"somethinG about your love.","mō'zā-ik.","Phony Ppl",2018-10-19,240627,22,false,,2023-07-07T14:16:12Z,"indie soul","300 Entertainment",0.707,0.734,7,-4.818,1,0.0649,0.0183,0,0.191,0.673,129.983,4
spotify:track:6NAq3eKpIXWWaCZSDqbIBM,"dialtone.","Euphonyus","Phony Ppl",2022-11-18,192009,32,true,,2023-07-07T13:12:57Z,"indie soul","300 Entertainment",0.71,0.728,7,-5.261,1,0.262,0.136,0,0.452,0.698,103.031,4
spotify:track:2zk7TQx9Xa4yxYmsjgDCPp,"Somehow.","Yesterday's Tomorrow","Phony Ppl",2015-01-13,230973,0,false,,2023-07-07T13:08:46Z,"indie soul","PHONY PPL LLC",0.502,0.399,11,-9.934,1,0.0295,0.719,0.00363,0.645,0.124,92.904,4
spotify:track:2p4ARx5nk3b9Jh07ivQR1c,"End of The niGht.","Yesterday's Tomorrow","Phony Ppl",2015-01-13,194680,0,false,,2023-07-07T12:17:47Z,"indie soul","PHONY PPL LLC",0.809,0.671,8,-7.4,0,0.0837,0.0618,0.000081,0.469,0.651,109.967,4
spotify:track:7a0i3hGEInHBswOYD5KaH4,"I'll Be With You","I'll Be With You","Apartment Upstairs;Doc Awes;Abhay Sharma;Fakeer",2021-01-02,222000,34,true,,2023-07-06T13:21:17Z,"acid jazz,indian indie","Apartment Upstairs",0.366,0.581,0,-8.947,1,0.129,0.00879,0,0.104,0.529,171.022,4
spotify:track:7kuQo7dUPXWchopgQJjRYc,"Breathe","Egospect","Sheep, Dog & Wolf",2013-08-23,340776,25,false,,2023-07-05T12:36:57Z,"","Sheep, Dog & Wolf",0.453,0.497,6,-7.329,0,0.0429,0.202,0.00597,0.0498,0.654,149.507,4
spotify:track:7dzUZec5MnWMyQnk5klnKR,"Grace Kelly","Life in Cartoon Motion","MIKA",2007-02-05,187733,63,false,,2023-07-01T14:08:11Z,"","Casablanca Records/Island UK",0.671,0.82,0,-5.796,1,0.048,0.0194,0.0133,0.361,0.685,122.361,4
spotify:track:3HKUFudvl99hRo701som94,"Never Can Say Goodbye","Here We Go Jack","Vulfmon;David T. Walker;Solomon Dorsey",2022-08-05,222374,6,false,,2023-06-19T12:17:40Z,"","Vulf Records",0.674,0.267,2,-18.792,1,0.105,0.497,0.871,0.11,0.314,81.607,4
spotify:track:2FNeQvqh7y7yadFIo9Ulep,"Paris Strawberry","Sailing Through Rainbows of Sound","Richard Houghten",2020-03-27,84674,15,false,,2023-06-16T13:56:39Z,"","Macroscopic Vibrations",0.423,0.188,4,-15.661,1,0.049,0.968,0.707,0.11,0.365,77.75,4
spotify:track:6cA1usDL8nTHeSgFewQat3,"After Hours","The Velvet Underground (45th Anniversary)","The Velvet Underground",1969,127453,59,false,,2023-06-12T13:32:10Z,"proto-punk,art rock","Polydor",0.608,0.152,7,-20.989,0,0.172,0.836,0,0.182,0.472,120.834,4
spotify:track:23tcm2RHu5zkvqVHjqLK4A,"rewind [Feat. PawPaw Rod]","gaps","Miloe;PawPaw Rod",2022-09-16,207076,15,false,,2023-06-12T13:02:01Z,"indie r&b","Loma Vista Recordings",0.732,0.583,7,-8.623,1,0.0398,0.236,0.00637,0.085,0.525,94.003,4
spotify:track:7AZ71DEtcLeIQcHVCGNrxr,"with pure crystalll teeth","elllegy","the olllam",2022-05-15,465353,30,false,,2023-06-11T15:13:12Z,"celtic","the olllam",0.685,0.568,4,-11.032,0,0.0497,0.622,0.854,0.104,0.26,107.997,1
spotify:track:2dI3JU3mRMndxZM26Zmrxs,"Opus 96 'Plus ultra'","Suite Gasolera","JBM;Juan Bautista Matienzo",2015-03-26,164101,34,false,,2023-06-11T14:35:06Z,"","SFC",0.489,0.0326,7,-24.6,1,0.0587,0.979,0.945,0.248,0.26,84.835,4
spotify:track:1GoyNvRJycBHfiHPJvRgwz,"Nuit Blanche (Live)","Cyrille Aimée Live","Cyrille Aimee",2018-06-22,355587,2,false,,2023-06-11T14:01:52Z,"french jazz,vocal jazz,jazz,jazz pop","Mack Avenue Records",0.597,0.328,2,-11.82,1,0.177,0.774,0,0.71,0.631,97.968,4
spotify:track:5p0Auas1sN4yci4YrK4fRl,"Inspiracao","Projeto Memoria Brasileira : Viva Garoto","Garoto",2013-05-31,152133,45,false,,2023-06-06T13:24:47Z,"bossa nova,brazilian jazz","Nucleo Contemporaneo",0.363,0.0689,9,-25.608,1,0.0374,0.978,0.895,0.134,0.473,130.242,4
spotify:track:3VLobXbQyEPmT6HLGtbaEl,"Tenderly","Solo in Rio 1959","Luiz Bonfá",2005-02-22,104160,31,false,,2023-05-31T12:07:58Z,"bossa nova,brazilian jazz,latin jazz","Smithsonian Folkways Recordings",0.517,0.095,7,-21.521,1,0.0497,0.889,0.873,0.111,0.599,125.485,4
spotify:track:4Swny18O6OSmj521UYbZa8,"Where the Sidewalk Ends","No Dogs Allowed","Sidney Gish",2017-12-31,169301,8,false,,2023-05-30T11:50:54Z,"bedroom pop","Sidney Gish",0.491,0.372,0,-10.322,1,0.0315,0.4,0,0.0944,0.813,80.728,4
spotify:track:3cijWAljXxxJDco4N2aLQl,"Lança Perfume","Rita Lee","Rita Lee;Roberto De Carvalho",1980-05-05,310760,61,false,,2023-05-25T18:53:07Z,"mpb,brazilian rock","EMI Music Brasil Ltda",0.827,0.516,9,-11.734,1,0.0578,0.255,0.0901,0.0748,0.71,125.101,4
spotify:track:0bgtlqjzKW4KXufOlzGsKT,"Waters of March","Breakaway","Art Garfunkel",1975-10,218720,50,false,,2023-05-24T13:59:11Z,"","Columbia",0.643,0.314,6,-19.362,1,0.0556,0.394,0.0000225,0.0787,0.641,119.836,4
spotify:track:5Q03AJdtfazFoenDKCzVlt,"Persephone","No Dogs Allowed","Sidney Gish",2017-12-31,204480,9,false,,2023-05-18T03:04:02Z,"bedroom pop","Sidney Gish",0.758,0.278,11,-16.436,1,0.113,0.779,0.0000962,0.0843,0.8,125.013,4
spotify:track:16cssMSjVqPJeBxRLy9FrF,"Pyjamas (feat. Remi Wolf)","Young Hearts","Benny Sings;Remi Wolf",2023-03-24,168240,0,false,,2023-05-14T13:34:50Z,"","Stones Throw Records",0.906,0.462,7,-9.487,1,0.0939,0.172,0.0775,0.136,0.7,97.085,4
spotify:track:5SZo3Grs3fmbPsHZzlLB6E,"Belong in the Sun","¿Téo?","¿Téo?;Lido",2018-09-13,194000,62,false,,2023-05-13T14:01:09Z,"","49 Digits LLC",0.781,0.7,5,-9.454,0,0.0681,0.357,0.0792,0.12,0.661,96.979,4
spotify:track:7jkZmyedGOIyDEVMJ4TFSX,"Missing You - Quarantine Sessions","Quarantine Sessions","Tom Misch",2021-09-03,273295,32,false,,2023-05-08T12:45:51Z,"indie soul","Beyond The Groove",0.581,0.154,6,-16.599,0,0.0379,0.944,0.864,0.057,0.197,102.966,4
spotify:track:129zuMM1WITbYkbljPlxaJ,"Special Occasion","Special Occasion","Emily King",2023-05-05,271635,0,false,,2023-05-05T12:54:57Z,"pop soul","ATO Records",0.699,0.671,7,-8.053,1,0.0634,0.741,0.0312,0.0792,0.864,78.944,4
spotify:track:2ZGkkZuAlZpXRUIT6tF02f,"Special Occasion - A COLORS SHOW","Special Occasion - A COLORS SHOW","Emily King",2023-05-02,214331,17,false,,2023-05-05T12:51:17Z,"pop soul","COLORSxSTUDIOS",0.659,0.538,7,-8.012,1,0.224,0.672,0,0.162,0.839,79.073,4
spotify:track:4j3GWI86JvSaF0BLdmgcfF,"Summertime Magic","Summer Pack","Childish Gambino",2018-07-11,213600,63,false,,2023-05-03T13:58:52Z,"","Wolf+Rothstein/RCA Records",0.76,0.579,0,-7.374,1,0.0567,0.0127,0.00344,0.106,0.129,100.011,4
spotify:track:39AiimNQ6hMt8xMA1og53e,"Summer Dance (feat. 東郷清丸)","後藤と東郷","Gotch",2021-05-10,209000,12,false,,2023-05-01T13:40:25Z,"j-rap,japanese indie,j-rock,city pop","only in dreams",0.777,0.378,4,-13.514,0,0.0765,0.34,0.454,0.0971,0.464,90.085,4
spotify:track:2ivD3llyr1jlAxfaFES71l,"Orange Colored Day","An Orange Colored Day","Arima Ederra",2022-10-07,187933,0,false,,2023-04-29T19:58:33Z,"","Arima's Lab",0.526,0.435,1,-11.774,1,0.0512,0.82,0.00443,0.093,0.0492,141.87,3
spotify:track:7mk6mEioOkqfoCC8xUw720,"Insomnia","Insomnia","KALI",2022-05-18,292000,30,false,,2023-04-26T13:36:46Z,"bedroom pop","Nettwerk Music Group",0.595,0.638,11,-7.752,1,0.0619,0.303,0.00149,0.075,0.678,139.925,4
spotify:track:5rRYQZ9JY4wawp2n2sdk3G,"Letters from the Imaginary","An Orange Colored Day","Arima Ederra",2022-10-07,161800,0,false,,2023-04-26T12:13:28Z,"","Arima's Lab",0.62,0.281,6,-12.979,1,0.072,0.471,0.111,0.427,0.269,92.52,4
spotify:track:1xNknVNOolLB4oQeEtNBX2,"Hello Hello Hello","I'm Allergic To Dogs!","Remi Wolf",2020-06-24,172023,57,true,,2023-04-22T16:26:56Z,"","Island Records",0.736,0.669,1,-8.305,1,0.136,0.107,0,0.224,0.797,86.531,4
spotify:track:5BHJAKnYZ4GGlxTmpnPGab,"GEEK OUT!","GEEK OUT!","Gareth Donkin;quickly, quickly;The Breathing Effect",2023-03-21,184137,41,false,,2023-04-18T13:36:49Z,"soul jazz,lo-fi,lo-fi beats,lo-fi hip hop,experimental jazz,nu jazz","drink sum wtr",0.61,0.323,6,-8.287,1,0.189,0.402,0.021,0.169,0.827,102.615,4
spotify:track:5Rs6mw2dUcLMdKv55h18tc,"Brown of Gold","Silo","The Altogether",2020-07-31,283408,16,false,,2023-04-13T12:25:23Z,"","Fries Guys Records",0.523,0.695,7,-5.817,1,0.0343,0.0543,0.00000515,0.85,0.424,89.08,4
spotify:track:3Dc86yXq3haXkQ5jwlxLiY,"Shot My Baby","NEVER ENOUGH","Daniel Caesar",2023-04-07,268221,0,false,,2023-04-11T13:08:23Z,"","Republic Records",0.496,0.657,1,-6.805,1,0.0417,0.00321,0.00401,0.193,0.175,84.94,4
spotify:track:5AKbPck4jUCKSEoOU1zHiG,"Always","NEVER ENOUGH","Daniel Caesar",2023-04-07,225312,0,true,,2023-04-11T12:53:41Z,"","Republic Records",0.578,0.436,2,-8.202,1,0.0461,0.666,0.0000019,0.106,0.199,135.86,4
spotify:track:1VRC6bxZHAO84ZznrofmgH,"Do You Like Me?","NEVER ENOUGH","Daniel Caesar",2023-04-07,227520,0,false,,2023-04-11T12:48:47Z,"","Republic Records",0.716,0.401,11,-6.845,1,0.0397,0.515,0.0338,0.129,0.38,76.973,4
spotify:track:3AvpyCAgied0ZUj2Y1nJey,"Toronto 2014 (with Mustafa)","NEVER ENOUGH","Daniel Caesar;Mustafa",2023-04-07,277518,0,false,,2023-04-11T12:43:40Z,"","Republic Records",0.679,0.335,0,-10.837,1,0.0574,0.891,0.0071,0.149,0.374,135.002,4
spotify:track:4TxA1IRXDzjmZpeGQhfXGF,"Ladybug","Silo","The Altogether",2020-07-31,173958,25,false,,2023-04-10T14:07:36Z,"","Fries Guys Records",0.615,0.723,2,-6.33,1,0.0647,0.153,0.00000556,0.605,0.8,178.017,4
spotify:track:3UhAHhSvqc2oDW6ojrYXQi,"Harvest Moon","Harvest Moon","Maya Delilah",2022-09-09,252533,33,false,,2023-04-10T13:21:47Z,"","Decca (UMO)",0.781,0.163,1,-14.781,1,0.0352,0.838,0.0802,0.111,0.133,114.987,4
spotify:track:0YeT52y9Z9rIL1F2pUtkcT,"Homes","Stay In Touch","Georgia Harmer",2022-04-22,289987,21,false,,2023-04-10T12:32:04Z,"","Arts & Crafts Productions Inc.",0.764,0.39,4,-8.966,0,0.0314,0.524,0.141,0.128,0.373,136.994,4
spotify:track:6gIZjOKgbjAV9DIGIBmlYs,"5 Dollars","5 Dollars","Dan & Drum",2022-07-29,163333,21,false,,2023-04-10T12:32:00Z,"","Slow Clap Records",0.444,0.646,4,-10.158,1,0.0602,0.423,0.805,0.177,0.653,143.858,4
spotify:track:3GZD6HmiNUhxXYf8Gch723,"Lost","channel ORANGE","Frank Ocean",2012-07-10,234093,86,true,,2023-04-09T13:13:03Z,"","Red Zone Entertainment / IDJ",0.913,0.603,8,-4.892,1,0.226,0.0272,0.000503,0.167,0.497,123.061,4
spotify:track:1boXOL0ua7N2iCOUVI1p9F,"Japanese Denim","Get You - Single","Daniel Caesar",2016-10-21,270846,6,true,,2023-04-07T15:26:14Z,"","Daniel Caesar",0.707,0.238,3,-8.818,1,0.0379,0.0905,0.00000242,0.0842,0.345,124.156,3
spotify:track:4osxJNBTFLCMUhXThxGClU,"PlantedInMyMind.Memo","PlantedInMyMind.Memo","Charlie Burg",2018-01-30,89072,0,false,,2023-04-04T19:29:34Z,"","Charlie Burg",0.511,0.114,0,-16.031,1,0.0362,0.969,0.00038,0.0887,0.508,59.219,4
spotify:track:36TX38AqonsuZ6yaTPiwaY,"Flat Top","Noon","Leo Kottke;Mike Gordon",2020-08-28,140146,19,false,,2023-04-03T15:28:25Z,"jam band,newgrass,funk rock","ATO Records",0.639,0.334,2,-16.488,1,0.0527,0.854,0.782,0.0859,0.971,94.594,3
spotify:track:35VXmjhRVU1aKgWiSxCMCf,"Community Gardens","Community Gardens","The Scary Jokes;Louie Zong",2019-01-01,146330,48,false,,2023-03-31T23:32:25Z,"","The Scary Jokes and Many Hats Distribution",0.554,0.313,10,-9.353,1,0.0787,0.829,0.00118,0.206,0.646,189.863,4
spotify:track:5Wksji3K7L0smDUbkdifFJ,"Sticky (feat. Childish Gambino & KIRBY)","Swarm","Ni'jah;Childish Gambino;KIRBY",2023-03-16,171397,30,false,,2023-03-29T13:10:06Z,"alternative r&b","RCA Records Label",0.714,0.744,0,-6.563,1,0.16,0.734,0.000881,0.368,0.648,74.275,4
spotify:track:2Id1fbpmA5NZJrTth4B6Dn,"threety three","threety three","Woody Goss",2023-03-24,217942,6,false,,2023-03-29T13:02:29Z,"","sapsucker productions",0.717,0.627,6,-8.423,0,0.0417,0.248,0.304,0.0776,0.709,96.306,4
spotify:track:4jLxibvYRtzEAiTDvbL9fO,"To the Mountains","Give Me A Minute","Lizzy McAlpine",2020-08-13,193800,62,false,,2023-03-27T14:02:28Z,"","Lizzy McAlpine",0.461,0.147,4,-14.022,1,0.033,0.918,0.000638,0.0846,0.267,78.809,1
spotify:track:7HZBcgvSFZ7A6nYxM5ygvF,"IF THERE’S NO SEAT IN THE SKY (WILL YOU FORGIVE ME???)","19 MASTERS","Saya Gray",2022-06-09,206374,42,false,,2023-03-27T13:32:34Z,"","Dirty Hit",0.445,0.493,7,-9.684,0,0.0617,0.156,0.00000997,0.132,0.18,150.334,4
spotify:track:0McAr86TOdNdTk6utdtPvE,"Dora / Saudade da Bahia","Sebastião Tapajos & Pedro Dos Santos, Vol.2 (Edición 50 Aniversario)","Sebastiao Tapajós;Pedro Dos Santos",1972,186133,41,false,,2023-03-22T12:53:42Z,"brazilian jazz,bossa nova","RP music - Radoszynski Producciones S.A.",0.387,0.253,5,-18.8,0,0.0483,0.931,0.923,0.118,0.364,103.9,4
spotify:track:4K2TmH3Luk6dF8dVEmq6m0,"You Deserve an Oscar","Good Morning It's Now Tomorrow","Matt Maltese",2021-10-08,216386,45,false,,2023-03-22T12:26:41Z,"","Nettwerk Music Group",0.458,0.61,6,-6.017,1,0.027,0.742,0.099,0.1,0.351,79.116,4
spotify:track:3viGqgmswIMRcmGat5WYYq,"Hospital (One Man Down) (feat. Remi Wolf)","Hospital (One Man Down)","Madison Cunningham;Remi Wolf",2023-02-15,207016,29,false,,2023-03-21T15:01:34Z,"","Verve Forecast",0.601,0.82,5,-5.939,0,0.073,0.181,0,0.114,0.775,146.103,4
spotify:track:68PHkOQpABqaKdxRMhbzMg,"Back On The Music!","Back On the Music!","Paul Cherry",2022-03-11,207226,0,false,,2023-03-21T14:24:37Z,"bedroom pop","Sunset Music Productions Co., Ltd",0.86,0.567,1,-7.913,1,0.0336,0.014,0.42,0.387,0.841,112.185,5
spotify:track:0OMzDnOHYxVWVqScODP4ha,"I'm Filled With Steak, and Cannot Dance","No Dogs Allowed","Sidney Gish",2017-12-31,209714,7,false,,2023-03-20T01:17:38Z,"bedroom pop","Sidney Gish",0.732,0.196,9,-14.012,1,0.0317,0.404,0.000123,0.11,0.809,105.008,4
spotify:track:61X73CJcpwGIxgQgKEXbw0,"You and Me On The Rock (feat. Lucius)","In These Silent Days","Brandi Carlile;Lucius",2021-10-01,230098,57,false,,2023-03-18T20:57:54Z,"folk,americana","Low Country Sound/Elektra",0.568,0.686,1,-6.635,1,0.033,0.15,0.00000181,0.0881,0.725,172.075,4
spotify:track:3HjyXmT0PyqVFGHR97VnKu,"Spring","All Mirrors","Angel Olsen",2019-10-04,203093,48,false,,2023-03-13T12:20:33Z,"","Jagjaguwar",0.52,0.37,2,-8.865,1,0.027,0.0169,0.0598,0.123,0.133,150.115,4
spotify:track:3bpGAsjsCIMTz98E7injb2,"Impostor Syndrome","No Dogs Allowed","Sidney Gish",2017-12-31,294260,49,true,,2023-03-12T03:30:53Z,"bedroom pop","Sidney Gish",0.717,0.567,7,-9.166,1,0.0329,0.6,0.00000485,0.205,0.728,114.976,4
spotify:track:50SqlGm40NnbQMf2UiyfhM,"One Time","Rising with It","Otis Junior;Dr. Dundiff",2020-10-23,210000,0,false,,2023-03-10T17:25:46Z,"contemporary r&b,lo-fi hip hop,jazz beats,lo-fi,lo-fi beats","Jakarta",0.666,0.566,6,-6.428,0,0.602,0.159,0,0.106,0.875,81.981,4
spotify:track:5omKvSB7yvJZxHthOzhqRP,"i'm going to fail my class","old songs","mage tears",2022-01-04,63934,0,false,,2023-03-07T02:08:17Z,"slowcore,lo-fi indie","mage tears",0.685,0.0785,8,-34.153,1,0.0727,0.992,0.947,0.105,0.278,143.446,4
spotify:track:33HfUi07zAeFxmsKfUE7Yy,"Satellite","Satellite","Will Paquin",2021-08-20,191505,0,false,,2023-03-07T02:04:29Z,"","Will Paquin Music",0.68,0.506,1,-10.04,0,0.0484,0.293,0.000253,0.0849,0.928,176.037,5
spotify:track:0gEyKnHvgkrkBM6fbeHdwK,"Linger","Everybody Else Is Doing It, So Why Can't We?","The Cranberries",1993-03-01,274706,71,false,,2023-03-06T14:54:13Z,"","Island Records",0.439,0.434,7,-14.918,1,0.0265,0.0783,0.0000518,0.14,0.204,94.843,4
spotify:track:1Zv6DYmVvWUiNouvvzRTcG,"A Place on the River","Every Which Way","Dan Reeder",2020-06-05,134203,0,false,,2023-03-05T04:18:49Z,"","Oh Boy Records",0.464,0.186,10,-10.29,1,0.0394,0.965,0.00379,0.107,0.0483,103.948,4
spotify:track:0725YWm6Z0TpZ6wrNk64Eb,"Super Rich Kids","channel ORANGE","Frank Ocean;Earl Sweatshirt",2012-07-10,304760,79,true,,2023-03-03T14:45:17Z,"experimental hip hop,alternative hip hop","Red Zone Entertainment / IDJ",0.739,0.419,3,-8.241,0,0.0854,0.219,0,0.196,0.58,60.493,4
spotify:track:0P4n2d8IDLXyABlAYsdL5C,"Spéir Rua","Infinite Space","SÍOMHA",2022-04-22,304693,0,false,,2023-03-03T13:55:09Z,"","Infinite Records",0.449,0.468,1,-10.722,0,0.0959,0.872,0.186,0.0865,0.473,90.376,3
spotify:track:5a2yG11mx2vNBcOo6UMIel,"Built To Roam","Roll The Bones X","Shakey Graves",2021-04-02,191294,0,false,,2023-03-01T15:04:28Z,"indie folk","Dualtone Music Group",0.519,0.236,8,-15.29,0,0.0453,0.879,0.00912,0.0926,0.243,110.013,4
spotify:track:5oZFLaVodMeAXeQSgkjvrI,"촉촉 (feat. 전지한)","촉촉","PPCX;Jihan Jeon",2015-08-28,250985,23,false,,2023-03-01T14:21:46Z,"","맨션106",0.736,0.391,0,-10.399,0,0.0288,0.849,0.00973,0.109,0.172,92.033,4
spotify:track:6UvLJHsIP0ycuNYpTh4RyW,"MARIE ANTOINETTE","THE MUSE","Qveen Herby",2023-02-14,170322,46,true,,2023-02-28T22:09:07Z,"","Checkbook Records",0.835,0.807,3,-4.407,0,0.0985,0.0198,0.0000373,0.179,0.774,92.978,4
spotify:track:7vpYsc9mT1Z0j9z4ZAnAKD,"Loop Joy","Private Reasons","Bruno Pernadas",2021-04-23,350191,14,false,,2023-02-28T20:57:02Z,"art pop","Bruno Pernadas",0.3,0.403,0,-11.284,1,0.0361,0.513,0.0469,0.116,0.0913,77.956,4
spotify:track:0iUfZP5KOCOEiRLrb4NXVf,"Theme Vision","Private Reasons","Bruno Pernadas",2021-04-23,381427,22,false,,2023-02-28T20:09:04Z,"art pop","Bruno Pernadas",0.548,0.682,4,-7.105,1,0.0356,0.323,0.00149,0.105,0.458,107.939,4
spotify:track:2gnvh9HRH5fCo5iDQXMvQN,"Can't Fight","Lianne La Havas","Lianne La Havas",2020-07-17,190560,58,false,,2023-02-28T17:45:34Z,"alternative r&b,soul,pop soul","Warner Records",0.737,0.522,6,-9.205,0,0.0485,0.0772,0.00347,0.152,0.768,86.985,4
spotify:track:5E6AoOwwAIbVqx9J6i7ccj,"Valley in the Ocean","Those Who Throw Objects at the Crocodiles Will Be Asked to Retrieve Them","Bruno Pernadas",2016-09-23,405351,0,false,,2023-02-23T01:44:26Z,"art pop","Pataca Discos",0.457,0.272,11,-12.022,1,0.0345,0.825,0.573,0.13,0.413,200.364,3
spotify:track:7t5kbG3pwnOvS2EltxEUlz,"Galaxy","Those Who Throw Objects at the Crocodiles Will Be Asked to Retrieve Them","Bruno Pernadas",2016-09-23,522487,0,false,,2023-02-22T13:59:58Z,"art pop","Pataca Discos",0.48,0.636,0,-6.824,1,0.0303,0.408,0.621,0.131,0.405,138.192,4
spotify:track:5xmK2Octg6BXZCKylC6WC1,"Blackstone","Blackstone","Clerel",2019-08-16,257545,25,false,,2023-02-22T13:34:11Z,"","N.O.T.E",0.809,0.287,4,-9.33,1,0.0327,0.477,0,0.101,0.692,95.049,4
spotify:track:1uB2akBAGtDbw9rGM4rjWA,"Light Upon the Lake","Light Upon the Lake","Whitney",2016-06-03,189453,37,false,,2023-02-22T04:07:09Z,"","Secretly Canadian",0.488,0.141,1,-14.025,1,0.0256,0.971,0.582,0.104,0.141,97.902,4
spotify:track:7LZsbdDRvEZGQv7s5T7Dv0,"Break the Fall - Acoustic","Break the Fall (Acoustic)","Swsh",2019-02-14,296062,44,true,,2023-02-20T13:24:14Z,"","FUTURE BOUNCE",0.724,0.458,8,-8.352,1,0.0313,0.527,0,0.1,0.469,80.007,4
spotify:track:7BmDZS7RTEdJGRxYlimvTU,"Second Nature","Second Nature","Lucius",2022-04-08,211336,0,false,,2023-02-20T13:19:42Z,"","Mom+Pop",0.733,0.666,7,-7.479,1,0.0523,0.0219,0.000134,0.127,0.631,104.004,4
spotify:track:480rD34KfGbMaT0L6zjeIu,"Pressure To Party","Crushing","Julia Jacklin",2019-02-22,182306,54,false,,2023-02-18T21:32:26Z,"","Polyvinyl Records",0.479,0.81,4,-3.949,1,0.0382,0.000127,0.0000391,0.112,0.369,141.931,4
spotify:track:17QLp5uadHptxnmq9clK8U,"Rack of His","Fetch The Bolt Cutters","Fiona Apple",2020-04-17,222307,46,false,,2023-02-18T20:54:08Z,"art pop","Epic",0.44,0.619,7,-9.846,1,0.112,0.831,0.00113,0.101,0.552,94.968,4
spotify:track:6kr5z5qnFSrOjOI8mwXIIB,"Passeio No Rio - Arranged by Carlos Barbosa-Lima","Violão Brasileiro (20th Century Brazilian Music for Guitar)","Luiz Bonfá;Panos Megarchiotis",2021-03-12,184093,28,false,,2023-02-13T14:46:30Z,"bossa nova,brazilian jazz,latin jazz","Da Vinci Classics",0.571,0.158,2,-16.835,1,0.0779,0.964,0.919,0.108,0.308,114.315,4
spotify:track:34sIEdi9tN5Fi2rNaSHVTQ,"Surrender To Me","Surrender To Me","FireCityFunk",2022-02-04,214727,45,false,,2023-02-12T16:51:47Z,"","Curly Smith Music",0.624,0.672,0,-11.108,1,0.0321,0.0191,0.511,0.06,0.925,108.746,4
spotify:track:4j8ePxnLOmLPt2aOdWhX7M,"All I Do","Let Sound Tell All","Julius Rodriguez",2022-06-10,280535,36,false,,2023-02-08T13:56:05Z,"soul jazz","Verve",0.512,0.377,1,-9.544,1,0.04,0.874,0.0224,0.122,0.572,59.31,4
spotify:track:1YmtjKDG7t3MNVGa49WGfp,"Right From The Start","Infinite Space","SÍOMHA",2022-04-22,268670,0,false,,2023-02-08T13:39:29Z,"","Infinite Records",0.688,0.346,5,-10.819,1,0.0622,0.846,0.128,0.146,0.228,142.25,4
spotify:track:1nOkgAEScb2DPE7l6FL51y,"Let Me In","3 3 3","Telula",2022-07-13,275374,0,false,,2023-02-01T13:42:56Z,"","Telula Records",0.709,0.605,0,-10.358,1,0.0348,0.0238,0.112,0.211,0.939,106.044,4
spotify:track:5jXECssVEET9zaFn0s2Ar7,"Heaven","Heaven","Isak Thomas and The Stoop Boys;Johnny Cattini",2022-03-24,185680,0,false,,2023-02-01T13:28:02Z,"retro pop,retro soul,indie soul","Isak Thomas and The Stoop Boys",0.745,0.433,4,-8.052,1,0.0379,0.314,0.0121,0.112,0.737,75.004,4
spotify:track:5fbiUB75zbrp6EY44IalDK,"Let Me Go","Monologues","Ogi",2022-05-05,225933,48,false,,2023-02-01T13:15:15Z,"retro soul","Atlantic/Atrium",0.371,0.326,9,-12.547,1,0.031,0.901,0.000846,0.133,0.261,86.143,4
spotify:track:4pBq5pKgmt3FDFd0IeZCsl,"Olhou Pra Mim","Millennium","João Donato",2000-01-01,117333,21,false,,2023-01-24T02:22:56Z,"bossa nova,brazilian jazz,samba,latin jazz","Universal Music Ltda.",0.596,0.563,8,-13.74,1,0.0451,0.892,0.908,0.12,0.973,123.466,4
spotify:track:5T3JxG8cWXvHZiENvVYgg2,"Birds of a Feather, We Rock Together (feat. Antwaun Stanley)","Mr Finish Line","Vulfpeck;Antwaun Stanley",2017-11-07,285349,2,false,,2023-01-21T19:50:04Z,"funk,funk rock","Vulf Records",0.722,0.246,5,-12.866,1,0.134,0.885,0.000264,0.606,0.515,80.156,4
spotify:track:2P5Mt6tDxrHWtlUdUbTRaX,"Young Ruins","Bad Hopes","Dead Horse Beats",2016-10-14,262228,0,false,,2023-01-19T19:30:50Z,"","Bastard Jazz Recordings",0.656,0.479,1,-9.716,0,0.0402,0.337,0.228,0.0882,0.303,81.004,4
spotify:track:6BzQnbYMiASXdwTerVH3zy,"The Sun Is In Your Eyes - Voice Memo","The Sun Is In Your Eyes (Voice Memo)","Jacob Collier",2021-01-01,111875,47,false,,2023-01-19T19:10:35Z,"","Decca (UMO)",0.531,0.192,5,-11.786,1,0.0393,0.864,0.00133,0.126,0.384,73.337,3
spotify:track:74ZQkrS93fcV6fcRYxqjjK,"Get It Right","Drama","Hajk",2019-02-08,239200,36,false,,2023-01-19T19:10:23Z,"norwegian pop","Jansen Records",0.747,0.301,2,-11.882,1,0.0382,0.618,0.0149,0.0799,0.465,84.033,4
spotify:track:4DGiTzPPKAbijVhJtmmqCL,"Feeling Bad Forsyth Street","Harlequin","Sofie Royer",2022-09-23,224343,18,false,,2023-01-17T15:45:33Z,"","Stones Throw Records",0.522,0.427,0,-7.565,1,0.0242,0.301,0.000135,0.111,0.293,143.845,4
spotify:track:1j1SN89whpANzYsCdZlzce,"Minkjaw","El Dorado","Frank LoCrasto",2011-03-01,180853,10,false,,2023-01-15T17:23:24Z,"","Hundred Pockets",0.719,0.401,7,-14.768,1,0.034,0.946,0.912,0.0911,0.694,122.262,4
spotify:track:0xaFw2zDYf1rIJWl2dXiSF,"Open Arms (feat. Travis Scott)","SOS","SZA;Travis Scott",2022-12-09,239613,76,false,,2023-01-12T20:08:22Z,"r&b,rap","Top Dawg Entertainment/RCA Records",0.665,0.59,9,-7.608,1,0.161,0.763,0.0132,0.147,0.216,77.559,4
spotify:track:5Y35SjAfXjjG0sFQ3KOxmm,"Nobody Gets Me","SOS","SZA",2022-12-09,180853,85,true,,2023-01-12T19:50:05Z,"r&b","Top Dawg Entertainment/RCA Records",0.358,0.284,7,-8.285,1,0.0285,0.805,0,0.183,0.276,99.796,3
spotify:track:2e2AXpIiJpet5b4qg85Gh6,"F2F","SOS","SZA",2022-12-09,185040,69,true,,2023-01-12T19:48:08Z,"r&b","Top Dawg Entertainment/RCA Records",0.533,0.74,2,-5.767,1,0.0359,0.089,0.00000295,0.337,0.465,89.934,4
spotify:track:0uHtKy5hvyHSnQIgUvGSSG,"A Mi Manera","!Volare! The Very Best of the Gipsy Kings","Gipsy Kings",2000-09-05,231093,38,false,,2023-01-04T17:02:49Z,"flamenco","Nonesuch",0.481,0.692,8,-10.038,1,0.057,0.76,0.000694,0.178,0.487,97.92,4
spotify:track:5zquV7va41xkZZNXWBA4Tw,"Summertime","Um Violão em Primeiro Plano","Rosinha De Valença",1971-12-09,181333,48,false,,2023-01-02T16:43:01Z,"brazilian jazz,bossa nova","RCA Records Label",0.491,0.719,9,-7.917,0,0.0482,0.734,0.886,0.14,0.512,97.513,4
spotify:track:59hnscy8vPMKgZ6dHnbf1u,"Moonflight","MOONFLIGHT","cleaned;木村仁星",2022-10-19,290600,0,false,,2023-01-02T15:44:43Z,"","Playwright",0.231,0.406,8,-11.633,1,0.0314,0.939,0.939,0.127,0.244,93.99,4
spotify:track:4lauttF1t783X0RKNuzEWo,"Blue Macaw","Blue Macaw","Slowya.roll;Anatole Muster;Hadrien Feraud",2021-10-29,274000,23,false,,2023-01-02T15:33:29Z,"nu jazz,jazz beats,jazz fusion","Radio Juicy",0.652,0.763,1,-9.489,1,0.0499,0.476,0.842,0.0919,0.427,124.984,4
spotify:track:3OHfY25tqY28d16oZczHc8,"Kill Bill","SOS","SZA",2022-12-09,153946,79,false,,2023-01-02T14:11:51Z,"r&b","Top Dawg Entertainment/RCA Records",0.644,0.728,8,-5.75,1,0.0351,0.0543,0.169,0.161,0.43,88.993,4
spotify:track:54Aa3U7MwohGZz56LMi0Ng,"All That’s Left of Me Is You","Schvitz","Vulfpeck;Theo Katzman",2022-12-30,172607,1,false,,2022-12-31T20:36:27Z,"funk,funk rock,retro soul","Vulf Records",0.644,0.389,6,-9.137,1,0.0279,0.208,0.000793,0.12,0.811,83.748,4
spotify:track:4ZRyO29QQaJ7imFb1w2Mpr,"Miracle","Schvitz","Vulfpeck",2022-12-30,204601,0,false,,2022-12-31T20:36:22Z,"funk,funk rock","Vulf Records",0.629,0.215,4,-13.048,1,0.106,0.65,0.0175,0.104,0.823,171.87,4
spotify:track:18NblhNZmwp79duZn3WzFj,"What Did You Mean by Love?","Schvitz","Vulfpeck;Antwaun Stanley",2022-12-30,273609,0,false,,2022-12-31T20:30:58Z,"funk,funk rock","Vulf Records",0.733,0.392,8,-10.543,0,0.165,0.552,0.00121,0.108,0.548,117.928,4
spotify:track:4au9zOGq4UoV03sLuXFZZI,"HEADSTART","Sunny Boy","Ritt Momney",2021-10-22,190021,45,false,,2022-12-28T15:08:08Z,"bedroom pop","Disruptor Records/Columbia",0.687,0.436,5,-7.505,1,0.0378,0.73,0,0.0853,0.281,94.968,3
spotify:track:5fDUoqo9mb7cRpwZPC5txX,"Despues de Las Seis","La Rana","Agustin Pereyra Lucena",1980,174330,56,false,,2022-12-28T15:04:07Z,"bossa nova,brazilian jazz","Far Out Recordings",0.597,0.188,3,-17.908,1,0.033,0.992,0.91,0.113,0.342,94.235,4
spotify:track:5K2cBicu96Pf4mrBv3Jojk,"If I'm Being Honest","Human","dodie",2019-01-18,279324,42,false,,2022-12-19T02:59:16Z,"","doddleoddle",0.435,0.191,10,-12.436,1,0.0396,0.919,0.033,0.114,0.193,112.1,4
spotify:track:6xTB1RZS2BEsXjcMQSeXtu,"Dancing In The Dark","Dancing In The Dark","Benny Sings",2021-09-09,206623,30,false,,2022-12-14T16:16:56Z,"","Stones Throw Records",0.879,0.365,1,-10.695,0,0.0485,0.0725,0.0946,0.108,0.719,123.876,4
spotify:track:59EPbYaZgU4qrQy1OwwhKt,"The Mercy of the Wind","In the Wind","Million Eyes",2015-02-20,105587,66,false,,2022-12-12T18:39:52Z,"","Epidemic Sound",0.467,0.0539,0,-21.715,1,0.042,0.985,0.52,0.0947,0.272,66.445,5
spotify:track:4KGGeE7RJsgLNZmnxGFlOj,"Falling Behind","Everything I Know About Love","Laufey",2022-08-26,173640,83,false,,2022-12-12T18:03:33Z,"","Laufey",0.449,0.353,7,-12.986,1,0.0915,0.942,0.0786,0.109,0.55,165.888,4
spotify:track:5qVRDemV409QNWWzb4EElk,"Falling Behind - Live","The Reykjavík Sessions","Laufey",2022-09-22,149173,47,false,,2022-12-11T15:54:18Z,"","Laufey",0.479,0.0744,7,-14.579,1,0.0504,0.967,0.00227,0.109,0.54,80.366,4
spotify:track:0eUqbAEAdSks8A57ez1ZP2,"SB-09","SB-09","Unknown Mortal Orchestra",2021-12-25,1122336,23,false,,2022-12-11T15:23:26Z,"neo-psychedelic","Jagjaguwar",0.41,0.541,1,-8.312,1,0.0751,0.946,0.399,0.152,0.42,138.999,4
spotify:track:5uJK1i4LU4I5Ai5qCeHonu,"Pink + White - Live at Electric Lady","Live at Electric Lady","Remi Wolf",2022-08-04,233406,0,false,,2022-12-05T13:52:30Z,"","Island Records",0.498,0.468,9,-6.17,1,0.0502,0.133,0,0.103,0.55,148.266,3
spotify:track:7xvpgEWTUWekq9uBcyW3yu,"Cheapest Flight","Futures","PREP",2016-10-14,268460,53,false,,2022-11-30T19:23:34Z,"","Jeffrey International",0.676,0.653,5,-5.228,0,0.0371,0.285,0.0000121,0.137,0.562,80.002,4
spotify:track:16GUMo6u3D2qo9a19AkYct,"Movin' Out (Anthony's Song)","The Stranger (Legacy Edition)","Billy Joel",1977,210760,74,false,,2022-11-30T19:23:31Z,"soft rock","Columbia/Legacy",0.664,0.88,2,-5.009,0,0.0326,0.465,0.0000163,0.0591,0.895,133.898,4
spotify:track:2lwi35A2ym3FAmSlvOGnQp,"So Good At Being in Trouble","II","Unknown Mortal Orchestra",2013-02-05,230146,0,false,,2022-11-30T19:23:27Z,"neo-psychedelic","Jagjaguwar",0.829,0.435,0,-10.136,1,0.0515,0.0363,0.881,0.119,0.594,103.817,4
spotify:track:3AyuigFWbuirWHvidbMz8O,"Should Have Known Better","Carrie & Lowell","Sufjan Stevens",2015-03-31,307697,65,false,,2022-11-30T05:13:54Z,"baroque pop","Asthmatic Kitty",0.493,0.171,7,-20.696,1,0.0317,0.98,0.263,0.126,0.296,90.928,4
spotify:track:47T54qbp9SreG2h7RBaMEG,"Até Meu Violão","No Reino Dos Afetos","Bruno Berle",2022-07-01,169653,44,false,,2022-11-29T02:38:04Z,"new mpb","Far Out Recordings",0.652,0.48,11,-13.473,0,0.0406,0.606,0.367,0.203,0.833,107.245,4
spotify:track:07IldRvWcxKbcg4GyIgKE4,"Changing Light","Changing Light / Sommer","Ironsides",2022-10-14,286039,17,false,,2022-11-29T02:37:56Z,"retro soul","Colemine Records",0.311,0.429,4,-8.7,0,0.0306,0.235,0.518,0.0883,0.2,144.464,4
spotify:track:6Ge2YQyGilk3PFGVzhyNgb,"pennies (voice memo)","pennies (voice memo)","Tiny Habits",2022-09-28,182757,35,false,,2022-11-29T02:37:49Z,"","rory records",0.574,0.204,4,-8.752,1,0.0383,0.928,0,0.0912,0.349,98.287,4
spotify:track:0yyTUTW3QCekpMvFJi3f2f,"Free","Free","Otis Kane",2022-04-15,166440,0,false,,2022-11-29T02:37:35Z,"retro soul,indie r&b","Otis Kane Entertainment",0.786,0.635,2,-8.276,1,0.0295,0.198,0.0134,0.273,0.579,99.996,4
spotify:track:3f3HHRPF5vAo90GwdpDMaQ,"Because I’m Me","Wildflower","The Avalanches",2016-07-08,252800,59,false,,2022-11-27T19:23:19Z,"plunderphonics","Universal Music Australia Pty. Ltd.",0.472,0.805,8,-5.793,1,0.086,0.0491,0.0162,0.337,0.512,94.922,4
spotify:track:480wq2eZRYUje04YYElZVG,"Sauna","Sauna","Vulfpeck;Vulf",2022-11-25,195223,0,false,,2022-11-26T04:41:24Z,"funk,funk rock","Vulf Records",0.838,0.338,1,-10.592,1,0.0434,0.0299,0.12,0.115,0.668,94.192,4
spotify:track:1i92UFFkxtKv4tYNzt1X1b,"As It Was","As It Was","PREP",2022-08-26,226798,58,false,,2022-11-23T04:46:33Z,"","Bright Antenna",0.798,0.628,6,-6.835,0,0.0699,0.7,0.0759,0.123,0.903,87.01,4
spotify:track:1nqvZEiWm2mNTma5dZOziC,"Our Song","Lies About The War","Jacob Banks;Anna Leone",2022-08-26,202133,37,false,,2022-11-17T01:57:10Z,"","Jacob Banks",0.357,0.279,8,-10.313,1,0.0397,0.887,0.0000114,0.112,0.202,146.887,4
spotify:track:1Yy8ZVrOvISrzbYqvm3qck,"Coolin","Lies About The War","Jacob Banks;Adekunle Gold;Samm Henshaw",2022-08-26,171480,42,false,,2022-11-17T01:36:23Z,"afrobeats,afrobeat,afropop,alté,afro r&b,afropiano,afro soul,afroswing,uk r&b","Jacob Banks",0.475,0.27,2,-10.652,1,0.035,0.916,0.000184,0.103,0.181,75.228,4
spotify:track:6wg3xExWapKXTSUb4JWfxf,"Know You Better","You + I","Madison McFerrin",2020-01-22,114068,7,false,,2022-11-14T13:44:01Z,"alternative r&b","MOCLOUD",0.459,0.0286,7,-16.757,1,0.045,0.985,0.00000282,0.117,0.355,167.609,3
spotify:track:2EFftHVvBP4MXYTG5UVvpX,"Phone","Time","Louis Cole",2018-08-10,170666,27,false,,2022-11-10T18:03:13Z,"indie jazz","Brainfeeder",0.588,0.472,6,-10.003,1,0.0694,0.791,0.0702,0.157,0.493,89.763,4
spotify:track:1zMqA6ddinao0Prv5DCy0L,"Loverboy","Jackson Lundy Presents ""Loverboy"" and ""Me & You""","Jackson Lundy",2020-05-28,170908,0,false,,2022-11-06T00:04:10Z,"","Jackson Lundy",0.727,0.408,9,-8.243,1,0.0614,0.307,0.0266,0.0924,0.297,87.044,4
spotify:track:5Ah7CDmFosZEwcQHkVXzxq,"Dandelions","Dandelions","Jackson Lundy",2022-09-22,147933,26,false,,2022-11-06T00:01:08Z,"","Jackson Lundy x After School",0.725,0.5,2,-10.678,1,0.089,0.693,0.278,0.121,0.382,156.026,4
spotify:track:4sXT62yvYaC4h7sDt8yPoN,"Ballad Medley: Bewitched, Bothered, and Bewildered / I Don't Know Why I Just Do / How Long Has This Been Going On / I Can't Get Started","Stan Getz and The Oscar Peterson Trio","Stan Getz & The Oscar Peterson Trio",2018-01-19,612506,16,false,,2022-11-03T13:49:18Z,"","Milestones Records",0.543,0.0346,8,-21.979,1,0.0419,0.986,0.732,0.104,0.239,132.564,4
spotify:track:6Mp9I4fFNvWtkPCl1UaV9e,"Unfashionable Chime","El Dorado","Frank LoCrasto",2011-03-01,97293,23,false,,2022-11-03T13:16:55Z,"","Hundred Pockets",0.678,0.251,10,-17.321,1,0.051,0.991,0.907,0.154,0.374,115.2,3
spotify:track:2fDdW9LPYBD5KwYXRYpWce,"Sin Triangle","No Dogs Allowed","Sidney Gish",2017-12-31,268400,18,true,,2022-11-03T00:41:20Z,"bedroom pop","Sidney Gish",0.68,0.62,11,-8.956,1,0.0521,0.179,0.00000192,0.0587,0.869,149.988,4
spotify:track:4GedwOz9QDga5UI6n1wUPW,"Just Like Water - Live","MTV Unplugged No. 2.0","Ms. Lauryn Hill",2002-05-07,369173,48,false,,2022-11-02T23:12:34Z,"neo soul","Columbia",0.489,0.365,1,-14.716,0,0.101,0.886,0.00000806,0.73,0.649,80.018,4
spotify:track:0EgDkAi1hzNK3D3DjWs4bL,"I'm Afraid I Love You","Here Goes Nothing!","Adam Melchor",2022-10-21,158106,28,false,,2022-10-30T15:18:44Z,"","R&R Digital/Warner Records",0.48,0.304,6,-11.301,1,0.0373,0.849,0.00102,0.099,0.247,77.367,4
spotify:track:2rM8LyCsfCMBKOsWy0BeMK,"Infinitely Tall","Infinitely Tall","Charlie Burg",2022-08-19,497360,0,false,,2022-10-30T14:53:50Z,"","FADER Label",0.338,0.49,8,-8.693,1,0.0491,0.576,0.0347,0.128,0.17,125.555,4
spotify:track:1fXK1yt6fsli2Cx7aZLqpJ,"Callback","Infinitely Tall","Charlie Burg",2022-08-19,183560,0,true,,2022-10-30T14:43:18Z,"","FADER Label",0.593,0.527,11,-8.317,0,0.157,0.327,0.000571,0.148,0.61,133.805,4
spotify:track:4cosLPIbGDoLHjbZVlZsAQ,"A Comet Over Bandemer","Infinitely Tall","Charlie Burg",2022-08-19,303533,0,false,,2022-10-30T14:37:56Z,"","FADER Label",0.584,0.485,9,-8.123,1,0.162,0.585,0.00217,0.0977,0.324,77.813,4
spotify:track:3Oh4mK062i0w5hneUPYd0v,"Chicago (Take It Or Leave It)","Infinitely Tall","Charlie Burg",2022-08-19,192280,0,false,,2022-10-30T14:01:33Z,"","FADER Label",0.783,0.526,1,-5.971,0,0.0389,0.0928,0,0.133,0.57,84.064,4
spotify:track:4asmY7pnbR4PhvQEdHn0EH,"97 Avalon","Infinitely Tall","Charlie Burg",2022-08-19,364333,0,false,,2022-10-30T13:55:35Z,"","FADER Label",0.758,0.491,11,-7.613,1,0.0425,0.181,0.000779,0.0663,0.532,109.99,1
spotify:track:6NvUdePT7c3G25xzJHT1cC,"So Nice","The Loneliest Time","Carly Rae Jepsen",2022-10-21,219000,40,false,,2022-10-24T23:31:09Z,"","Silent Records IGA",0.776,0.473,5,-6.791,1,0.046,0.0655,0.00000927,0.111,0.472,103.011,4
spotify:track:3v61sG0y5M1LnSsFN4IimM,"Beach House","The Loneliest Time","Carly Rae Jepsen",2022-10-21,149546,48,false,,2022-10-24T23:22:40Z,"","Silent Records IGA",0.841,0.736,6,-5.82,0,0.0575,0.0499,0,0.0834,0.823,117.99,4
spotify:track:1oarZ29ZGSZwJa8o30lV46,"Sideways","The Loneliest Time","Carly Rae Jepsen",2022-10-21,136093,45,false,,2022-10-24T23:19:39Z,"","Silent Records IGA",0.683,0.611,4,-7.538,1,0.055,0.0338,0.00000154,0.0588,0.748,171.922,4
spotify:track:6c6vULMrRuN4NECs2iB1xe,"The Loneliest Time (feat. Rufus Wainwright)","The Loneliest Time","Carly Rae Jepsen;Rufus Wainwright",2022-10-21,274506,55,false,,2022-10-24T23:06:08Z,"singer-songwriter","Silent Records IGA",0.701,0.548,2,-6.255,1,0.0517,0.103,0,0.102,0.509,122.971,4
spotify:track:3opQwVHIpSMHubh9n9hn27,"Sour Flower","Lianne La Havas","Lianne La Havas",2020-07-17,407813,39,false,,2022-10-21T15:56:32Z,"alternative r&b,soul,pop soul","Warner Records",0.382,0.573,9,-8.392,0,0.044,0.275,0.00343,0.0663,0.291,166.061,5
spotify:track:0ACoy3rzW779jyh76PI3UD,"On Top of the World","The Shapes I'm In","Stephen Day",2021-08-20,239044,56,false,,2022-10-17T11:50:57Z,"pop soul","Stephen Day",0.882,0.477,2,-7.858,1,0.053,0.502,0.0000783,0.0859,0.835,120.015,4
spotify:track:23khhseCLQqVMCIT1WMAns,"Magic","Ghost Stories","Coldplay",2014-05-16,285014,74,false,,2022-10-11T15:05:23Z,"","Parlophone UK",0.738,0.482,6,-8.917,0,0.0402,0.0266,0.621,0.106,0.352,93.457,4
spotify:track:5NhlpQ6BOIz3S5welptk1W,"Sober","Kauai","Childish Gambino",2014-10-03,252026,1,false,,2022-10-09T22:32:58Z,"","Glassnote Entertainment Group LLC",0.707,0.562,0,-7.621,1,0.0305,0.124,0.0000158,0.561,0.418,98.094,4
spotify:track:7dI2aYLZuGZYLcxVOtL3pq,"The Palisades","Kauai","Childish Gambino;Christian Rich",2014-10-03,190914,0,false,,2022-10-06T13:42:15Z,"","Glassnote Entertainment Group LLC",0.738,0.661,8,-7.006,1,0.0566,0.0059,0.0000038,0.149,0.443,100.071,4
spotify:track:63NdLdPSW4tNAnHU3ZKaKR,"Brown Eyes","West Side Highway","Melt",2021-02-19,235998,0,false,,2022-10-06T13:19:12Z,"indie soul,pop soul","Melt Records",0.661,0.352,7,-8.259,0,0.0296,0.715,0.0000354,0.135,0.237,77.958,4
spotify:track:6m9qPYXmhge2QhBLfFKnVF,"Same Drugs","Coloring Book","Chance the Rapper",2016-05-27,257775,60,false,,2022-10-05T03:42:07Z,"","Chance the Rapper",0.461,0.293,6,-9.52,1,0.0555,0.947,0.00000995,0.0936,0.531,180.297,4
spotify:track:5ntiOaJ7PKBbo4d2RuSrZz,"Trick of the Moon","Somewhere In-Between","Eloise",2021-06-18,119666,0,false,,2022-09-29T01:57:47Z,"","Harbour Artists & Music",0.63,0.269,0,-15.807,1,0.575,0.979,0.000677,0.817,0.651,136.026,3
spotify:track:6suniHkw9kWbCWMta68RxR,"Yards / Gardens","Yards / Gardens","Kate Bollinger",2021-11-10,141743,0,false,,2022-09-29T01:45:34Z,"","Ghostly International",0.801,0.546,10,-7.519,1,0.0319,0.273,0.674,0.11,0.741,107.991,4
spotify:track:0LtFiVFMspYjyfWT7hS29Z,"High Moon","High Moon","Oracle Sisters",2020-06-03,226935,0,false,,2022-09-29T01:05:47Z,"","22Twenty",0.471,0.297,1,-12.088,1,0.0267,0.872,0.453,0.383,0.395,165.81,3
spotify:track:7g07tmYNBITxvbR3KaTZjU,"Francis","Among Horses III","Haley Heynderickx;Max García Conover",2018-10-05,123000,32,false,,2022-09-29T00:58:12Z,"","Haley Heynderickx",0.653,0.337,0,-14.722,0,0.0347,0.881,0.0000622,0.0841,0.214,84.149,4
spotify:track:6lXaOvIzUHQfonz5BlUMQ2,"Good as Gold","Siren","Natty Reeves",2018-07-27,275089,0,false,,2022-09-29T00:57:50Z,"","DeepMatter Records",0.752,0.131,3,-14.715,0,0.0476,0.853,0.0271,0.111,0.223,111.738,3
spotify:track:1hz7SRTGUNAtIQ46qiNv2p,"GONE, GONE / THANK YOU","IGOR","Tyler, The Creator",2019-05-17,375386,75,true,,2022-09-19T13:37:11Z,"","Columbia",0.518,0.492,10,-8.436,0,0.193,0.216,0.0012,0.146,0.471,78.848,4
spotify:track:2evfbWqjsCIaqJpCYO5uta,"I Wanna Love You","Nothing but Love","Just Friends",2018-12-28,251077,39,false,,2022-09-18T23:55:30Z,"indie punk,midwest emo","Pure Noise Records",0.822,0.418,7,-6.254,1,0.0701,0.503,0.00782,0.108,0.507,104.931,4
spotify:track:4v20N4W83XDJORt7WCedII,"GLOWED UP","99.9%","KAYTRANADA;Anderson .Paak",2016-05-06,298026,52,true,,2022-09-15T14:00:43Z,"","XL Recordings",0.678,0.62,1,-10.024,1,0.321,0.036,0.00557,0.138,0.433,135.553,4
spotify:track:3viLkuPBryQzMXUzxL2uXY,"Yellow In Green","Wicked City","Jockstrap",2020-06-19,197093,0,false,,2022-09-15T02:48:05Z,"art pop","Warp Records",0.303,0.251,7,-11.698,0,0.0537,0.983,0.617,0.247,0.0762,76.959,4
spotify:track:7mCQQZ6YF8DyLUAqcBDKjI,"Acid","Wicked City","Jockstrap",2020-06-19,230400,0,false,,2022-09-15T02:44:23Z,"art pop","Warp Records",0.551,0.267,0,-5.956,1,0.0257,0.203,0.00279,0.21,0.184,80.055,4
spotify:track:68KTajUjddHUy6mFrnXGCc,"Autumn Leaves","Housecat & Sisyphus 55, Vol. 2","Housecat",2022-04-08,234520,31,false,,2022-09-12T22:26:24Z,"","Midnight Studios",0.745,0.0551,4,-26.331,0,0.0444,0.978,0.921,0.111,0.402,119.996,4
spotify:track:7Meqm9jgQXhh08vdnbrvfY,"Both Sides Now","Cream","Pat Martino",1997-10-21,138533,46,false,,2022-09-12T22:24:33Z,"jazz,jazz fusion,jazz ballads,hard bop,bebop","Savoy",0.423,0.0266,2,-26.967,1,0.0492,0.963,0.957,0.112,0.526,129.686,4
spotify:track:7rGV76bIhUxNltGTEcy0kD,"Apartment Song","Really From","Really From",2021-03-12,266976,0,false,,2022-09-12T22:15:03Z,"math rock,midwest emo","Topshelf Records",0.418,0.462,1,-13.098,1,0.0297,0.805,0.868,0.157,0.0654,95.058,4
spotify:track:0aWDf0kFZl57yHKw8bmcmK,"Sensitive","Sensitive","Richie Quake",2021-02-17,167339,28,false,,2022-09-08T20:11:25Z,"","Mass Appeal",0.809,0.666,0,-9.938,0,0.0365,0.439,0.115,0.124,0.872,108.988,4
spotify:track:1bpaA5Pn4jlo1cRAOBNQnh,"Golden Lady","Innervisions","Stevie Wonder",1973-08-03,298466,57,false,,2022-09-01T14:20:48Z,"motown,classic soul,soul","Motown",0.42,0.802,0,-9.793,0,0.0654,0.256,0,0.21,0.546,101.906,4
spotify:track:1ZP4Qxb7USL3EezbxfpOVF,"Pool","Pool","Still Woozy;Remi Wolf",2022-03-17,223000,54,true,,2022-09-01T13:41:54Z,"bedroom pop","Still Woozy Productions Inc., under exclusive license to Interscope Records",0.664,0.477,0,-10.53,1,0.0551,0.394,0.0000415,0.136,0.273,100.046,4
spotify:track:0ll8uFnc0nANY35E0Lfxvg,"Somewhere Only We Know","Hopes And Fears","Keane",2004-01-01,236160,81,false,,2022-08-29T00:07:12Z,"","Universal-Island Records Ltd.",0.453,0.655,9,-4.22,1,0.0257,0.0794,0.00000706,0.0849,0.366,172.01,4
spotify:track:6qbo26M43ipM0bTF5SgzzR,"Samba Dolente","Hoje","Francis Hime",2019-11-08,234973,35,false,,2022-08-17T15:13:07Z,"bossa nova,mpb,brazilian jazz","Biscoito Fino",0.404,0.355,7,-12.667,1,0.0425,0.917,0.00014,0.14,0.572,154.876,4
spotify:track:3keIh8QdhxlHQ0hsyDHrzA,"cold water","cold water","Uly",2020-03-27,233239,0,false,,2022-08-14T17:12:49Z,"","Faction Records",0.617,0.107,11,-18.342,1,0.0685,0.941,0.697,0.103,0.166,141.97,4
spotify:track:0ErTD8qvL1tdsWlPBAt8DO,"blue","blue","lavender;nomoon",2021-06-30,232736,22,true,,2022-08-10T15:44:44Z,"lo-fi indie,indie r&b","foundation.fm records",0.84,0.644,6,-6.926,0,0.0662,0.156,0.00676,0.537,0.599,105.032,4
spotify:track:1xSmjB0t19q4CSJ0X0ymGB,"Frankenstein","Frankenstein","Claire Rosinkranz",2021-05-14,202248,61,true,,2022-08-10T02:44:46Z,"","Republic Records",0.826,0.745,2,-6.091,1,0.141,0.13,0.0000132,0.178,0.883,119.92,4
spotify:track:5JcySGtU80a66X3BS2YG6L,"Boyz II Men","Boyz II Men","KIRBY",2021-04-08,130532,21,false,,2022-08-10T02:07:31Z,"alternative r&b","Play It Again Sam",0.606,0.715,2,-4.114,0,0.0762,0.148,0,0.0522,0.436,74.52,4
spotify:track:1rVYEt1tKsU4gRknhJbsxO,"Isolation Blues","Isolation Blues","Will Fox",2022-01-20,176026,39,false,,2022-08-01T14:45:26Z,"lo-fi indie","Twosyllable Records",0.605,0.545,6,-8.683,0,0.0316,0.789,0.888,0.197,0.557,93.776,4
spotify:track:21XK3S7N0Jyx9IJLG1tF6D,"Spirals","Spirals","Nick Leng",2022-05-19,295466,24,false,,2022-07-26T17:54:29Z,"","SOTA Records",0.505,0.467,1,-9.962,1,0.0386,0.219,0.00972,0.127,0.32,115.592,3
spotify:track:1gqhKpica2xrkDE9E3nNTv,"Lightning Of July","BIRDSONGS, Vol. 3","Baird",2022-03-25,176666,0,false,,2022-07-26T17:19:26Z,"","EQT Recordings, LLC",0.464,0.518,6,-8.13,1,0.108,0.758,0.00744,0.103,0.56,155.623,3
spotify:track:6oNwXGQLCZS42nrdfYeT0I,"Celebrate","Persona","Selah Sue;Mick Jenkins",2022-03-25,203840,24,false,,2022-07-24T13:30:30Z,"jazz rap","Because Music",0.644,0.888,10,-5.69,0,0.588,0.195,0.0000725,0.0981,0.407,164.902,4
spotify:track:2TvAUhjMegq8GaoVn4S1Y5,"Birds Gave Up","Hold Space For Me","Orion Sun",2020-03-27,179066,0,false,,2022-07-20T12:47:48Z,"alternative r&b,bedroom pop","Mom+Pop",0.541,0.119,1,-11.827,1,0.0297,0.986,0.0000019,0.102,0.227,79.934,4
spotify:track:6ZUUWhgb2a5W7jdfTjQK3S,"_21","CWTTY+","Liv.e",2021-07-30,160000,0,false,,2022-07-18T16:39:17Z,"alternative r&b,experimental hip hop,neo soul","In Real Life Music",0.595,0.662,7,-8.784,1,0.0343,0.168,0.000582,0.113,0.471,83.853,4
spotify:track:5psuezepdKbS4Iwl8kRY7M,"Oh I Miss Her So","Float Back To You","Holy Hive;Mary Lattimore",2020-05-29,251082,47,false,,2022-07-18T16:25:06Z,"retro soul,ambient","Big Crown Records",0.517,0.622,6,-6.452,0,0.0405,0.434,0.0377,0.141,0.456,164.295,4
spotify:track:5fy9HcPXnVJ4ykaYwcssAw,"Let Me Love You","Let Me Love You","The Four Freshmen",2020-06-09,114138,27,false,,2022-07-12T15:28:48Z,"vocal jazz,adult standards,doo-wop","The Four Freshmen",0.651,0.119,7,-18.005,1,0.0759,0.893,0,0.079,0.166,62.358,4
spotify:track:2XV5CUyw7gPVi18d718D4f,"Plantasia","Mother Earth's Plantasia","Mort Garson",2019-03-22,201178,53,false,,2022-07-11T14:15:07Z,"","Sacred Bones Records",0.185,0.243,8,-12.646,1,0.0406,0.472,0.00772,0.0966,0.139,85.342,4
spotify:track:05AAHqYui4wNGsODKyD4JQ,"Average Joe","Boys Cry","Oscar Scheller",2021-02-19,197307,0,true,,2022-07-10T14:26:48Z,"lo-fi indie","Handle With Care",0.732,0.671,4,-4.255,1,0.0513,0.0619,0.0416,0.316,0.697,123.973,4
spotify:track:0CWvHfEwbeBVN0RViTybvL,"Medicine","Harmony House","Dayglow",2021-05-21,229173,0,false,,2022-07-10T00:20:41Z,"indie rock","Very Nice Records",0.866,0.754,0,-5.531,1,0.0356,0.0364,0.00181,0.0801,0.962,115.034,4
spotify:track:0YYBYLlqoDnn09rZcNF5Ie,"Party City","Sir Woman","Sir Woman",2022-04-20,264000,0,false,,2022-07-06T15:29:22Z,"pop soul","Nine Mile Records",0.542,0.689,2,-6.264,1,0.114,0.13,0.00357,0.147,0.446,174.043,4
spotify:track:15hgJvMVRoaG2QHGuD5qgc,"Thank You For Asking","Thank You For Asking","Foy Vance",2020-06-25,151374,39,false,,2022-07-03T14:57:33Z,"","Atlantic Records UK",0.626,0.0717,9,-15.101,1,0.0569,0.932,0,0.125,0.405,101.189,4
spotify:track:2gSczfG187B9vUeJ3oqxwl,"Flying to LA","MARO, Vol. 2","MARO;Lisa Oduor-Noah;Xenia Manasseh",2018-04-30,160573,27,false,,2022-07-01T13:55:41Z,"afro r&b,afro soul,alté","SECCA Records, Distributed by Venice Music",0.59,0.146,9,-15.141,1,0.0352,0.905,0,0.129,0.12,126.962,4
spotify:track:0kEk0BqLdwHvKGYc9Lc3Xi,"Longing For Your Love","Memories","Ady Suleiman",2018-03-09,329333,37,false,,2022-06-28T15:09:10Z,"","Pemba",0.693,0.212,2,-9.329,1,0.0283,0.9,0.00231,0.125,0.151,94.09,4
spotify:track:03Lsa8o45lF5jGksuM8fwa,"Wheels","A Freak Grows in Brooklyn","Ryan Scott",2019-08-23,185620,35,false,,2022-06-28T14:28:41Z,"","Make My Own Records BYOB",0.873,0.592,1,-4.958,1,0.0945,0.0792,0.00193,0.106,0.823,131.552,4
spotify:track:2p31dMfs8NxRVWxJGZ3AJK,"Alone Again, Naturally","Alone Again, Naturally","Vulfmon;Monica Martin;Hailey Niswanger",2022-06-17,211672,0,false,,2022-06-27T14:40:44Z,"","Vulf Records",0.507,0.25,11,-14.77,1,0.0758,0.955,0.00201,0.112,0.283,77.997,4
spotify:track:41Czw3rStRBTCHQqLgUVUB,"Good as Gold","Good as Gold","Natty Reeves",2018-07-06,275089,26,false,,2022-06-23T18:55:08Z,"","DeepMatter Records",0.752,0.131,3,-14.715,0,0.0476,0.853,0.0271,0.111,0.223,111.738,3
spotify:track:5XiXpGVlm0Eu0luclu7qE3,"Prisoner (feat. Benny Sings)","Always Summer Somewhere","M.I.L.K.;Benny Sings",2020-03-13,167748,35,false,,2022-06-17T13:55:31Z,"","Universal Music Division Capitol Music France",0.926,0.54,9,-6.494,1,0.0405,0.299,0.000533,0.136,0.885,117.056,4
spotify:track:33wXZbwTfqBPPKpBnauVUk,"Gone To Count Sheep","Less Than Nothing","Max Pope",2016-01-29,279669,22,false,,2022-06-17T12:32:24Z,"","MP Records",0.454,0.809,9,-7.016,1,0.0791,0.468,0.0000276,0.0533,0.278,148.574,4
spotify:track:4ZcAsQdtyGBBBQpieVJdcv,"We're Off You Know","Hope","Klaatu",1977-09-01,241866,38,false,,2022-06-14T19:05:44Z,"progressive rock,art rock","CAPITOL CATALOG MKT (C92)",0.637,0.427,4,-8.951,1,0.0443,0.387,0.00000363,0.439,0.575,169.658,4
spotify:track:311tH0T2zakJggxrjc11oZ,"How Much Do You Love Me?","How Much Do You Love Me?","Vulfmon;Jacob Jeffries",2022-06-03,224123,0,false,,2022-06-14T14:33:05Z,"","Vulf Records",0.722,0.58,1,-5.671,1,0.16,0.619,0.00000274,0.1,0.572,123.978,4
spotify:track:2uXJcENP8l37SWwyjr0SGj,"Molasses","Needle Paw","Nai Palm",2017-10-20,314950,29,false,,2022-06-14T14:27:29Z,"indie soul,alternative r&b,neo soul","Masterworks",0.43,0.349,2,-7.27,0,0.0494,0.91,0.00000938,0.159,0.533,85.54,4
spotify:track:6W8XOCAudICxfCjiNgH35p,"GO","CYCLE/S","MIA GLADSTONE",2020-12-04,206165,30,false,,2022-06-07T15:04:53Z,"","PINK BOX STUDIOS!",0.869,0.552,0,-10.586,0,0.079,0.0399,0.000158,0.128,0.811,114.005,4
spotify:track:2dwU5i4LKYtVam5diDZBD6,"Bicycle Waltz","My Wild Arms","Goodbye Kumiko",2011-08-06,179520,38,false,,2022-06-07T15:00:37Z,"","2402575 Records DK",0.248,0.295,4,-11.654,1,0.0287,0.903,0.945,0.193,0.299,162.382,3
spotify:track:439YMLXTadwJM1AunVQf1V,"SAY GOODBYE","Awakening","Hiroshi Sato",1982,206320,46,false,,2022-06-07T14:55:09Z,"city pop,jazz fusion,j-r&b","Sony Music Direct (Japan) Inc.",0.772,0.67,5,-8.514,1,0.0563,0.484,0.000249,0.0545,0.882,111.02,4
spotify:track:3wa8JC8fe9gtsrMj7pXiKz,"Home","Genesis","K.ZIA",2022-02-11,183996,0,false,,2022-06-02T14:08:40Z,"ballroom vogue,indie r&b","K.ZIA",0.8,0.453,2,-6.094,1,0.0661,0.347,0,0.0823,0.668,90.061,4
spotify:track:12avSWqQ2kIAtjLS9C2Vjg,"Tuesday","Couple Ideas","Austin Marc",2019-12-15,210052,36,false,,2022-06-01T15:41:35Z,"","667269 Records DK",0.575,0.159,0,-19.723,1,0.0354,0.919,0.93,0.115,0.218,79.796,4
spotify:track:4KGv2RdGE9ZsA9WUcti66C,"You Make Me Feel Brand New","Force Majeure","Dezron Douglas;Brandee Younger",2020-12-04,393760,0,false,,2022-06-01T15:35:10Z,"experimental jazz,jazz","International Anthem Recording Co.",0.494,0.248,7,-18.389,1,0.0393,0.961,0.953,0.108,0.427,144.147,4
spotify:track:5IbGUO9rGzy9vDhU99ASeg,"Asterism Waltz (Celesta Version)","Asterism Waltz","Sven Wunder",2021-12-17,152115,0,false,,2022-06-01T15:28:35Z,"neo-psychedelic","Piano Piano Records, distributed by Light In The Attic",0.413,0.183,1,-14.421,1,0.0299,0.976,0.0701,0.0807,0.18,92.832,3
spotify:track:0ZS5uo7pepINDbBRGzEXq0,"Begin Again","Melchor Lullaby Hotline Vol. 1","Adam Melchor",2021-03-19,226408,27,false,,2022-05-26T15:18:58Z,"","R&R Digital/Warner Records",0.494,0.791,7,-5.371,1,0.0376,0.0234,0.0159,0.582,0.58,94.96,4
spotify:track:4PbeZrAqLw0kcQKc61PuBD,"Lagoon","Debonair","Horsey",2021-07-30,212000,0,false,,2022-05-24T16:51:31Z,"","Untitled Recs Limited",0.541,0.692,5,-7.361,1,0.0456,0.129,0.00764,0.0827,0.32,102.967,4
spotify:track:1Lfr9YBRpeSwCS14kBoTAg,"Moon in the Morning","Melchor Lullaby Hotline Vol. 1","Adam Melchor",2021-03-19,194266,39,false,,2022-05-24T14:36:18Z,"","R&R Digital/Warner Records",0.458,0.464,5,-9.126,0,0.031,0.799,0.0000342,0.109,0.256,122.821,4
spotify:track:1Qc4BJgL1RQrB0Iiko0JUI,"Ecstatic Baby","Erotic Reruns","Yeasayer",2019-06-07,174170,0,false,,2022-05-24T13:52:30Z,"","Yeasayer Records",0.689,0.947,8,-4.511,1,0.032,0.228,0.00183,0.34,0.883,119.976,4
spotify:track:65UwiLOEtwz04d8a6gf22J,"Living In The Snow","Key Change","Mocky",2015-06-26,156000,22,false,,2022-05-24T12:51:02Z,"indie soul","Heavy Sheet",0.643,0.547,11,-11.955,1,0.0375,0.218,0.0491,0.124,0.803,110.59,4
spotify:track:5MMW4CZsZiZt2iuqAXzzWC,"The Heart Part 5","The Heart Part 5","Kendrick Lamar",2022-05-08,332228,54,true,,2022-05-21T19:01:23Z,"hip hop,west coast hip hop","pgLang/Top Dawg Entertainment/Aftermath/Interscope Records",0.7,0.812,1,-8.128,0,0.297,0.183,0,0.0756,0.801,97.405,4
spotify:track:5LOiuvbH62YGtnwe6Ltt4T,"Mirror","Mr. Morale & The Big Steppers","Kendrick Lamar",2022-05-13,256006,0,true,,2022-05-21T19:00:31Z,"hip hop,west coast hip hop","pgLang/Top Dawg Entertainment/Aftermath/Interscope Records",0.652,0.67,2,-8.766,1,0.0639,0.225,0.000014,0.0804,0.274,91.933,4
spotify:track:6NZOc8kO0Fxo0fLPvIdLnW,"Mother I Sober (feat. Beth Gibbons of Portishead)","Mr. Morale & The Big Steppers","Kendrick Lamar;Beth Gibbons",2022-05-13,406528,0,true,,2022-05-21T18:53:56Z,"hip hop,west coast hip hop","pgLang/Top Dawg Entertainment/Aftermath/Interscope Records",0.492,0.369,8,-14.861,0,0.329,0.87,0.0000285,0.11,0.491,140.012,4
spotify:track:0YeUVm23SAkUruwEx9LWnt,"Savior","Mr. Morale & The Big Steppers","Kendrick Lamar;Baby Keem;Sam Dew",2022-05-13,224466,0,true,,2022-05-20T20:47:19Z,"hip hop,west coast hip hop","pgLang/Top Dawg Entertainment/Aftermath/Interscope Records",0.605,0.692,8,-7.45,1,0.446,0.495,0,0.303,0.685,124.84,5
spotify:track:2IwbW2jd0Ncv99Aroe77Ru,"Crown","Mr. Morale & The Big Steppers","Kendrick Lamar",2022-05-13,264299,0,true,,2022-05-20T20:37:43Z,"hip hop,west coast hip hop","pgLang/Top Dawg Entertainment/Aftermath/Interscope Records",0.355,0.245,1,-13.475,0,0.0358,0.801,0.0000911,0.112,0.162,173.329,4
spotify:track:0o0BtyLhvu05czmflES2tH,"My Own Person","My Own Person","Ezra Williams",2020-11-19,264873,0,false,,2022-05-20T14:04:50Z,"bedroom pop","Smoothboi",0.6,0.548,7,-6.977,1,0.0328,0.784,0.0000302,0.116,0.263,89.98,4
spotify:track:05zd5Nv0e02ZqrlC8A2cwx,"United In Grief","Mr. Morale & The Big Steppers","Kendrick Lamar",2022-05-13,255377,1,true,,2022-05-13T12:47:07Z,"hip hop,west coast hip hop","pgLang/Top Dawg Entertainment/Aftermath/Interscope Records",0.529,0.845,8,-8.142,1,0.404,0.244,0,0.143,0.331,85.63,3
spotify:track:710NI8HGV810rFcjErcJLt,"Dunno Why","Hideaway","Lofty",2019-02-01,215730,0,false,,2022-05-09T17:23:50Z,"lo-fi,lo-fi hip hop,lo-fi beats","College Music Records",0.449,0.391,10,-10.219,1,0.0658,0.959,0.323,0.932,0.509,179.23,4
spotify:track:318GlwGP0P1jr3FrSiQWZq,"You, Dear","This Thing Called Living","Eloise",2019-05-30,187124,0,false,,2022-04-28T04:13:06Z,"","Harbour Artists & Music",0.713,0.475,11,-7.782,1,0.315,0.763,0,0.395,0.418,71.021,4
spotify:track:5K7dEG6yDQ981HO7kFMVqm,"Baby Boy","ARIZONA BABY","Kevin Abstract",2019-04-25,211668,52,true,,2022-04-25T02:42:45Z,"","Question Everything/RCA Records",0.372,0.485,5,-8.841,1,0.0761,0.667,0.00386,0.14,0.433,170.417,4
spotify:track:1PqkLOmSxmUSlaMfLqG5yz,"Orange","Orange","CLAY",2018-11-09,212535,0,false,,2022-04-11T18:29:23Z,"","CLAY",0.548,0.598,0,-6.558,1,0.18,0.235,0.00000191,0.0864,0.313,85.216,4
spotify:track:4gqnJeeFu2GbOnHawPjWHn,"Midnight","Midnight","Toby Sebastian;Florence Pugh",2021-05-16,285076,45,false,,2022-04-11T17:20:47Z,"","Independent",0.732,0.406,4,-7.33,1,0.0343,0.583,0.0000228,0.088,0.584,117.903,4
spotify:track:73uJybGAhwGRD9MZYrOmTY,"Death with Dignity","Carrie & Lowell","Sufjan Stevens",2015-03-31,239508,66,false,,2022-04-10T15:39:20Z,"baroque pop","Asthmatic Kitty",0.514,0.16,4,-21.04,1,0.0383,0.986,0.0176,0.113,0.395,169.898,4
spotify:track:5Ye6ckW0s6zVNU5YxssgbS,"Easy Does It","Easy Does It","Harry McNally",2020-02-28,217266,27,false,,2022-04-10T14:52:10Z,"","HM records",0.912,0.436,0,-8.994,1,0.0786,0.227,0.85,0.511,0.958,123.011,4
spotify:track:6xUQp6OWRdZJp2siPjpirE,"Glitter of the City (Song By Tahira)","The Glitter of the City","Ron Everett",2021-06-04,321201,37,false,,2022-04-10T14:46:13Z,"jazz funk","Jazzman",0.689,0.694,10,-14.629,1,0.0522,0.326,0.0115,0.199,0.927,156.45,4
spotify:track:4NDWcvf5JAQXKn3RLySjYQ,"Single For The Summer","Beginners","Christian Lee Hutson",2020-05-29,237098,24,false,,2022-04-10T13:50:56Z,"","Anti/Epitaph",0.477,0.455,3,-9.441,1,0.0254,0.299,0.0104,0.111,0.491,96.702,4
spotify:track:0tmu2QX56AAno9DkbuIgFY,"Sitting On The Water","Sitting On The Water","Toby Sebastian",2021-08-13,254586,17,false,,2022-04-09T23:06:15Z,"","Ditto",0.693,0.239,3,-9.98,0,0.0367,0.918,0.0000612,0.0554,0.58,90.424,3
spotify:track:2XQfBzQ0Zn6kDB1wUH3cVZ,"CHOICES","4444","Sam Gendel",2017-11-17,290681,0,false,,2022-04-09T22:43:28Z,"ambient jazz,experimental jazz,nu jazz,indie jazz","Terrible Records",0.57,0.449,2,-15.094,0,0.0316,0.973,0.656,0.221,0.489,97.004,4
spotify:track:3Kx8jHwgt5plNRapiGQ2NS,"SCRAMBLED","TRY B4U BUY","Havelock",2020-03-02,277141,37,true,,2022-03-29T13:26:37Z,"","Havelock",0.535,0.428,9,-9.241,0,0.0933,0.575,0.0000202,0.1,0.208,156.095,3
spotify:track:7gcDdLl83dyMQAB4JvmSuk,"Eugene","Path","Path",2017-08-25,198605,24,false,,2022-03-29T13:24:32Z,"","Cinny Records",0.587,0.623,4,-10.281,1,0.0283,0.296,0.000112,0.279,0.663,120.09,4
spotify:track:3S196HxxjdC6eRSdRd33RV,"Skinny Love","Modern Art","Scary Pockets;Antwaun Stanley",2019-09-27,224150,36,false,,2022-03-29T12:14:01Z,"funk,retro soul","Pockets, Inc.",0.697,0.459,0,-8.583,1,0.12,0.366,0.000106,0.085,0.676,147.536,4
spotify:track:7wR04K3JSaRJPO3D0f5fnx,"Glow","Glow","Alice Phoebe Lou",2021-03-19,165412,0,false,,2022-03-27T21:33:18Z,"","Alice Phoebe Lou",0.58,0.573,6,-5.345,1,0.0314,0.0427,0,0.0811,0.502,86.699,4
spotify:track:7tITkd2OToE32ELyKO7OQM,"Breezy Slide","Breezy Slide","Louie Zong;Brian David Gilbert",2022-02-12,181134,35,false,,2022-03-21T01:52:11Z,"","Fuji Apple Records",0.635,0.561,5,-12.549,1,0.0363,0.172,0.000217,0.189,0.575,101.727,4
spotify:track:1RwK5al4DKxgHQ234mKbwB,"SULA (Paperback)","SULA (Paperback)","Jamila Woods",2020-08-07,255906,0,false,,2022-03-18T12:19:13Z,"alternative r&b","Jagjaguwar",0.264,0.289,6,-10.773,1,0.0315,0.67,0.00000148,0.119,0.295,82.45,4
spotify:track:748mdHapucXQri7IAO8yFK,"Kiss Me More (feat. SZA)","Kiss Me More (feat. SZA)","Doja Cat;SZA",2021-04-09,208866,8,true,,2022-03-17T03:45:41Z,"r&b","Kemosabe Records/RCA Records",0.762,0.701,8,-3.541,1,0.0286,0.235,0.000158,0.123,0.742,110.968,4
spotify:track:3Hz8ImMtA4rJGHRqCYE39u,"Youngest Child","Youngest Child","Gabriel Sayer;Bambina",2021-08-31,159979,0,false,,2022-03-14T19:19:55Z,"","Acrophase Records",0.691,0.726,9,-3.944,1,0.0477,0.145,0.0124,0.375,0.711,112.024,4
spotify:track:5geBLKrGS8cApnGN5Ncs7L,"NEXT 2 U","NEXT 2 U","ego apartment",2021-08-04,169484,39,false,,2022-03-10T15:04:32Z,"j-r&b","NihyakuWIND",0.769,0.591,4,-5.615,0,0.0492,0.573,0.0316,0.106,0.766,97.04,4
spotify:track:0six1LYkEh8vBorQvMF8hQ,"I'm Just Stupid","I'm Just Stupid","Maya Delilah",2020-05-15,166791,35,false,,2022-03-10T13:54:23Z,"","Maya Delilah",0.829,0.426,0,-12.215,1,0.0604,0.636,0.0756,0.113,0.962,141.01,4
spotify:track:7MTmPkKezlfu5imj1irLpH,"Eastside","Eastside","DAISY",2021-10-08,334360,28,true,,2022-03-10T13:42:41Z,"","Nice Work",0.628,0.376,4,-6.75,1,0.0428,0.44,0.00000152,0.293,0.507,71.949,4
spotify:track:06Xh1KvQofFghlSt33mFjc,"Wishful Thinking","FIRE ON MARZZ","BENEE",2019-06-28,213373,58,false,,2022-03-07T01:18:44Z,"","Republic Records",0.644,0.661,1,-6.161,0,0.0332,0.142,0.00000154,0.177,0.55,82.023,4
spotify:track:0gfJD5Uhx82OhbgVmUMPmH,"City Hell","Wicked City","Jockstrap",2020-06-19,326933,0,false,,2022-03-02T04:07:05Z,"art pop","Warp Records",0.273,0.399,3,-7.575,1,0.0375,0.00605,0.0214,0.163,0.0661,128.959,4
spotify:track:1lExr2fRER9uMrpIBqArSO,"Follow Me Like the Moon","Follow Me Like the Moon","Sammy Rae & The Friends",2022-01-14,261903,49,false,,2022-03-02T03:59:24Z,"pop soul","Nettwerk Music Group",0.629,0.853,11,-5.043,0,0.0729,0.146,0.0000678,0.176,0.679,108.119,4
spotify:track:3lI8xmGNgcwsSYEXjKdbdp,"Don't Wake Me Up","Is Your Love Big Enough? (Deluxe Edition)","Lianne La Havas",2012-07-06,224560,25,false,,2022-02-27T18:41:41Z,"alternative r&b,soul,pop soul","Nonesuch",0.561,0.433,4,-6.647,0,0.057,0.586,0,0.0808,0.305,75.99,4
spotify:track:4QHGNic39u9DF11MaQDfe9,"The Hook","The Hook","NONEWFRIENDS.",2020-08-14,366000,21,true,,2022-02-21T13:57:11Z,"","NNF.",0.463,0.452,11,-6.297,1,0.0369,0.723,0.0000363,0.199,0.378,89.845,4
spotify:track:4qztQITIPQRgY1ZVR2CDrM,"Ode to Artifice","Ode to Artifice","Samia",2019-05-20,165468,33,false,,2022-02-20T19:45:10Z,"","Grand Jury",0.676,0.746,10,-7.047,1,0.0364,0.297,0,0.104,0.602,128.003,4
spotify:track:4rbGIJobQJLUCgKrrsY6mm,"Magnetic","Magnetic","Full Crate;Susan Carol;Sergiio",2020-05-22,180000,0,false,,2022-02-18T16:08:59Z,"neo soul","85 Oceans",0.549,0.375,1,-10.213,1,0.119,0.451,0.000146,0.324,0.513,119.877,3
spotify:track:66Wan3CzN2tJZ4ZfYH6RFN,"Figure in the Field","Primitive Initiative","The Brazen Youth",2018-08-17,338360,0,false,,2022-02-18T14:42:26Z,"","The Brazen Youth",0.557,0.29,11,-13.424,1,0.036,0.185,0.000062,0.227,0.307,121.966,4
spotify:track:55jPhDgexkMIZbTCB7CNIY,"Sweet Tooth","Sweet Tooth","Isa Reyes",2018-04-08,150374,22,false,,2022-02-18T14:11:55Z,"","Isa Reyes",0.69,0.787,3,-6.782,1,0.0428,0.329,0.00147,0.127,0.254,89.993,4
spotify:track:4fad3fQF14tWgSJXCmF7hR,"be cool","soft thing","LOONY",2021-06-24,143647,0,false,,2022-02-18T14:04:25Z,"alternative r&b","LOONY",0.877,0.344,3,-7.281,0,0.246,0.582,0.00579,0.0969,0.518,140.107,4
spotify:track:3H5pElWVrTWGqLhqo7LxQM,"Kiss Me In Heaven","Accelerator","The Convenience",2021-10-22,219823,23,false,,2022-02-07T16:59:54Z,"","Winspear",0.687,0.55,4,-7.595,1,0.0819,0.232,0.266,0.104,0.962,157.801,4
spotify:track:6ChWsucu3FqaUr6q1nIsOj,"Fun Campfire Song","Fun Campfire Song","Dan Reeder",2022-02-04,138273,0,false,,2022-02-04T14:59:20Z,"","Oh Boy Records",0.508,0.195,10,-14.854,1,0.0413,0.907,0,0.104,0.386,90.27,4
spotify:track:06DcUBxCvBAqvWgpExtbLE,"Party Sickness","Party Sickness","Hope Tala",2022-02-02,229414,36,true,,2022-02-04T14:45:53Z,"alternative r&b","EMI",0.501,0.752,6,-4.606,1,0.1,0.175,0.000215,0.143,0.588,95.428,4
spotify:track:7GqL2FGwsRKPEtfPOVSXgS,"King of Silence","Stereotype A","Cibo Matto",1999,295533,43,false,,2022-02-01T15:22:33Z,"shibuya-kei,trip hop,art pop","Rhino/Warner Records",0.616,0.606,10,-7.342,0,0.0743,0.0691,0.0115,0.0878,0.612,168.28,4
spotify:track:0WebpqjAhluHB2WREW9x4R,"Hold In, Hold On","Hold In, Hold On","Kid Bloom",2020-11-13,159666,45,false,,2022-01-27T00:44:17Z,"","KID BLOOM/Electric Feel Rcds",0.774,0.766,0,-3.829,1,0.0351,0.119,0,0.0993,0.75,124.019,4
spotify:track:6DVgYOMyH4RC6kmKSD6dGo,"Colder","Colder","Rusty Clanton",2020-12-29,216000,0,false,,2022-01-25T15:52:16Z,"","Rusty Clanton",0.521,0.142,3,-18.436,1,0.0323,0.931,0.0211,0.0721,0.269,98.07,4
spotify:track:0DyZx471Ab72xTOFE47q9h,"Penelope","Penelope","Early Eyes",2018-06-15,236634,39,false,,2022-01-25T03:15:48Z,"","Birds Plural",0.613,0.651,11,-10.048,1,0.0513,0.103,0.000368,0.101,0.6,141.961,4
spotify:track:5ZHPjF87Mcry4c78EXOipS,"Something Has Changed","Antidote to Being Bored","Oscar Lang",2020-12-04,178426,28,false,,2022-01-21T20:37:06Z,"bedroom pop","Dirty Hit",0.575,0.917,1,-3.977,1,0.0312,0.0000625,0.289,0.114,0.751,114.99,4
spotify:track:4qIzZXT8dNM8IUwC9GKbBf,"Ideally Attached","Ideally Attached","Rafa",2020-08-28,236051,19,false,,2022-01-20T20:42:32Z,"","Funck Records",0.808,0.221,9,-12.666,1,0.0381,0.725,0.0156,0.173,0.483,110.001,4
spotify:track:4cZkUkXGaw1D8pkuiKZY9J,"Fragile","Fragile","Carter Benjamin;Appleby",2020-06-04,171702,0,false,,2022-01-20T20:34:12Z,"","Benjamin Carter",0.536,0.39,11,-8.185,0,0.0972,0.506,0.0826,0.117,0.321,84.556,4
spotify:track:1b4vtzaODrPqi7o055GNro,"Cheeky Peak","Cheeky Peak","Stan Forebee",2021-02-05,91500,20,false,,2021-12-28T19:38:11Z,"lo-fi beats,jazz beats,lo-fi hip hop,lo-fi,jazz rap","Stan Forebee Music",0.763,0.545,6,-8.975,1,0.0973,0.426,0.776,0.0952,0.899,90.029,4
spotify:track:1FxcYBWbzNaSxXIklgioPZ,"thank u, next","thank u, next","Sondre Lerche",2018-12-24,245813,0,false,,2021-12-17T21:13:29Z,"norwegian pop","PLZ",0.765,0.434,1,-9.105,1,0.0509,0.127,0.0341,0.0775,0.786,94.988,4
spotify:track:2q665uNpqatx58180pLD2a,"Clementine","Clementine","T. Evann",2020-06-02,309104,30,false,,2021-12-11T18:32:31Z,"lo-fi indie,surf rock","Nice Guys",0.678,0.599,9,-10.971,1,0.101,0.611,0.062,0.373,0.268,121.129,4
spotify:track:4ieunk0Q7WADWYoZMSolwG,"Handful of Water","Ventura (Extended)","Sofía Valdés",2021-05-21,151746,44,false,,2021-12-11T18:28:33Z,"latin indie","Warner Records",0.631,0.503,1,-7.857,0,0.0648,0.327,0,0.14,0.753,209.06,4
spotify:track:1vhdWXJNjlsgaSRdSpqsYh,"Danny Boy (Londonderry Air)","Solo Guitar","Ted Greene",1977-01-01,291413,44,false,,2021-12-09T05:40:38Z,"jazz ballads","Art of Life Records",0.367,0.0655,1,-24.978,1,0.0357,0.983,0.921,0.109,0.147,105.899,4
spotify:track:1G24yZgfwpRAPfhJuP2nt4,"Atheist","Beginners","Christian Lee Hutson",2020-05-29,180440,30,false,,2021-12-05T18:34:08Z,"","Anti/Epitaph",0.55,0.277,3,-10.281,1,0.0314,0.916,0.0000144,0.118,0.502,130.352,4
spotify:track:6lIRYe72fn1pf7TNqfI0ul,"Cheesin’ (with Cautious Clay, Remi Wolf, Still Woozy, Sophie Meiers, Claud, Melanie Faye, & HXNS)","Cheesin'","Cautious Clay;Remi Wolf;sophie meiers;Still Woozy;Claud;Melanie Faye;HXNS",2020-04-22,138000,56,false,,2021-12-03T16:06:43Z,"bedroom pop,indie pop,neo soul","Republic Records",0.818,0.623,9,-5.901,0,0.043,0.201,0,0.112,0.968,120.104,4
spotify:track:0In3u56vbH2at3bViAzzwq,"erase me (feat. Jacob Collier)","erase me (feat. Jacob Collier)","Lizzy McAlpine;Jacob Collier",2021-11-17,214468,0,false,,2021-12-02T18:05:38Z,"","Harbour Artists & Music",0.415,0.453,6,-8.537,0,0.0595,0.592,0.0000222,0.131,0.305,93.267,4
spotify:track:1uirE2Am209htwgK4KVrGD,"As","Regina","Becca Stevens;Jacob Collier",2017-03-24,299116,33,false,,2021-12-02T18:00:36Z,"","GroundUP",0.399,0.238,0,-13.727,1,0.0329,0.9,0.00000157,0.0809,0.304,94.711,4
spotify:track:02VdHwnGhy5fTW2CTZkYsb,"Helplessness Blues","Helplessness Blues","Fleet Foxes",2011-05-03,303386,56,false,,2021-12-01T16:03:31Z,"indie folk,folk,indie","Sub Pop Records",0.329,0.452,8,-7.737,1,0.0334,0.0908,0.00000543,0.118,0.193,125.217,3
spotify:track:10W9VfdAc8ZK2BTM80I4Z2,"Heart","Live for Each Other","Fat Night",2020-07-10,302226,0,false,,2021-12-01T16:03:07Z,"retro soul","Acrophase Records",0.531,0.371,6,-13.88,0,0.0385,0.65,0.0995,0.348,0.596,208.061,4
spotify:track:1dXc9K0s66XAb6oNJfsmya,"Softly (Tokyo)","City Pop","Benny Sings",2019-02-22,195720,26,false,,2021-12-01T16:03:04Z,"","Stones Throw Records",0.919,0.614,1,-8.785,1,0.0394,0.0653,0.106,0.0829,0.963,132.038,4
spotify:track:6LqZFfv4fUP7va14Y6VW9a,"Misty Morning","Breakfast","Lawrence",2017-02-24,252026,1,false,,2021-12-01T16:03:00Z,"pop soul,retro soul,christmas","LAWRENCE",0.63,0.387,0,-10.009,1,0.114,0.429,0.00112,0.112,0.412,167.845,4
spotify:track:3BeQzzSxNb7lzN1pJwXXDf,"Twenties","Twenties","Bren Joy",2019-05-17,255170,47,false,,2021-12-01T16:02:55Z,"","Warner Records",0.526,0.584,5,-6.414,1,0.194,0.171,0,0.0503,0.599,176.359,4
spotify:track:1QloOO4c5p6DkvnjcHDSSb,"Talk Words","Talk Words","Bickle",2021-08-02,213025,32,false,,2021-11-29T15:15:23Z,"","Bickleboy Big International",0.881,0.385,9,-9.516,1,0.0465,0.222,0.00105,0.104,0.571,119.004,4
spotify:track:1UeLNAJiklqa9RGRvtVqUx,"Crying","Love Hurts","Julian Lage",2019-02-22,334368,5,false,,2021-11-29T14:40:01Z,"jazz","Mack Avenue Records",0.57,0.322,2,-11.943,1,0.0281,0.895,0.857,0.131,0.333,93.994,4
spotify:track:5z0Wa1EiCoaUafx83WszRY,"That Life","That Life","Unknown Mortal Orchestra",2021-08-04,215866,0,false,,2021-11-29T14:27:19Z,"neo-psychedelic","Jagjaguwar",0.926,0.628,3,-5.246,1,0.047,0.069,0.00467,0.102,0.929,123.326,4
spotify:track:5wJ9sSG7NItwu34jMnyxqa,"Liz","Liz","Remi Wolf",2021-06-01,175866,50,false,,2021-11-29T14:12:56Z,"","Island Records",0.665,0.788,5,-3.889,0,0.0857,0.142,0,0.317,0.63,80.476,4
spotify:track:63msGdgRl82cT88247E2kz,"Last Time","Melchor Lullaby Hotline Vol. 1","Adam Melchor",2021-03-19,193972,38,false,,2021-11-23T13:18:34Z,"","R&R Digital/Warner Records",0.493,0.556,7,-11.351,1,0.102,0.714,0.0439,0.287,0.409,146.057,4
spotify:track:3CRKXn5SZdHquWBpyPjEAr,"Nice","Humilis","Jazz Emu",2021-08-19,258226,12,false,,2021-11-23T04:25:45Z,"","Jazz Emu",0.668,0.538,4,-6.574,1,0.068,0.606,0.0000166,0.114,0.468,78.953,4
spotify:track:6Tr0Zxy9g4csx7sJETuM5Z,"Shirt Collar","Humilis","Jazz Emu",2021-08-19,209096,14,false,,2021-11-23T04:25:39Z,"","Jazz Emu",0.835,0.621,8,-6.703,1,0.462,0.357,0.00000125,0.0859,0.938,166.002,4
spotify:track:6DXRQVvJThjyDkuFhUQufg,"Hœrgüpjelly Kisses","Humilis","Jazz Emu",2021-08-19,200869,23,false,,2021-11-21T17:02:47Z,"","Jazz Emu",0.887,0.472,0,-9.98,1,0.139,0.649,0.0156,0.138,0.931,138.015,4
spotify:track:6B1Q7hi48RVUvak1SLoiJX,"Venus Flytrap","Venus Flytrap","Feng Suave",2018-11-30,222122,13,false,,2021-11-17T15:55:36Z,"bedroom pop","Feng Suave",0.611,0.453,4,-8.366,1,0.0296,0.533,0.0000178,0.115,0.4,130.925,4
spotify:track:4JYJU761kWJEK91hyug33F,"Tree Among Shrubs","Untourable Album","Men I Trust",2021-08-25,188301,0,false,,2021-11-17T15:30:52Z,"bedroom pop,indie pop,dream pop","Independent",0.713,0.443,11,-11.704,0,0.0531,0.656,0.804,0.111,0.864,76.791,4
spotify:track:2ARIyufUagbk2YXbqJXYOH,"Ride with Me","Introducing...","Aaron Frazer",2021-01-08,232760,46,false,,2021-11-17T14:22:28Z,"retro soul","Dead Oceans",0.695,0.528,6,-8.582,1,0.0315,0.199,0.684,0.0995,0.75,124.385,4
spotify:track:5ZULggPwFprcSc9kgEbLZF,"Have You Decided?","Have You Decided?","Ruthven",2020-08-04,286893,23,false,,2021-11-17T14:15:04Z,"","Paul Institute",0.524,0.508,5,-11.486,1,0.0506,0.534,0.00196,0.129,0.137,123.985,4
spotify:track:7DyRJrCSEgzDxjCDNrgmgh,"Joy Is You","Breathe Deep","Oscar Jerome",2020-08-14,236720,30,false,,2021-11-17T13:50:09Z,"indie soul,jazz house,indie jazz,nu jazz","Au Contraire Music",0.71,0.246,11,-13.659,0,0.0618,0.899,0.0158,0.103,0.289,62.534,4
spotify:track:0LDiaSudHOYJ8e473mv5uY,"Leave The Door Open","An Evening With Silk Sonic","Bruno Mars;Anderson .Paak;Silk Sonic",2021-11-12,242096,0,false,,2021-11-15T18:45:44Z,"","Aftermath Entertainment/Atlantic",0.586,0.616,5,-7.964,1,0.0324,0.182,0,0.0927,0.719,148.088,4
spotify:track:7GuP2hQO9oprADjY3gRhCT,"Fly As Me","An Evening With Silk Sonic","Bruno Mars;Anderson .Paak;Silk Sonic",2021-11-12,219389,0,false,,2021-11-15T18:45:42Z,"","Aftermath Entertainment/Atlantic",0.783,0.627,2,-8.521,1,0.102,0.00756,0,0.0606,0.48,100.025,4
spotify:track:2MKLbFPQ3QDXpQ0KnS06Kl,"Those Sweet Words","Feels Like Home","Norah Jones",2004-01-01,202640,68,false,,2021-11-09T21:22:30Z,"jazz pop","Blue Note Records",0.798,0.234,2,-10.699,1,0.0317,0.875,0.000626,0.134,0.403,103.152,4
spotify:track:4CtdS20WySSZbJHCs3Tqdo,"No Looking Back","Missing Molars (Swnt Deluxe)","Genesis Owusu",2021-07-14,222840,0,true,,2021-11-09T15:03:38Z,"","House Anxiety / Ourness",0.524,0.614,8,-5.772,1,0.0478,0.18,0.000932,0.115,0.502,123.049,3
spotify:track:3XjHve3SvevGpoAMkYMhHS,"Yesterday","Yesterday","Cōrt;Ava",2020-03-03,182716,0,false,,2021-11-09T13:43:20Z,"afro house","1160966 Records DK",0.629,0.273,10,-14.294,1,0.0294,0.465,0.275,0.105,0.605,79.996,4
spotify:track:6A46jG17UumVQLqodsFxuV,"Show Me How (Album V)","Oncle Jazz","Men I Trust",2019-09-13,215110,51,false,,2021-11-07T16:50:19Z,"bedroom pop,indie pop,dream pop","Independent",0.812,0.212,9,-15.267,0,0.0606,0.765,0.849,0.0959,0.463,166.025,4
spotify:track:5sXTG5MxeA6zVNm3YfCVad,"Dive","All Talk!","Tim Atlas",2018-03-06,237480,0,false,,2021-11-07T15:45:16Z,"","Tim Atlas",0.778,0.616,11,-5.466,1,0.0375,0.0771,0.0136,0.185,0.951,102.987,4
spotify:track:36PQh1G6h7n9VWB799fXpI,"Darling","In Mind","Real Estate",2017-03-17,260386,52,false,,2021-11-07T15:28:56Z,"jangle pop,dream pop,surf rock","Domino Recording Co",0.596,0.894,0,-5.407,1,0.0265,0.00878,0.00659,0.104,0.572,132.994,5
spotify:track:65j65yDSE06CNKAPjsHoJt,"Was It Something I Said","Was It Something I Said","MyKey",2019-07-26,220588,58,false,,2021-11-07T15:26:08Z,"bedroom pop","Warner Records",0.587,0.724,6,-6.775,1,0.0321,0.617,0.000168,0.157,0.837,106.994,4
spotify:track:0kjRlBI8YIxDQKrP7PrZr4,"Satellite","Satellite","Will Paquin",2021-08-20,191505,0,false,,2021-11-03T14:36:26Z,"","Sonder House",0.68,0.506,1,-10.04,0,0.0484,0.293,0.000253,0.0849,0.928,176.037,5
spotify:track:0RVJGI35nVNlRqJMlIYOe4,"Cigars","Cigars","edbl;Alfie Neale;Jarki Monno",2020-09-16,197036,21,false,,2021-11-03T14:25:06Z,"uk r&b,lo-fi hip hop,neo soul","edbl recordings (Catalogue)",0.808,0.655,4,-6.879,0,0.304,0.398,0,0.402,0.783,93.924,4
spotify:track:4G5bnCpOB99DIcOQa6QVYw,"Show Runner 99","Show Runner 99","Ritt Momney",2021-08-27,206316,0,true,,2021-11-02T15:00:12Z,"bedroom pop","Disruptor Records/Columbia",0.26,0.465,6,-10.143,1,0.0332,0.916,0.00345,0.33,0.315,127.465,5
spotify:track:4cJOLN346rtOty3UPACsao,"I Don't Know You","I Don't Know You","The Marías",2017-06-14,209449,0,false,,2021-11-02T14:34:11Z,"bedroom pop","Superclean Records",0.884,0.333,9,-9.753,0,0.0617,0.293,0.0205,0.103,0.587,118.065,4
spotify:track:62kHSw6wBh4c6UemJCb5p6,"Take Me Where Your Heart Is","Take Me Where Your Heart Is","Q",2020-10-09,192647,0,false,,2021-11-02T14:21:56Z,"alternative r&b","Columbia",0.858,0.426,10,-8.879,0,0.0402,0.00586,0.761,0.0986,0.419,89.981,4
spotify:track:2MOvdhC2Ve2kgiL1oG0i7e,"Everything's Gonna Be Fine","A Freak Grows in Brooklyn","Ryan Scott",2019-08-23,196591,29,false,,2021-11-02T12:42:55Z,"","Make My Own Records BYOB",0.669,0.613,10,-6.042,0,0.0936,0.0518,0.5,0.0795,0.742,82.879,4
spotify:track:7GdGBGwFMg21mY9kNpNKXI,"Antidote","A Collection of Fleeting Moments and Daydreams","Orion Sun",2017-07-02,169756,0,false,,2021-11-01T00:12:30Z,"alternative r&b,bedroom pop","orion sun",0.506,0.807,8,-3.96,1,0.249,0.161,0,0.114,0.394,163.239,4
spotify:track:2joEpsXflccZD0ZwKEdz5m,"Sugar","Untourable Album","Men I Trust",2021-08-25,176315,0,false,,2021-10-31T23:22:54Z,"bedroom pop,indie pop,dream pop","Independent",0.823,0.461,9,-12.75,0,0.0366,0.647,0.327,0.14,0.798,114.026,4
spotify:track:3eZqBNHlNA4lUsbAB6UmvD,"Loretta","Loretta","Ginger Root",2021-06-16,190153,4,false,,2021-10-31T23:22:44Z,"city pop","Acrophase Records",0.706,0.801,2,-5.646,1,0.0462,0.282,0.594,0.143,0.887,130.001,4
spotify:track:3IPBftcOHWxzLFyH5svvnY,"Sweet (feat. Landon Sears)","Twenties","Bren Joy;Landon Sears",2019-05-17,226153,52,false,,2021-10-28T12:42:08Z,"","Warner Records",0.623,0.73,0,-6.851,1,0.124,0.174,0,0.0684,0.549,78.056,4
spotify:track:6RG8y3WSNUE3DcIC3eQCXO,"Blue Lips","Invitation to Her's","Her's",2018-08-24,222062,60,false,,2021-10-25T12:34:43Z,"indie","Heist Or Hit Records",0.359,0.727,2,-7.088,1,0.0345,0.0512,0.81,0.112,0.698,109.853,4
spotify:track:1RQX0lUyIewT7PdeyvaxpG,"Boy With The Sun Song","Boy With The Sun Song","Lucy Lu",2020-04-16,160645,26,false,,2021-10-18T21:09:56Z,"","Independent",0.612,0.0672,4,-19.455,1,0.0456,0.956,0.0446,0.112,0.212,126.815,4
spotify:track:6tRLsc81sNWEnU38DbC0Qb,"Park 566","Rainbow Beach","Woody Goss",2021-09-24,153837,15,false,,2021-10-15T18:04:06Z,"","sapsucker productions",0.652,0.418,4,-11.011,1,0.0488,0.753,0.797,0.264,0.864,82.976,4
spotify:track:53qUC0o9yXmLWaoVSouYFm,"Thoughts on Ray Vibrations","Rainbow Beach","Woody Goss",2021-09-24,230733,21,false,,2021-10-15T17:53:55Z,"","sapsucker productions",0.464,0.246,11,-14.965,1,0.0418,0.756,0.874,0.0985,0.34,163.078,3
spotify:track:7565wUzDX6PHPBS0T2pqbf,"Somewhere","Rainbow Beach","Woody Goss",2021-09-24,210086,17,false,,2021-10-15T17:38:30Z,"","sapsucker productions",0.748,0.528,10,-10.718,0,0.0715,0.123,0.764,0.123,0.872,131.962,4
spotify:track:19NKbRV1zevCIzePp88Wzh,"Henny in the Hamptons","Twenties","Bren Joy",2019-05-17,197375,48,false,,2021-10-07T02:03:00Z,"","Warner Records",0.631,0.634,1,-6.786,0,0.115,0.634,0,0.168,0.479,87.903,4
spotify:track:6GT0EGXSMiS4s5X9v0EvfG,"Escapism (feat. AJ Michalka, Zach Callison & Grace Rolek)","Steven Universe, Vol. 2 (Original Soundtrack)","Steven Universe;Zach Callison;Grace Rolek;AJ Michalka",2019-04-12,121501,69,false,,2021-10-06T16:59:54Z,"","Cartoon Network / WaterTower Music",0.482,0.0821,0,-16.88,1,0.0479,0.962,0.014,0.0993,0.306,80.01,5
spotify:track:79NCNvyJMKSCVSGQZjSLf4,"Something To Believe In","Who Are You Now","Madison Cunningham",2019-08-16,237493,31,false,,2021-10-04T21:47:44Z,"","Verve Forecast",0.421,0.129,3,-11.315,1,0.0342,0.893,0.00000543,0.095,0.133,118.383,4
spotify:track:2Kp5p8jiWH42gJVv4cHNBZ,"I Never Like It When You Leave","I Never Like It When You Leave","Micah Edwards",2020-08-20,194203,42,false,,2021-10-04T21:44:13Z,"retro soul","Sundae Sauuce",0.665,0.456,5,-9.745,1,0.0331,0.804,0.0207,0.14,0.823,112.056,4
spotify:track:1j800qQ0uge8cVdw9BQ3dp,"Desert Song","Desert Song","säje",2020-05-29,235474,38,false,,2021-10-04T21:40:05Z,"vocal jazz,soul jazz","sajevoices",0.354,0.167,3,-14.403,1,0.0341,0.948,0.00000344,0.121,0.239,137.844,4
spotify:track:3R1DPDoWdFdPeBj4aLwqBo,"Bemyself - from Hansa Studios, Berlin","Live Vol. 1","Parcels",2020-04-29,268799,55,false,,2021-10-04T18:02:39Z,"indie soul","Kitsuné Musique",0.913,0.533,9,-9.211,1,0.0389,0.268,0.0069,0.118,0.811,112.951,4
spotify:track:0Er2jzxpETgTu4O8WIvRqA,"Dusk","The Great Escape","Blue Wednesday;Soul Food Horns",2020-01-06,162371,36,false,,2021-10-04T17:53:39Z,"lo-fi hip hop,lo-fi,lo-fi beats,jazz beats,jazz rap","Chillhop Music",0.601,0.116,11,-27.638,1,0.0545,0.897,0.947,0.0821,0.0397,90.67,4
spotify:track:6K5w15Q6yccYgd2ZK4Iumn,"Twenty Two and Some Change","Guess I’m Grown Now","Stephen Day",2019-10-11,174240,0,false,,2021-10-04T17:50:12Z,"pop soul","Stephen Day",0.655,0.462,8,-9.438,1,0.0673,0.438,0.000462,0.167,0.749,140.382,4
spotify:track:556jf0hyPQuLNHuNWo12I5,"Floated By","Bismillah","Peter Cat Recording Co.",2019-06-07,256000,0,false,,2021-10-04T17:47:48Z,"indian indie","Panache",0.729,0.286,2,-13.654,1,0.0355,0.283,0.0245,0.105,0.469,92.03,4
spotify:track:4O8UX9BXtf38LDRwP8a9ni,"Fear of Intimacy","Fear of Intimacy","Zack Villere",2017-08-16,131657,0,false,,2021-09-30T01:50:20Z,"bedroom pop","aritech",0.646,0.446,6,-13.765,1,0.118,0.943,0.0487,0.109,0.157,131.967,4
spotify:track:2gEuEnvHdyZhRoXQiaoY1Y,"Reach Out","A Beginner's Mind","Sufjan Stevens;Angelo De Augustine",2021-09-24,223344,45,false,,2021-09-28T13:28:09Z,"baroque pop","Asthmatic Kitty",0.571,0.311,0,-14.301,1,0.0406,0.928,0.0000147,0.11,0.327,82.911,4
spotify:track:2bxGkRxW9n7ctKlO2pcgmR,"帰り道の本","ロックンロールのはじまりは","Emerson Kitamura",2016-12-14,260720,34,false,,2021-09-28T13:06:28Z,"shibuya-kei","bubblingnotes",0.869,0.255,8,-12.495,1,0.303,0.0079,0.87,0.194,0.963,120.011,4
spotify:track:5osNYKCZ2KckJadZ6HgHFf,"Over & Out","Over & Out","Jordan Mackampa",2020-10-16,185122,0,false,,2021-09-27T14:47:15Z,"","Jordan Mackampa",0.678,0.554,2,-6.782,1,0.0673,0.24,0,0.0736,0.746,87.851,4
spotify:track:5IFDc2u4uq7K3beyCRJK4f,"Tartufai","Tape 3","Felbm",2020-09-11,174750,0,false,,2021-09-27T14:27:25Z,"ambient jazz","Soundway Records",0.647,0.702,9,-14.768,1,0.0544,0.679,0.913,0.103,0.379,195.615,4
spotify:track:4dGuRldChjvboZktprNJFM,"Hush - Still Woozy Remix","Hush (Still Woozy Remix)","The Marías;Still Woozy",2021-09-16,182346,63,false,,2021-09-27T14:02:03Z,"bedroom pop","Nice Life/Atlantic",0.708,0.554,10,-6.83,0,0.0311,0.403,0.0428,0.126,0.564,103.999,4
spotify:track:40Q1BPn4TPv0tEKgsa5kKD,"June","Two, Moonlight","Charlie Burg",2018-07-20,150700,0,false,,2021-09-23T12:31:46Z,"","Charlie Burg",0.423,0.304,9,-12.216,1,0.12,0.665,0,0.0953,0.554,178.705,4
spotify:track:27AJf1VXuh3h6QsqQBOLxf,"Channel Orange In Your Living Room","Channel Orange In Your Living Room","Charlie Burg",2020-04-21,158373,0,false,,2021-09-20T13:20:54Z,"","FADER Label",0.698,0.604,11,-6.489,1,0.0494,0.518,0,0.07,0.832,118.692,4
spotify:track:3l8MLr9ihD4WxK9DPKcOwW,"Bound To Lose","Plural","Electric Guest",2017-02-17,223613,34,false,,2021-09-20T00:01:00Z,"","Downtown JV",0.643,0.692,1,-6.031,0,0.0359,0.0108,0.000215,0.0785,0.707,145.675,4
spotify:track:3XBe0m5PQGQ3F7oXsWi5Lw,"Glorious Warrior","Plural","Electric Guest",2017-02-17,242760,42,false,,2021-09-19T23:28:13Z,"","Downtown JV",0.593,0.567,1,-7.536,1,0.0419,0.0186,0.69,0.218,0.57,174.814,4
spotify:track:47ww9AwOrtW59ayC72wMff,"Zero","Plural","Electric Guest",2017-02-17,228213,31,false,,2021-09-19T23:23:52Z,"","Downtown JV",0.786,0.327,0,-8.101,0,0.0335,0.696,0.00000454,0.107,0.428,122.006,4
spotify:track:5fLb8jqjO7QvzMSV6CYlim,"Castaways - Benji's Version","Castaways (Benji's Version)","Benji Kameya",2021-05-13,98977,14,false,,2021-09-14T14:00:18Z,"","High Tide Studios",0.734,0.562,9,-14.321,0,0.142,0.628,0.203,0.389,0.873,82.499,4
spotify:track:4FLaCrEr1DnVyprizWg3XF,"On Satie","In No Particular Order","Sean Angus Watson",2019-12-20,228250,53,false,,2021-09-14T13:56:23Z,"","Sean Angus Studios",0.411,0.0858,8,-16.955,1,0.0405,0.932,0.926,0.109,0.213,135.811,4
spotify:track:5Udre2LnraVsmPASma2qvD,"I Love You so Much It Hurts","Obsolete Music 1","Gammalgrass",2014-01-17,215466,20,false,,2021-09-14T13:56:16Z,"","Division Records",0.441,0.19,0,-13.877,1,0.0305,0.875,0.888,0.32,0.142,100.273,3
spotify:track:6qvtiA4wQQliK6K7oRdovk,"Green Eyes","Mama's Gun","Erykah Badu",2000-10-31,604973,58,true,,2021-09-14T13:56:11Z,"neo soul,r&b","Motown (Kedar)",0.373,0.288,5,-13.295,0,0.058,0.3,0.0267,0.0449,0.197,61.349,3
spotify:track:3kBofOTKMUZ62a311eUwvx,"Warm (feat. Mia)","Warm (feat. Mia)","Dre'es;Mia",2017-10-19,255465,0,false,,2021-09-14T13:13:00Z,"vietnamese hip hop,v-pop,vietnam indie","Futile Sounds",0.662,0.297,8,-14.525,1,0.0301,0.888,0.108,0.119,0.434,94.023,4
spotify:track:25xfVwwykey7PVnsNRutbq,"So Cool","So Cool","Reuben James",2020-05-01,130120,0,false,,2021-09-07T13:27:56Z,"uk r&b,neo soul","Rufio Records",0.694,0.467,10,-11.71,0,0.145,0.811,0.00238,0.111,0.852,82.861,4
spotify:track:1pcSKI4na3DjV2aWwzJXHK,"On Top","On Top","Dan Croll",2021-05-11,208391,28,false,,2021-08-30T13:58:45Z,"","Communion Records",0.677,0.455,9,-8.856,1,0.0888,0.403,0.0583,0.111,0.523,154.214,4
spotify:track:6dFn6my1sHK2bcf23GlHwM,"2009","Swimming","Mac Miller",2018-08-03,347986,70,true,,2021-08-29T20:57:14Z,"","Warner Records",0.533,0.496,6,-9.363,0,0.517,0.77,0.000164,0.0969,0.173,155.158,4
spotify:track:01z2fBGB8Hl3Jd3zXe4IXR,"Come Back to Earth","Swimming","Mac Miller",2018-08-03,161840,81,false,,2021-08-29T20:09:45Z,"","Warner Records",0.272,0.238,2,-12.148,0,0.0349,0.89,0.00925,0.275,0.119,83.507,4
spotify:track:0aMHIW1lqrulVCx0LLlr6a,"Cocoa Butter Kisses","Acid Rap","Chance the Rapper;VIC MENSA;Twista",2013-04-30,307187,3,true,,2021-08-29T19:46:24Z,"","Chance the Rapper",0.679,0.645,6,-7.777,0,0.222,0.0518,0,0.145,0.203,125.795,4
spotify:track:6DZz58CbF0AKw5PCKqNKcM,"Come to Life","Donda","Kanye West",2021-08-29,310393,0,false,,2021-08-29T19:04:36Z,"rap","Rock The World/IDJ/Kanye LP7",0.44,0.465,3,-6.592,1,0.0318,0.689,0.00000126,0.384,0.241,126.937,4
spotify:track:42ZrMq4BKsWDrrbMnMRYaK,"Jail","Donda","Kanye West",2021-08-29,297000,2,false,,2021-08-29T17:47:28Z,"rap","Rock The World/IDJ/Kanye LP7",0.458,0.571,4,-6.739,1,0.0949,0.535,0.000305,0.0846,0.586,110.013,4
spotify:track:2quRZ1fs9tcR5sv7m6taSP,"Bleach","Favorites","Justice Der",2018-05-06,195214,35,false,,2021-08-27T14:23:29Z,"","CALL MORE",0.546,0.0669,1,-26.257,0,0.0359,0.989,0.961,0.105,0.462,149,4
spotify:track:4XOXyktJSSyepObphQj8Ke,"Capillary","Capillary","Human Bloom",2019-04-17,210947,40,false,,2021-08-27T14:02:16Z,"","Human Bloom",0.639,0.519,8,-9.039,0,0.0745,0.278,0.00236,0.105,0.379,96.069,4
spotify:track:7d9A5fOV20CTbRfzeI6CcW,"Money’s No Option","Circles Around the Sun","Circles Around The Sun",2020-03-13,319183,33,false,,2021-08-17T19:35:27Z,"jam band","The Royal Potato Family",0.65,0.676,5,-5.302,1,0.0265,0.433,0.534,0.0647,0.317,112.994,4
spotify:track:3ESUgBQUTOiOGOO8e0fKs4,"Rocks on Rainbow","Deafman Glance","Ryley Walker",2018-05-18,105133,0,false,,2021-08-16T18:20:57Z,"","Dead Oceans",0.419,0.397,7,-13.434,1,0.0364,0.969,0.89,0.161,0.899,103.509,4
spotify:track:6u7gmPOz7pzzaeR9xSBpsR,"my hair","Positions","Ariana Grande",2020-10-30,158436,66,false,,2021-08-05T04:01:04Z,"pop","Republic Records",0.686,0.526,0,-6.842,1,0.0374,0.0815,0.00000775,0.144,0.372,92.013,4
spotify:track:2x5Frs6ts14U4MSLrQQlXg,"Why iii Love The Moon.","Yesterday's Tomorrow","Phony Ppl",2015-01-13,331826,1,false,,2021-08-02T17:27:26Z,"indie soul","PHONY PPL LLC",0.706,0.483,1,-7.929,1,0.0393,0.547,0.00000194,0.136,0.663,92.002,4
spotify:track:6epfqp1ff2caRD6VamFd9O,"Brassac","Glitter and Smoke","Violette Wautier",2020-06-18,203368,30,false,,2021-07-28T19:00:27Z,"thai pop,t-pop,thai indie pop","Universal Music (Thailand) Ltd. Distributed Labels",0.639,0.816,2,-5.311,1,0.0479,0.0195,0.0000863,0.0912,0.447,113.059,4
spotify:track:0ldOjxAtxvncOrVWmg6xcw,"Slip","Hmayra","Shubh Saran",2017-05-07,199763,35,false,,2021-07-26T16:40:31Z,"jazz fusion,experimental jazz,math rock","Shubh Saran",0.401,0.369,10,-13.142,0,0.0363,0.157,0.33,0.098,0.743,89.717,3
spotify:track:74neIw6SFkvS2LE2elVE3p,"Beauty Has It Hard","The Bad Plus Joshua Redman","Joshua Redman;The Bad Plus",2015-05-26,420893,21,false,,2021-07-26T15:59:11Z,"jazz,jazz ballads,experimental jazz,jazz fusion,nu jazz","Nonesuch",0.49,0.328,1,-10.604,1,0.0377,0.787,0.307,0.0815,0.179,121.674,4
spotify:track:1q7ZkjnhosfyZHx1CFnpJ6,"Baby No More","Giver Taker","Anjimile",2020-09-18,164613,0,false,,2021-07-26T15:54:02Z,"","Father/Daughter Records",0.89,0.615,9,-8.123,0,0.0632,0.211,0.0226,0.123,0.845,116.924,4
spotify:track:6jDjdfe7npTAxfwVq2HRfr,"Marigolds","Marigolds","Early Eyes",2020-03-17,221625,44,false,,2021-07-26T15:36:20Z,"","Epitaph",0.701,0.711,0,-4.193,1,0.0322,0.0504,0.0304,0.14,0.567,133.027,4
spotify:track:0aefDhwto2nL2kTHIiil0J,"Red Room","Red Room","Hiatus Kaiyote",2021-04-27,232053,44,false,,2021-07-25T02:15:21Z,"neo soul,indie soul,alternative r&b","Brainfeeder",0.687,0.361,7,-9.782,1,0.0501,0.631,0.00479,0.117,0.453,80.935,4
spotify:track:3sICyTPASesVzpfGc1nM2t,"Moon River","French Touch","Carla Bruni",2017-10-06,194346,62,false,,2021-07-18T02:43:21Z,"french jazz,chanson","Universal Music Division Barclay",0.319,0.117,5,-13.233,1,0.0325,0.905,0.000111,0.108,0.138,78.563,3
spotify:track:3KKBT4UfWIP3fBMXn5Oprj,"L'oiseau qui danse","Like What","Tennyson",2015-12-04,116657,0,false,,2021-07-07T22:28:59Z,"","Last Gang",0.751,0.497,11,-8.788,0,0.0565,0.116,0.841,0.104,0.727,130.051,4
spotify:track:7iQzzNzwTCHNW0NO9EVRCO,"The Optimist","The Optimist","Cory Wong",2018-08-17,215520,27,false,,2021-07-07T22:24:29Z,"funk,jazz funk,jazz fusion","Cory Wong",0.677,0.839,0,-6.712,1,0.0338,0.0851,0.842,0.0791,0.555,102.997,4
spotify:track:46oHvXwpEZOFX518we1nJD,"CORSO","CALL ME IF YOU GET LOST","Tyler, The Creator",2021-06-25,146482,61,true,,2021-07-03T13:22:25Z,"","Columbia",0.703,0.845,10,-4.851,0,0.337,0.169,0,0.122,0.745,97.672,4
spotify:track:6mPsXbce09tlhJSrBtLVcx,"Stone Or Lavender","Mood Valiant","Hiatus Kaiyote",2021-06-25,329800,38,false,,2021-07-03T12:53:00Z,"neo soul,indie soul,alternative r&b","Brainfeeder",0.404,0.24,8,-8.858,0,0.0338,0.686,0,0.1,0.195,79.039,1
spotify:track:5CBEzaNEuv3OO32kZoXgOX,"Get Sun (feat. Arthur Verocai)","Mood Valiant","Hiatus Kaiyote;Arthur Verocai",2021-06-25,337626,49,false,,2021-07-03T12:23:42Z,"neo soul,indie soul,alternative r&b,brazilian jazz,bossa nova,mpb","Brainfeeder",0.33,0.655,7,-6.532,1,0.163,0.107,0.000851,0.116,0.495,90.315,4
spotify:track:3PHgxKy3nKy0v9KvUtHl8g,"And We Go Gentle","Mood Valiant","Hiatus Kaiyote",2021-06-25,203266,58,false,,2021-07-03T12:22:01Z,"neo soul,indie soul,alternative r&b","Brainfeeder",0.587,0.584,4,-7.594,0,0.0395,0.299,0.0000253,0.109,0.525,71.826,4
spotify:track:3STeMaQt9svi9EyB4BYrIc,"Chivalry Is Not Dead","Mood Valiant","Hiatus Kaiyote",2021-06-25,206826,45,false,,2021-06-29T20:10:24Z,"neo soul,indie soul,alternative r&b","Brainfeeder",0.562,0.752,4,-5.562,0,0.181,0.263,0.00000131,0.146,0.564,134.78,4
spotify:track:3iDnfEHmYDrrB8FjBQIgVL,"In Motion","In Motion","Jank Setup",2019-04-12,327690,23,false,,2021-06-29T15:12:35Z,"","Jank Setup",0.406,0.55,9,-7.025,0,0.166,0.185,0.0000367,0.133,0.571,75.108,4
spotify:track:0fNY6p1S1PCwpnK9hlP4qz,"Pictures of You","PREP","PREP",2020-10-30,235631,0,false,,2021-06-26T14:08:59Z,"","Bright Antenna",0.919,0.519,2,-6.407,1,0.0537,0.139,0.0000267,0.166,0.555,115.992,4
spotify:track:2EVRfng6TfvrK0TWtx4Mhz,"Turn The Music Up","PREP","PREP",2020-10-30,278440,0,false,,2021-06-26T13:46:07Z,"","Bright Antenna",0.915,0.495,8,-7.517,1,0.0581,0.0585,0.011,0.941,0.64,120.012,4
spotify:track:63cgeMV2nSl851R7jy4lxw,"Cheapest Flight","Cheapest Flight","PREP",2016-01-01,268460,0,false,,2021-06-15T05:50:41Z,"","PREP Music",0.677,0.654,5,-5.228,0,0.0372,0.291,0.0000111,0.138,0.563,80.004,4
spotify:track:7kfzX7ufDOV18X8l00ko4u,"Being Human - Single Version","Steven Universe Future (Original Soundtrack)","Emily King;aivi & surasshu;Rebecca Sugar;Roger Hicks;Edwin Rhodes;Travis Kindred",2020-10-23,106016,56,false,,2021-06-11T06:20:10Z,"score","Cartoon Network / WaterTower Music",0.719,0.333,7,-16.695,1,0.0384,0.851,0.608,0.105,0.818,126.95,4
spotify:track:4Aj1eHsMtEmjpJUWdUWiVa,"Georgia","The Seven EP","Emily King",2011-07-12,243533,43,false,,2021-06-11T06:17:36Z,"pop soul","Emily King",0.747,0.224,0,-14.586,1,0.0649,0.58,0.000235,0.235,0.212,105.014,4
spotify:track:1IlBPaXuM7Fl6tiH9CPQlQ,"Distance","The Switch","Emily King",2015-06-26,231448,51,false,,2021-06-11T06:12:51Z,"pop soul","Making Music Records",0.712,0.217,7,-12.944,1,0.0813,0.846,0.0000561,0.265,0.468,136.986,4
spotify:track:2q3VZjLVCWbJq0rICML7va,"Woo!","I'm Allergic To Dogs!","Remi Wolf",2020-06-24,196562,53,true,,2021-06-02T17:33:19Z,"","Island Records",0.784,0.462,0,-5.091,0,0.0548,0.207,0.00000345,0.106,0.744,86.004,4
spotify:track:47vPXvOFRn4XSIzYem5JPe,"Ball","Sen Am","Duval Timothy",2017-10-27,257844,32,false,,2021-06-02T17:29:50Z,"ambient jazz","Carrying Colour",0.6,0.0888,11,-16.903,1,0.0568,0.974,0.601,0.117,0.121,77.155,4
spotify:track:1abFkY2jm6KDFMZ7RD9YJh,"Painkiller","Painkiller","Ruel",2019-04-30,213597,56,false,,2021-05-31T18:28:53Z,"","RCA Records Label",0.675,0.414,5,-6.508,1,0.0569,0.105,0,0.192,0.439,128.927,4
spotify:track:6z4n862KhNJNWDYSn4aLL5,"Anomalie bleue","Tako Tsubo","L'Impératrice",2021-03-26,232178,54,false,,2021-05-31T17:41:48Z,"french indie pop,french house,french pop","microqlima",0.849,0.378,0,-11.972,0,0.0455,0.324,0.583,0.293,0.229,116.998,4
spotify:track:6hPjEABJIKfUTF9yKlyFbb,"Someday Morning","Someday Morning","Pole Vault",2019-06-29,177214,0,false,,2021-05-31T17:28:55Z,"","Computer Lab",0.847,0.556,7,-9.705,1,0.0441,0.181,0.625,0.119,0.278,104.972,4
spotify:track:4riDfclV7kPDT9D58FpmHd,"Some","Some","Steve Lacy",2016-10-31,118393,78,true,,2021-05-31T17:23:38Z,"","L-M Records",0.784,0.554,7,-6.417,1,0.03,0.00548,0.254,0.0995,0.634,104.01,4
spotify:track:1fIwcBaGRP9xUX98McNNLl,"July Play (Tiny Room Sessions)","July Play (Tiny Room Sessions)","Greg Spero;Ronald Bruner, Jr.;MonoNeon;Ruslan Sirota",2020-07-03,200154,0,false,,2021-05-28T21:01:11Z,"nu jazz,jazz fusion,jazz funk,jazz","Tiny Records",0.337,0.652,11,-13.223,1,0.0296,0.438,0.808,0.0845,0.0807,134.733,4
spotify:track:6LbtLmUbt5MCydSpovIJAw,"Don't Forget Your Neighborhood","Don't Forget Your Neighborhood","Cola Boyy;The Avalanches",2021-05-26,294413,0,false,,2021-05-28T15:15:37Z,"plunderphonics","Record Makers",0.64,0.837,10,-5.859,1,0.039,0.0634,0.00000289,0.169,0.377,114.672,4
spotify:track:7hRYauk30VeBFmdeFQPNVx,"Never In Your Sun","In Square Circle","Stevie Wonder",1985-09-13,246960,39,false,,2021-05-18T16:19:56Z,"motown,classic soul,soul","Motown",0.818,0.346,6,-16.961,0,0.0575,0.111,0,0.077,0.723,121.256,4
spotify:track:06QV1CmV7BSPWAF1l5p6fi,"Sayonara no Umi (Instrumental)","Baka no Uta","Gen Hoshino",2010-06-23,141602,17,false,,2021-05-18T16:16:27Z,"j-pop,anime","Speedstar",0.444,0.0435,2,-21.944,1,0.0511,0.99,0.86,0.106,0.365,132.189,4
spotify:track:3BnKPpfYjejXbZ3Glx0gEp,"Hypnosis","Float Back To You","Holy Hive",2020-05-29,231868,0,false,,2021-05-18T16:16:25Z,"retro soul","Big Crown Records",0.582,0.554,10,-7.214,1,0.0293,0.216,0.0816,0.098,0.642,93.218,4
spotify:track:1doU1LSa3k9wgXpVILuoxV,"Colouour","græ","Moses Sumney",2020-05-15,187600,0,false,,2021-05-18T16:12:06Z,"art pop,indie soul","Jagjaguwar",0.302,0.268,9,-10.979,1,0.0361,0.932,0.0517,0.0975,0.0738,97.194,4
spotify:track:5t6IbDoIR1s3NQvjXzDdSu,"Waitin' on Ya","Smiling with No Teeth","Genesis Owusu",2021-03-05,344000,0,false,,2021-05-12T14:38:07Z,"","House Anxiety / Ourness",0.786,0.466,5,-6.285,1,0.0974,0.675,0.000121,0.112,0.641,125.996,4
spotify:track:3ujuDsiyBLAXAB6dtNwpGu,"Flower Moon (feat. Steve Lacy)","Father of the Bride","Vampire Weekend;Steve Lacy",2019-05-03,237346,42,false,,2021-05-10T14:54:08Z,"indie,baroque pop","Columbia",0.726,0.759,9,-7.151,1,0.0614,0.529,0.00068,0.15,0.393,110.05,4
spotify:track:2m81cX2IJDdFByuiLSEjEv,"鉄鎖","Crumbling","Mid-Air Thief",2018-12-04,307700,0,false,,2021-05-10T14:54:05Z,"neo-psychedelic","Botanical House",0.349,0.774,11,-8.08,1,0.14,0.583,0.114,0.422,0.161,127.9,4
spotify:track:6FmnMoph4yx7zjhuBcrHDv,"Kenny","Kenny","Still Woozy",2021-04-30,194133,47,false,,2021-05-03T21:41:12Z,"bedroom pop","Still Woozy Productions Inc., under exclusive license to Interscope Records",0.743,0.49,1,-10.845,1,0.0377,0.307,0.0393,0.108,0.394,120.028,4
spotify:track:55nD22U1Y91PaZFjcbjyoZ,"Love U Like the Sun in June","A Freak Grows in Brooklyn","Ryan Scott",2019-08-23,235705,46,false,,2021-04-26T16:05:49Z,"","Make My Own Records BYOB",0.522,0.494,2,-4.866,0,0.223,0.00774,0.00703,0.102,0.835,174.127,4
spotify:track:1zFbBrZmJr1Z49HYe84dBg,"Harvey","Invitation to Her's","Her's",2018-08-24,211165,84,false,,2021-04-25T17:43:27Z,"indie","Heist Or Hit Records",0.588,0.855,9,-6.153,1,0.0372,0.0735,0.815,0.128,0.717,141.941,4
spotify:track:3QCGdbsEN1aCgcr4lKyawZ,"Awake O Zion","Praise Belongs To God / Ye Shall Receive","Twinkie Clark",2006-08-15,353653,0,false,,2021-04-24T18:38:47Z,"gospel,traditional gospel","Sound of Gospel",0.672,0.767,8,-7.434,0,0.198,0.408,0.267,0.454,0.541,130.371,4
spotify:track:5Ft8PE5aEuTdAFBXvbQY8r,"DON'T LET GO","PAUL","PJ Morton",2019-08-09,147682,33,false,,2021-04-23T15:33:17Z,"neo soul","Morton Records / EMPIRE",0.469,0.0546,1,-21.296,1,0.14,0.815,0,0.248,0.126,110.222,1
spotify:track:586x9eVdbpr6CeQ3LO1V2d,"KID AGAIN","PAUL","PJ Morton",2019-08-09,152386,40,false,,2021-04-23T15:20:05Z,"neo soul","Morton Records / EMPIRE",0.674,0.564,6,-7.528,1,0.29,0.457,0.00000155,0.474,0.61,86.982,4
spotify:track:2VbX2o6nhFu6F4SJnERp0x,"Alone Again","Alone Again","Greg Mayo;Akie Bermiss",2019-10-18,350320,27,false,,2021-04-19T19:28:34Z,"","Head Bitch Music",0.433,0.382,6,-6.979,0,0.0409,0.495,0,0.154,0.53,162.129,4
spotify:track:2DgMxFMUQRPthW4ROhjen1,"SWEET","SATURATION II","BROCKHAMPTON",2017-08-25,274274,59,true,,2021-04-16T20:06:05Z,"","QUESTION EVERYTHING, INC. / EMPIRE",0.718,0.628,10,-6.007,0,0.223,0.543,0,0.116,0.722,92.107,4
spotify:track:4lHn71Qf2WBpIFcQ3PMnnO,"Good Thing","What's It Like?","Sure Sure",2019-06-27,184626,0,true,,2021-04-16T13:48:16Z,"","Sure Sure",0.815,0.535,1,-7.023,0,0.0765,0.121,0.0000692,0.136,0.888,144.01,4
spotify:track:4HOg84QsolNLzNp08qZ3sX,"didya think","Wait","Arlie",2018-09-19,200466,60,false,,2021-04-14T19:19:02Z,"","Atlantic Records",0.468,0.89,4,-2.974,1,0.0701,0.00415,0.0000121,0.508,0.709,140.265,4
spotify:track:2f8U2ig4DAx6MBn8xleACT,"take me there","just friends","potsu;Chance Thrash",2018-07-17,190112,0,false,,2021-04-14T01:34:23Z,"lo-fi","potsu",0.692,0.448,0,-13.417,1,0.0286,0.772,0.87,0.347,0.533,102.013,4
spotify:track:7IdmHcv0kRfUXTCRsqVFFt,"DON'T BREAK MY HEART - Acoustic Version","The Piano Album","PJ Morton;Rapsody",2020-02-14,262723,31,false,,2021-04-12T15:38:52Z,"neo soul","Morton Records",0.453,0.252,5,-12.96,0,0.0377,0.922,0,0.171,0.356,94.324,4
spotify:track:1v1Z3eg5qucXO2PqG6aCWy,"READY - Acoustic Version","The Piano Album","PJ Morton",2020-02-14,153889,43,false,,2021-04-12T13:58:44Z,"neo soul","Morton Records",0.579,0.257,5,-13.364,0,0.0387,0.93,0,0.195,0.485,93.308,3
spotify:track:0Y0yykDeSGqg0whcAh5wHR,"Half-Moon Bag","Half-Moon Bag","Feng Suave",2020-05-15,274266,4,false,,2021-04-12T13:38:10Z,"bedroom pop","Feng Suave",0.577,0.347,4,-12.985,1,0.0271,0.656,0.000122,0.361,0.564,100.041,4
spotify:track:02IsuoGrK9c8BhwTo2MzFv,"Arnold Palmer","3 for 1","Jeb Bush Orchestra",2018-04-08,209333,0,false,,2021-04-12T13:28:20Z,"","Hooker St. Records",0.642,0.408,0,-10.22,1,0.089,0.0342,0.0323,0.31,0.324,76.005,4
spotify:track:4vcoNCrTtunmJ9q8srpVly,"Season 2 Episode 3","How To Be A Human Being","Glass Animals",2016-08-26,243509,58,false,,2021-04-08T23:47:00Z,"","Wolf Tone",0.742,0.289,5,-7.833,0,0.115,0.543,0.0000457,0.228,0.71,147.986,4
spotify:track:6iGPBcdGv5gVGFZiKAGID5,"The Night Me and Your Mama Met","""Awaken, My Love!""","Childish Gambino",2016-12-02,214080,0,false,,2021-04-05T15:41:33Z,"","Glassnote Entertainment Group LLC",0.416,0.112,1,-15.055,0,0.0311,0.967,0.188,0.0611,0.102,134.043,3
spotify:track:2eC43PWHMbUnwqCRZcbGfo,"Exotica","Parcels","Parcels",2018-10-12,312300,58,false,,2021-04-05T15:02:06Z,"indie soul","Because Music",0.822,0.314,0,-12.415,1,0.0421,0.534,0.0192,0.165,0.639,117.984,4
spotify:track:4euxFlxLWVGmZZLyYARTyE,"Spanish Joint","Voodoo","D'Angelo",2000-01-01,344493,59,false,,2021-04-01T01:06:57Z,"neo soul","Virgin Records",0.729,0.498,0,-8.906,0,0.0822,0.537,0.317,0.134,0.781,111.822,4
spotify:track:64ErtrzdRfhnBuUXYqCcQX,"Magic","Magic","Linda Diaz",2019-11-08,213080,24,false,,2021-04-01T00:41:03Z,"neo soul","Cool Company",0.743,0.374,3,-7.4,0,0.131,0.81,0.0189,0.134,0.697,68.042,4
spotify:track:5liUbNVGaa1Hm6wDeUmw4B,"Just Friends","Untitled","Ernest Ranglin;Monty Alexander",2014-08-11,348360,22,false,,2021-03-31T15:20:06Z,"rocksteady,dub,reggae,roots reggae,jazz","MPS",0.427,0.323,1,-21.406,1,0.0392,0.969,0.93,0.114,0.497,125.699,4
spotify:track:6h5GJPRHvPXrs4But3mO7N,"Long Walk, Short Dock","After Hours","Blue Wednesday;juniorodeo",2021-03-11,212337,0,false,,2021-03-26T17:22:59Z,"lo-fi hip hop,lo-fi,lo-fi beats","Lofi Records",0.574,0.153,6,-21.134,1,0.0821,0.889,0.847,0.114,0.473,76.992,4
spotify:track:1NYIwGWJOiC7fxdUyFBF3g,"Be Wherever You Are (feat. Zach Callison)","Steven Universe, Vol. 1 (Original Soundtrack)","Steven Universe;Zach Callison",2017-06-02,86318,58,false,,2021-03-26T05:49:50Z,"","Cartoon Network / WaterTower Music",0.554,0.28,0,-10.596,1,0.0394,0.51,0,0.187,0.804,82.451,4
spotify:track:5hF45b8o3ST7t78428o37k,"Be There","Strange Satisfaction","Woody and Jeremy",2020-03-13,251293,28,false,,2021-03-24T18:26:22Z,"","Strange Satisfaction",0.721,0.537,7,-5.217,1,0.0499,0.523,0.0044,0.13,0.757,79,4
spotify:track:6QIOzVmSfjMLWuur4e3BAv,"Hollywood Witches","Strange Satisfaction","Woody and Jeremy",2020-03-13,236146,40,true,,2021-03-24T18:03:20Z,"","Strange Satisfaction",0.766,0.323,1,-7.221,1,0.0349,0.191,0.000654,0.0829,0.516,92.048,4
spotify:track:595G8mWzlzHOpCtWWKOMUm,"Walk the Streets of Love","Walk the Streets of Love","Charlie Bereal",2020-06-29,209561,0,false,,2021-03-24T17:51:59Z,"retro soul","Berealent",0.711,0.829,11,-6.872,0,0.0537,0.022,0.00259,0.171,0.568,120.99,4
spotify:track:58dSdjfEYNSxte1aNVxuNf,"Easy","Drive Slow","Mac Ayres",2017-08-11,314357,62,false,,2021-03-18T18:37:21Z,"","Dixon Court Records",0.722,0.281,5,-7.487,1,0.104,0.373,0.00509,0.147,0.237,91.368,4
spotify:track:4WdUMgVMYdn1xeu3X2z9Ai,"Get Sun","Get Sun","Hiatus Kaiyote;Arthur Verocai",2021-03-16,337626,34,false,,2021-03-16T19:40:26Z,"neo soul,indie soul,alternative r&b,brazilian jazz,bossa nova,mpb","Brainfeeder",0.33,0.655,7,-6.532,1,0.163,0.107,0.000851,0.116,0.495,90.315,4
spotify:track:2fXwCWkh6YG5zU1IyvQrbs,"Broken Clocks","Ctrl","SZA",2017-06-09,231257,81,true,,2021-03-10T14:19:30Z,"r&b","Top Dawg Entertainment/RCA Records",0.692,0.684,6,-7.364,1,0.155,0.131,0,0.156,0.406,112.912,4
spotify:track:3YJJjQPAbDT7mGpX3WtQ9A,"Good Days","Good Days","SZA",2020-12-25,279203,74,true,,2021-03-09T17:51:54Z,"r&b","Top Dawg Entertainment/RCA Records",0.436,0.655,1,-8.37,0,0.0583,0.499,0.0000081,0.688,0.412,121.002,4
spotify:track:7MAibcTli4IisCtbHKrGMh,"Leave The Door Open","Leave The Door Open","Bruno Mars;Anderson .Paak;Silk Sonic",2021-03-05,242096,5,false,,2021-03-05T14:40:55Z,"","Aftermath Entertainment/Atlantic",0.586,0.616,5,-7.964,1,0.0324,0.182,0,0.0927,0.719,148.088,4
spotify:track:2p7YemMTF5HRnAeL139VxD,"Begin Again","Begin Again","Adam Melchor",2021-02-19,226408,28,false,,2021-02-28T19:13:39Z,"","R&R Digital/Warner Records",0.494,0.791,7,-5.371,1,0.0376,0.0234,0.0159,0.582,0.58,94.96,4
spotify:track:7FdAkc7yeKY8vSHdTFcFKG,"Mizu","Mizu","paniyolo",2021-02-26,167293,27,false,,2021-02-28T18:59:42Z,"","Paniyolo",0.58,0.0921,5,-23.765,0,0.156,0.988,0.945,0.109,0.173,81.688,3
spotify:track:6VAQ2snOMFwWSXim6QYFaH,"Mystery of Love","Mystery of Love","Thibault Cauvin",2021-02-26,205853,33,false,,2021-02-28T18:43:37Z,"","Sony Classical",0.53,0.419,7,-11.155,1,0.0319,0.982,0.895,0.18,0.663,108.019,4
spotify:track:19qUcHlhkKd8kdPZSAQJhY,"Take Me In","Take Me In","MACKandgold",2020-02-07,263920,6,false,,2021-02-26T20:26:49Z,"","MACKandgold",0.738,0.612,7,-5.945,1,0.033,0.385,0.000415,0.104,0.577,110.015,4
spotify:track:1WnXCfO6oIxG0TbJj29MqR,"Make Love","Human After All","Daft Punk",2005-03-14,289680,49,false,,2021-02-25T04:24:21Z,"french house,electronic,electro","Daft Life Ltd.",0.697,0.548,1,-9.087,1,0.0561,0.783,0.841,0.132,0.977,133.005,4
spotify:track:36c4JohayB9qd64eidQMBi,"Doin' it Right (feat. Panda Bear)","Random Access Memories","Daft Punk;Panda Bear",2013-05-20,251293,64,false,,2021-02-24T21:16:28Z,"french house,electronic,electro,neo-psychedelic","Columbia",0.804,0.451,6,-8.207,1,0.0949,0.388,0.0000217,0.0924,0.19,178.061,4
spotify:track:5CMjjywI0eZMixPeqNd75R,"Lose Yourself to Dance (feat. Pharrell Williams)","Random Access Memories","Daft Punk;Pharrell Williams",2013-05-20,353893,72,false,,2021-02-24T21:16:23Z,"french house,electronic,electro","Columbia",0.832,0.659,10,-7.828,0,0.057,0.0839,0.00114,0.0753,0.674,100.163,4
spotify:track:69kOkLUCkxIZYexIgSG8rq,"Get Lucky (feat. Pharrell Williams and Nile Rodgers)","Random Access Memories","Daft Punk;Pharrell Williams;Nile Rodgers",2013-05-20,369626,79,false,,2021-02-24T21:16:23Z,"french house,electronic,electro","Columbia",0.81,0.793,6,-9.404,0,0.0403,0.0378,0.00000177,0.072,0.863,116.05,4
spotify:track:0k1xMUwn9sb7bZiqdT9ygx,"Beyond","Random Access Memories","Daft Punk",2013-05-20,290240,57,false,,2021-02-24T21:16:23Z,"french house,electronic,electro","Columbia",0.716,0.648,8,-11.33,0,0.0337,0.367,0.485,0.368,0.789,104.022,4
spotify:track:2cGxRwrMyEAp8dEbuZaVv6,"Instant Crush (feat. Julian Casablancas)","Random Access Memories","Daft Punk;Julian Casablancas",2013-05-20,337560,79,false,,2021-02-24T21:16:20Z,"french house,electronic,electro","Columbia",0.775,0.585,10,-9.516,0,0.0271,0.0422,0.619,0.077,0.518,109.942,4
spotify:track:0oks4FnzhNp5QPTZtoet7c,"Giorgio by Moroder","Random Access Memories","Daft Punk",2013-05-20,544626,66,false,,2021-02-24T21:16:19Z,"french house,electronic,electro","Columbia",0.74,0.682,9,-10.42,0,0.0504,0.0692,0.53,0.381,0.41,113.201,4
spotify:track:0dEIca2nhcxDUV8C5QkPYb,"Give Life Back to Music","Random Access Memories","Daft Punk",2013-05-20,275386,65,false,,2021-02-24T21:16:18Z,"french house,electronic,electro","Columbia",0.788,0.616,9,-10.671,0,0.0337,0.00286,0.549,0.0952,0.696,119.037,4
spotify:track:3aByRUC2BVL6Fs1zI723sd,"Human After All","Human After All","Daft Punk",2005-03-14,319879,51,false,,2021-02-24T16:56:37Z,"french house,electronic,electro","Daft Life Ltd.",0.608,0.725,0,-4.367,1,0.342,0.00139,0.0546,0.0802,0.802,136.251,4
spotify:track:7v9Q0dAb9t7h8gJOkcJHay,"Face to Face","Discovery","Daft Punk",2001-03-12,240173,71,false,,2021-02-23T15:01:19Z,"french house,electronic,electro","Daft Life Ltd./ADA France",0.874,0.437,1,-10.235,0,0.0708,0.00134,0.0296,0.0293,0.962,117.791,4
spotify:track:6a8QUeTTCagQFrWDa4SLpK,"Drive","Where You Are","Eliza Lieberman",2021-02-19,108930,0,false,,2021-02-19T21:07:17Z,"","2652900 Records DK2",0.523,0.0928,7,-18.818,1,0.0562,0.963,0,0.116,0.499,76.498,4
spotify:track:4HrY1Ix9mcESB0CzVQ2C6R,"Slow It Down","Where You Are","Eliza Lieberman",2021-02-19,220290,0,false,,2021-02-19T20:56:48Z,"","2652900 Records DK2",0.45,0.266,2,-17.937,1,0.0278,0.708,0.0359,0.107,0.411,97.561,4
spotify:track:2tiq10rhGegBQmBa81etVS,"The Good Life","Black Hole Rainbow","Devon Gilfillian",2020-01-10,245080,42,false,,2021-02-18T13:55:49Z,"","Capitol Records",0.59,0.701,11,-5.488,1,0.105,0.33,0.0000295,0.0888,0.595,86.758,4
spotify:track:4vVgZDer6avz1Hz395sqCc,"Special","Live for Each Other","Fat Night",2020-07-10,274266,0,false,,2021-02-15T14:42:08Z,"retro soul","Acrophase Records",0.75,0.421,6,-10.761,0,0.0833,0.182,0.0221,0.0719,0.693,125.025,4
spotify:track:6DAiHinrEetpjxqGe626zo,"Clutch - Demo","Melanie Faye EP","Melanie Faye",2020-08-13,62250,0,false,,2021-02-11T17:05:23Z,"neo soul","Melanie Faye, LLC",0.598,0.407,7,-8.8,1,0.0584,0.98,0.458,0.122,0.879,112.349,5
spotify:track:0KEnFRGX87MPrH0FOAAkmw,"Lights","Lights","Brother Zulu",2020-04-08,257020,0,false,,2021-02-08T15:36:39Z,"retro soul","Brother Zulu",0.797,0.484,1,-8.549,0,0.0494,0.46,0.0303,0.134,0.534,96.031,4
spotify:track:3xzEb02vDND4uKZzgxxz61,"New Song","Paper Castles","Alice Phoebe Lou",2019-03-08,255784,0,false,,2021-02-02T04:25:58Z,"","Alice Phoebe Lou",0.309,0.373,4,-9.714,1,0.04,0.206,0.000165,0.153,0.176,178.65,3
spotify:track:75TDPu9k7Yv3IovdYaNCwk,"Cooks","Cooks","Still Woozy",2017-07-16,174105,61,false,,2021-02-01T04:33:42Z,"bedroom pop","Still Woozy Productions Inc., under exclusive license to Interscope Records",0.45,0.583,4,-10.49,0,0.0811,0.434,0.0126,0.244,0.701,77.066,4
spotify:track:4jXl6VtkFFKIt3ycUQc5LT,"Circles","Circles","Mac Miller",2020-01-17,170360,68,false,,2021-02-01T04:33:38Z,"","Warner Records",0.61,0.0316,9,-15.186,1,0.0486,0.896,0.00461,0.108,0.37,151.964,4
spotify:track:4UuwnKoOKWYYnerZKZMtvD,"Evergreen","Evergreen","Yebba",2017-10-27,192933,56,false,,2021-01-27T21:41:50Z,"","Platoon",0.618,0.321,2,-7.396,1,0.0543,0.456,0.000659,0.052,0.541,72.954,4
spotify:track:0loJyuSFr6vVPBQSmLLrrQ,"How Deep Is Your Love","Gumbo","PJ Morton",2017-04-21,197081,60,false,,2021-01-27T21:39:26Z,"neo soul","Morton Records / EMPIRE",0.796,0.459,8,-7.716,0,0.0443,0.705,0.0000115,0.0605,0.767,88,4
spotify:track:4YPYvh5tcfQ8iMaKd6pGE8,"Indifferent","Indifferent","Rafa",2020-10-09,178156,22,false,,2021-01-26T16:06:43Z,"","Funck Records",0.798,0.322,0,-8.154,1,0.0899,0.223,0.609,0.0612,0.488,120.046,4
spotify:track:5hHtri1T4sBpWgse0c3cnC,"Skip Step","KINFOLK: Postcards from Everywhere","Nate Smith",2017-02-03,184353,0,false,,2021-01-26T16:01:50Z,"jazz fusion,indie jazz,nu jazz,soul jazz,jazz funk,jazz","Ropeadope",0.671,0.858,10,-8.86,0,0.0383,0.184,0.902,0.163,0.96,112.762,4
spotify:track:13z7RLPmgupzRwQY9NiTZU,"Cherries","Girl Eats Sun","Hope Tala;Aminé",2020-11-13,183769,49,true,,2021-01-24T15:47:11Z,"alternative r&b","EMI",0.795,0.693,10,-6.737,0,0.0982,0.0192,0.00125,0.0719,0.772,89.951,4
spotify:track:384TJj6XyHUyNlCbdgm6Sz,"MANGO (feat. Adi Oasis)","MANGO (feat. Adi Oasis)","KAMAUU;Adi Oasis",2020-09-04,245994,55,false,,2021-01-24T15:23:37Z,"indie soul,neo soul,retro soul","Atlantic Records",0.668,0.605,2,-7.608,0,0.0454,0.336,0.000206,0.115,0.877,83.002,4
spotify:track:5EPQuwZQUdAowm7rXMU4VO,"Take Care In Your Dreaming (feat. Denzel Curry, Tricky & Sampa The Great)","Music Makes Me High / Take Care In Your Dreaming","The Avalanches;Denzel Curry;Tricky;Sampa the Great",2020-09-14,300106,26,true,,2021-01-24T15:14:51Z,"plunderphonics,trip hop,downtempo","Universal Music Australia Pty. Ltd.",0.611,0.822,3,-7.019,0,0.0462,0.509,0.00129,0.138,0.329,130.286,4
spotify:track:4oEXndZNny3gyG12XNyd6Q,"It Gets Better","If I'm Gonna See You","Sean Angus Watson",2018-08-29,216000,44,false,,2021-01-22T17:21:01Z,"","Sean Angus Studios",0.593,0.0969,4,-20.275,1,0.0462,0.97,0.933,0.12,0.191,108.872,3
spotify:track:7hm4HTk9encxT0LYC0J6oI,"Someday","Is This It","The Strokes",2001-07-30,183440,72,false,,2021-01-17T07:48:14Z,"garage rock,indie rock,alternative rock","RCA Records Label",0.539,0.521,9,-7.46,1,0.0299,0.00425,0,0.367,0.679,106.035,4
spotify:track:7Bo0xLcXWx3pdhqwthqGaz,"Chicago","Illinois","Sufjan Stevens",2005-07-05,364613,0,false,,2021-01-17T07:48:09Z,"baroque pop","Asthmatic Kitty",0.579,0.463,7,-9.657,1,0.0303,0.585,0,0.0892,0.447,124.977,4
spotify:track:3aEvOxj6rBNTpPFaBVJyGf,"Anywhere","Sensitive Soul","Hope Tala",2019-08-14,146000,0,false,,2021-01-12T19:14:11Z,"alternative r&b","Globe Town Records",0.687,0.48,5,-10.797,1,0.0519,0.165,0.0000317,0.0677,0.785,159.952,4
spotify:track:0bZq2EECbloVhk2Hwcgp4v,"I CHOOSE YOU","SUMMER CAMP","Adam Melchor",2020-02-28,217807,13,false,,2021-01-08T04:41:59Z,"","R&R Digital",0.562,0.712,11,-4.903,1,0.0277,0.282,0.00000407,0.391,0.472,135.118,3
spotify:track:6WpE1zKOrnVKNDUHzwsUJ7,"Left Side","This Thing Called Living","Eloise",2019-05-30,144962,0,false,,2021-01-07T21:38:38Z,"","Harbour Artists & Music",0.715,0.237,0,-13.42,1,0.0849,0.901,0.00000147,0.186,0.375,114.908,4
spotify:track:4pu8KqFqRsLcLIgTeHRavE,"O Ephraim","Finding Gabriel","Brad Mehldau",2019-05-17,321791,20,false,,2021-01-01T21:42:33Z,"jazz,jazz ballads,cool jazz","Nonesuch",0.564,0.445,0,-11.831,1,0.0346,0.777,0.971,0.135,0.184,126.075,5
spotify:track:1cwWIZtBYrnV3qM0inD1s8,"Heart of Grass","Heart of Grass / Stuck In My Head","Silk Rhodes",2015-02-24,285320,0,false,,2020-12-30T19:02:59Z,"","Stones Throw Records",0.899,0.132,5,-11.378,1,0.0411,0.171,0.0034,0.0877,0.337,137.308,3
spotify:track:710Vw1H0jtmLn5zcMDzodq,"Born to Trouble","Finding Gabriel","Brad Mehldau",2019-05-17,241297,36,false,,2020-12-30T16:39:44Z,"jazz,jazz ballads,cool jazz","Nonesuch",0.407,0.445,8,-11.675,0,0.0534,0.888,0.938,0.148,0.569,154.008,4
spotify:track:3T95IAeAWl1IKPAPIwwxUg,"Don't Call Again","Last Year Was Weird, Vol. 2","Tkay Maidza;Kari Faux",2020-08-07,226500,19,true,,2020-12-19T20:19:20Z,"alternative r&b","4AD",0.461,0.749,6,-4.169,0,0.203,0.278,0,0.678,0.512,79.089,4
spotify:track:41UDmHAjh1IJ29j0ujGmhJ,"You Sad","Last Year Was Weird, Vol. 2","Tkay Maidza",2020-08-07,157312,36,false,,2020-12-19T20:11:18Z,"alternative r&b","4AD",0.742,0.671,1,-4.589,1,0.246,0.629,0,0.132,0.469,159.955,4
spotify:track:0qEfiBPPu4bnAVJGcRiPtU,"Sweet Child O' Mine","Funk Ninja","Scary Pockets;Mario Jose",2018-07-02,169343,40,false,,2020-12-14T21:10:53Z,"funk,retro soul","Pockets, Inc.",0.709,0.853,1,-9.024,1,0.0494,0.0993,0.000427,0.0797,0.908,138.38,4
spotify:track:1t0YL0DwYHhbW5P4BvV7j1,"Take Care In Your Dreaming","We Will Always Love You","The Avalanches;Denzel Curry;Tricky;Sampa the Great",2020-12-11,300106,42,true,,2020-12-13T03:47:07Z,"plunderphonics,trip hop,downtempo","Universal Music Australia Pty. Ltd.",0.611,0.822,3,-7.019,0,0.0462,0.509,0.00129,0.138,0.329,130.286,4
spotify:track:4k65ndzxH3tHYZSnYurgM7,"We Go On","We Will Always Love You","The Avalanches;Cola Boyy;Mick Jones",2020-12-11,241746,47,false,,2020-12-13T03:32:18Z,"plunderphonics","Universal Music Australia Pty. Ltd.",0.63,0.841,6,-5.973,1,0.0336,0.0508,0.0017,0.464,0.641,108.486,4
spotify:track:5ImMXrczU0jwRgEuWBJDqz,"Song For Barbara Payton","We Will Always Love You","The Avalanches",2020-12-11,100973,40,false,,2020-12-13T03:14:20Z,"plunderphonics","Universal Music Australia Pty. Ltd.",0.355,0.358,5,-16.509,1,0.0761,0.949,0.156,0.377,0.22,72.429,5
spotify:track:3A0cAzFKPefBCz7Z02UnnO,"The Divine Chord","We Will Always Love You","The Avalanches;MGMT;Johnny Marr",2020-12-11,187586,57,false,,2020-12-13T03:14:14Z,"plunderphonics,indie","Universal Music Australia Pty. Ltd.",0.557,0.863,0,-5.321,0,0.0391,0.104,0,0.697,0.373,105.362,4
spotify:track:7klPHv3HnXdUY3dSfTccNc,"Time","Free Nationals","Free Nationals;Mac Miller;Kali Uchis",2019-12-13,210385,67,true,,2020-12-11T21:28:00Z,"","OBE, LLC / EMPIRE",0.469,0.771,5,-7.071,1,0.338,0.518,0.000197,0.0789,0.298,88.968,4
spotify:track:6xiwKFReTZ7XlXpSi3x2Sb,"814","Soul Hymns","Mark Barlow;Isla Vista Worship",2019-03-29,244485,50,false,,2020-12-08T21:45:06Z,"christian jazz,christian lo-fi,christian r&b,worship,christian alternative rock,christian,christian folk","Barlow Records",0.801,0.497,6,-8.983,0,0.0487,0.519,0.0000545,0.0891,0.36,107.03,4
spotify:track:4bGMfBXj9CRtuhlmoqd1yB,"The Jellyfish Song","The Jellyfish Song","Caroline Konstnar",2019-11-06,123376,35,true,,2020-12-08T21:35:37Z,"","1445467 Records DK",0.95,0.159,11,-18.694,0,0.0844,0.59,0.036,0.105,0.848,118.018,4
spotify:track:77krY3S3O7w8UDGEyUGSBG,"Slide","Whatever Makes U Happy","JMSN",2017-04-28,333187,24,false,,2020-12-07T18:03:12Z,"","White Room Records",0.585,0.626,7,-5.653,1,0.0336,0.242,0.000183,0.117,0.387,80.01,4
spotify:track:4JoYf2tqXgDAEMsg622nrh,"What Do You Got?","Live for Each Other","Fat Night",2020-07-10,285720,0,false,,2020-12-06T21:18:02Z,"retro soul","Acrophase Records",0.664,0.255,7,-12.195,0,0.0299,0.713,0.00132,0.121,0.519,113.959,3
spotify:track:6sHIw9oWxwRgrymLmQqtlM,"Is Your Love Big Enough?","Is Your Love Big Enough?","Lianne La Havas",2012-07-06,201653,16,false,,2020-12-06T19:34:44Z,"alternative r&b,soul,pop soul","Nonesuch",0.546,0.718,4,-5.243,1,0.119,0.258,0.0000152,0.0645,0.677,87.923,3
spotify:track:3o9yzDhGVqfjUZHvcvA6oF,"Patiently","Whatever Makes U Happy","JMSN",2017-04-28,224080,33,false,,2020-12-06T18:00:00Z,"","White Room Records",0.721,0.296,2,-9.869,1,0.0398,0.479,0.0000139,0.108,0.18,110.063,3
spotify:track:4vt4JoGfQ1QaDeHXKxTpUI,"Do You Really","Do You Really","Oscar Jerome",2018-07-04,210000,44,true,,2020-12-04T04:51:59Z,"indie soul,jazz house,indie jazz,nu jazz","Au Contraire Music",0.652,0.909,10,-5.506,0,0.179,0.296,0.00205,0.269,0.868,173.824,4
spotify:track:2KzpsnZztszanilxkAQBTh,"Icarus","ICARUS","Aaron Taylor",2020-09-25,298400,33,false,,2020-12-04T04:28:32Z,"indie soul,neo soul","Edenic Records",0.432,0.329,1,-8.745,1,0.0296,0.371,0.000557,0.217,0.322,140.105,3
spotify:track:63I4Vdi2QWqRr6S0ZRj0xL,"Cut Me a Break (feat. T.I.)","Free Nationals","Free Nationals;T.I.",2019-12-13,116944,38,true,,2020-12-04T03:45:41Z,"southern hip hop","OBE, LLC / EMPIRE",0.378,0.926,5,-4.391,1,0.424,0.318,0,0.199,0.737,78.262,4
spotify:track:3bt6rnq9mCrq1XStEcGaNl,"Apartment (feat. Benny Sings)","Free Nationals","Free Nationals;Benny Sings",2019-12-13,184573,51,false,,2020-12-04T03:32:11Z,"","OBE, LLC / EMPIRE",0.736,0.816,11,-7.306,0,0.0465,0.34,0.048,0.0977,0.909,162.065,4
spotify:track:0cciBj4236w1xByzZvn92D,"Beauty & Essex (feat. Daniel Caesar & Unknown Mortal Orchestra)","Free Nationals","Free Nationals;Daniel Caesar;Unknown Mortal Orchestra",2019-12-13,277046,67,true,,2020-12-04T03:24:32Z,"neo-psychedelic","OBE, LLC / EMPIRE",0.552,0.741,11,-5.419,0,0.0542,0.284,0.000082,0.334,0.718,69.709,4
spotify:track:2lqU96STOKcviqaBfMr7n7,"Alma-Ville","Jazz Impressions Of Black Orpheus [Original Jazz Classics Remasters] (OJC Remaster)","Vince Guaraldi Trio",2010-01-01,300600,18,false,,2020-12-03T17:00:02Z,"christmas","Original Jazz Classics",0.385,0.219,0,-19.549,1,0.0387,0.846,0.721,0.115,0.702,165.703,4
spotify:track:1DWZUa5Mzf2BwzpHtgbHPY,"Good News","Circles","Mac Miller",2020-01-17,342040,72,false,,2020-12-03T15:39:56Z,"","Warner Records",0.794,0.32,1,-12.92,0,0.173,0.853,0.134,0.112,0.241,174.088,4
spotify:track:1U1OeyPu6frcUUrSZ14PjH,"What Did You Mean (When You Said Love)","Modern Johnny Sings: Songs in the Age of Vibe","Theo Katzman",2020-01-10,275986,42,false,,2020-12-03T15:39:53Z,"retro soul","Ten Good Songs",0.819,0.44,6,-10.801,1,0.178,0.213,0.0364,0.102,0.814,116.717,4
spotify:track:5icIdyBlKaRbhzPJU68xMu,"decide to be happy","SUPERBLOOM","MisterWives",2020-07-24,207493,45,false,,2020-12-03T14:49:03Z,"","Fueled By Ramen",0.592,0.804,5,-5.11,0,0.0545,0.21,0,0.318,0.554,74.98,4
spotify:track:5byMYiGxEFH2UzqNWOztGW,"Introspection","Introspection","UMI",2020-05-07,168906,40,true,,2020-12-03T14:30:51Z,"","UMI/Keep Cool/RCA Records",0.613,0.428,0,-9.064,1,0.0514,0.245,0,0.254,0.352,105.09,4
spotify:track:4S6PolgPZ5OLph314ww8Fg,"Eugene","Eugene","Arlo Parks",2020-02-11,221804,54,true,,2020-12-03T14:07:13Z,"","Transgressive",0.606,0.589,7,-7.194,0,0.0456,0.75,0.0102,0.0922,0.889,174.285,4
spotify:track:3zMvotMEQK3xvH01vA9wAP,"Too Long","Discovery","Daft Punk",2001-03-12,600293,58,false,,2020-12-02T04:01:59Z,"french house,electronic,electro","Daft Life Ltd./ADA France",0.692,0.582,5,-10.164,0,0.301,0.00211,0,0.177,0.513,127.017,4
spotify:track:1NeLwFETswx8Fzxl2AFl91,"Something About Us","Discovery","Daft Punk",2001-03-12,232666,77,false,,2020-12-02T04:01:57Z,"french house,electronic,electro","Daft Life Ltd./ADA France",0.875,0.475,9,-12.673,0,0.0986,0.44,0.72,0.046,0.384,99.958,4
spotify:track:6vuPZX9fWESg5js2JFTQRJ,"Crescendolls","Discovery","Daft Punk",2001-03-12,211640,61,false,,2020-12-02T04:01:54Z,"french house,electronic,electro","Daft Life Ltd./ADA France",0.697,0.75,5,-8.503,0,0.0721,0.0035,0.922,0.0889,0.937,124.048,4
spotify:track:5W3cjX2J3tjhG8zb6u0qHn,"Harder, Better, Faster, Stronger","Discovery","Daft Punk",2001-03-12,226413,77,false,,2020-12-02T04:01:53Z,"french house,electronic,electro","Daft Life Ltd./ADA France",0.817,0.716,6,-8.898,0,0.144,0.0427,0.00263,0.358,0.692,123.474,4
spotify:track:0DiWol3AO6WpXZgp0goxAV,"One More Time","Discovery","Daft Punk",2001-03-12,320357,85,false,,2020-12-02T04:01:52Z,"french house,electronic,electro","Daft Life Ltd./ADA France",0.613,0.697,2,-8.618,1,0.133,0.0194,0,0.332,0.476,122.746,4
spotify:track:3H3cOQ6LBLSvmcaV7QkZEu,"Aerodynamic","Discovery","Daft Punk",2001-03-12,212546,68,false,,2020-12-02T04:01:52Z,"french house,electronic,electro","Daft Life Ltd./ADA France",0.624,0.911,7,-7.482,1,0.0524,0.329,0.861,0.0727,0.135,122.902,4
spotify:track:13vwUuL2l4XoDKUr42ULLt,"cotton eye joe","cotton eye joe","benches",2018-12-25,170666,30,false,,2020-11-30T17:15:59Z,"","Ignant Benches",0.651,0.565,0,-10.199,1,0.0292,0.139,0.00000206,0.156,0.303,89.974,4
spotify:track:5I6y1KWmUoV5YCaIEcs1qs,"Should Have Known Better","Carrie & Lowell","Sufjan Stevens",2015-03-31,307697,0,false,,2020-11-29T16:30:58Z,"baroque pop","Asthmatic Kitty",0.571,0.172,7,-20.7,1,0.0318,0.979,0.275,0.124,0.297,90.972,4
spotify:track:1cpANF6zMBoFoxkoIjZHjv,"Skating In Central Park","Undercurrent","Bill Evans;Jim Hall",1962,324200,58,false,,2020-11-23T20:47:01Z,"jazz,cool jazz,jazz ballads,bebop,hard bop","Blue Note Records",0.478,0.0294,0,-25.319,1,0.0453,0.993,0.948,0.105,0.148,124.308,3
spotify:track:41Zg0UrERyaxpOWVGohvz3,"Dusk Baby","Life Forum","Gerald Clayton",2013-01-01,339093,23,false,,2020-11-23T20:17:29Z,"jazz","Universal Music Group International",0.472,0.196,10,-17.482,0,0.0361,0.917,0.485,0.159,0.158,140.917,4
spotify:track:4lrkAUjZqFCofSF4QplDYd,"Trick To Happy","Sad Hunk","Bahamas",2020-10-09,204453,59,false,,2020-11-23T19:54:14Z,"","Brushfire Records/Universal",0.755,0.289,2,-9.658,1,0.0614,0.535,0.000529,0.109,0.646,177.98,4
spotify:track:48jV8AW50589btXi0Hs5f4,"Lancaster Nights","Lancaster Nights","Charlie Burg",2020-09-02,190469,0,false,,2020-11-23T18:25:45Z,"","FADER Label",0.745,0.387,1,-12.839,0,0.0327,0.179,0.00633,0.0736,0.772,95.985,4
spotify:track:4uw7iZZwpVBa8ouMeMXnIy,"Go So Far","Go So Far","Busty and the Bass;Illa J;Jon Connor",2020-07-22,242747,0,false,,2020-11-23T17:32:38Z,"retro soul,jazz rap","Arts & Crafts Productions Inc.",0.699,0.566,1,-6.347,1,0.205,0.258,0.00000356,0.222,0.557,84.989,4
spotify:track:4RVT0yFwQyRLiQs1Tt967l,"Kids","Eddie","Busty and the Bass",2020-08-14,264386,41,false,,2020-11-23T17:28:39Z,"retro soul","Arts & Crafts Productions Inc.",0.605,0.6,1,-3.464,0,0.0325,0.378,0,0.106,0.678,73.978,4
spotify:track:5PyXm54zAI34wONEEtVBjZ,"Things","Time","Louis Cole",2018-08-10,288750,36,false,,2020-11-15T17:39:03Z,"indie jazz","Brainfeeder",0.513,0.479,1,-10.799,1,0.0362,0.25,0.706,0.168,0.282,128.041,4
spotify:track:7uIozqUZ8UlFC5O81yIsYA,"After The Load Is Blown","Time","Louis Cole",2018-08-10,183750,25,false,,2020-11-15T17:11:50Z,"indie jazz","Brainfeeder",0.809,0.278,5,-8.589,1,0.0751,0.575,0.183,0.23,0.437,127.944,4
spotify:track:0EG2aG620FrD1SK5UMJpXj,"Young at Heart","Every Which Way","Dan Reeder",2020-06-05,108076,0,false,,2020-11-11T23:06:44Z,"","Oh Boy Records",0.375,0.252,8,-10.092,1,0.0357,0.889,0.000022,0.11,0.562,80.062,4
spotify:track:0j4IxWhzp9ooiAWcaGhuz0,"Four in the Morning","Every Which Way","Dan Reeder",2020-06-05,175367,0,false,,2020-11-11T22:55:15Z,"","Oh Boy Records",0.401,0.226,8,-14.397,1,0.0403,0.876,0.0252,0.11,0.737,78.99,4
spotify:track:5ncofiedz9Ej6YkvvXMKVn,"Not The Same Anymore","The New Abnormal","The Strokes",2020-04-10,337333,65,true,,2020-11-04T22:42:14Z,"garage rock,indie rock,alternative rock","Cult Records/RCA Records",0.353,0.613,9,-5.9,1,0.031,0.384,0.0123,0.103,0.282,177.375,4
spotify:track:55N8cxpE1QDoeaaNqUnoZ2,"Bad Decisions","The New Abnormal","The Strokes",2020-04-10,293360,68,false,,2020-11-04T22:21:14Z,"garage rock,indie rock,alternative rock","Cult Records/RCA Records",0.374,0.922,0,-3.4,1,0.056,0.0135,0.204,0.28,0.393,153.217,4
spotify:track:5ruzrDWcT0vuJIOMW7gMnW,"The Adults Are Talking","The New Abnormal","The Strokes",2020-04-10,309053,85,false,,2020-11-04T22:21:13Z,"garage rock,indie rock,alternative rock","Cult Records/RCA Records",0.593,0.749,5,-5.67,1,0.0475,0.0113,0.106,0.314,0.649,164.959,4
spotify:track:2XWV9RQNMTnAYpMkvv3mZz,"Learn Your Lesson (Finding Foundations:Vol.1)","You + I","Madison McFerrin",2020-01-22,286796,2,false,,2020-11-02T19:31:51Z,"alternative r&b","MOCLOUD",0.343,0.113,5,-11.905,1,0.0522,0.936,0,0.46,0.297,163.127,5
spotify:track:0kOxmoYqRXjAnc5ZfQ6TIs,"What Can We Do? (feat. Nate Dogg)","Ventura","Anderson .Paak;Nate Dogg",2019-04-12,176036,44,true,,2020-11-01T23:35:56Z,"g-funk,west coast hip hop,old school hip hop","Aftermath",0.744,0.622,10,-6.756,0,0.0458,0.052,0,0.194,0.567,101.561,4
spotify:track:6rEkaGgEj1HLWZ9mjcZDjP,"Good Morning","Ralph Castelli","Ralph Castelli",2017-09-02,262564,0,false,,2020-10-30T02:44:23Z,"bedroom pop","Ralph Castelli",0.786,0.659,0,-10.861,1,0.034,0.644,0.0442,0.104,0.311,117.003,4
spotify:track:0SqfoSpuWsk4CJpCX2LvCD,"Song In My Head","Who Are You Now","Madison Cunningham",2019-08-16,280293,45,false,,2020-10-29T21:30:33Z,"","Verve Forecast",0.515,0.582,8,-6.226,1,0.0414,0.0915,0.0000709,0.113,0.641,119.089,4
spotify:track:3Z3dOgxFctCDTfwWL71sY5,"Truth Lies Low","Are You Serious","Andrew Bird",2016-01-01,328813,37,false,,2020-10-28T03:11:32Z,"baroque pop,indie folk","Loma Vista",0.703,0.451,10,-11.492,1,0.047,0.737,0.105,0.0938,0.627,91.252,4
spotify:track:0kz637M43RY673RZoJCWBX,"Dead Butterflies (feat. Kano and Roxani Arias)","Song Machine, Season One: Strange Timez (Deluxe)","Gorillaz;Kano;Roxani Arias",2020-10-23,273626,44,true,,2020-10-28T02:09:10Z,"grime,uk grime","Parlophone UK",0.648,0.533,0,-9.163,1,0.164,0.485,0.0204,0.358,0.288,173.963,4
spotify:track:5dB55Te4Ivt5VRpwQsZXMa,"Friday 13th (feat. Octavian)","Song Machine, Season One: Strange Timez (Deluxe)","Gorillaz;Octavian",2020-10-23,215007,44,true,,2020-10-28T02:02:36Z,"grime,uk grime,afroswing","Parlophone UK",0.753,0.411,0,-10.684,1,0.0271,0.547,0.0000419,0.228,0.484,100.042,4
spotify:track:4UkynNKM3QAFnYukL8Udi6,"Helplessness Blues","Helplessness Blues","Fleet Foxes",2011-05-03,303386,0,false,,2020-10-24T20:07:35Z,"indie folk,folk,indie","Sub Pop Records",0.329,0.455,8,-7.74,1,0.0339,0.0879,0.00000689,0.118,0.19,124.888,3
spotify:track:4F2QVxqYaLlsZQx70Wngct,"Trade It All","Art of Love","Cory Henry",2018-07-13,410333,0,false,,2020-10-21T03:27:27Z,"retro soul,christian jazz,jazz fusion","Cory Henry & The Funk Apostles",0.709,0.832,8,-5.731,0,0.0558,0.362,0.00357,0.0632,0.634,102.098,4
spotify:track:5BoDFGTXZ8j5muc6Sb2jMz,"Lava","Lava","Still Woozy",2019-04-05,157303,0,false,,2020-10-16T06:45:36Z,"bedroom pop","Still Woozy",0.623,0.615,1,-10.064,1,0.146,0.304,0.00874,0.25,0.672,169.137,4
spotify:track:0WhfZdLd8dXoVXUTJaKR8a,"Firewood","What We Saw from the Cheap Seats (Deluxe Version)","Regina Spektor",2012-05-25,291720,23,false,,2020-10-16T04:16:55Z,"anti-folk","Sire",0.497,0.13,1,-12.636,1,0.0383,0.936,0.00141,0.099,0.178,104.803,3
spotify:track:14WC3aPKp9cGWMErF8lkza,"October Eyes","October Eyes","Alt Bloom",2019-09-27,147790,47,false,,2020-10-15T22:21:09Z,"pop singer-songwriter","BigMTN Records",0.618,0.52,4,-9.232,1,0.367,0.719,0.0117,0.146,0.698,144.922,4
spotify:track:2EgfLUS0jNiujIWc3ZLEtn,"Tangerine","Together Lonely","Tim Atlas",2019-11-08,175860,0,false,,2020-10-15T15:19:08Z,"","Tim Atlas",0.776,0.378,0,-8.035,1,0.0322,0.435,0.00187,0.11,0.453,135.981,4
spotify:track:5NgXLG5PSZ3ANr25I6cDJu,"Days Go By","Anyway","May Erlewine;Woody Goss",2020-08-14,178780,49,false,,2020-10-15T01:41:32Z,"","sapsucker productions",0.722,0.395,7,-11.306,1,0.0277,0.195,0.00102,0.154,0.817,101.169,4
spotify:track:5PUrtOmb0AzLeWtKi9lZMe,"Anyway","Anyway","May Erlewine;Woody Goss",2020-08-14,204835,34,false,,2020-10-15T01:41:20Z,"","sapsucker productions",0.662,0.568,0,-7.23,1,0.0358,0.00462,0.0763,0.0929,0.389,87.435,4
spotify:track:28BhmJ2qxCbZE3gwoXXg2L,"Pressure","My Way","Aaron Childs",2017-03-03,128179,36,false,,2020-10-14T00:47:15Z,"retro soul","Aaron Childs",0.794,0.222,0,-9.445,1,0.305,0.541,0.391,0.147,0.943,205.971,4
spotify:track:2DvonT751gQIRikzKDDGId,"Smoke","Smoke","Luke Levenson;Abbey Smith",2015-09-04,286812,43,false,,2020-10-13T15:02:47Z,"","Independent",0.454,0.485,10,-9.073,0,0.0826,0.905,0.00114,0.131,0.67,109.338,4
spotify:track:5CxFl4XSOMAClE8sL1zFv9,"Retro [ROUGH]","Kauai","Childish Gambino",2014-10-03,155914,0,false,,2020-10-13T14:25:50Z,"","Glassnote Entertainment Group LLC",0.877,0.61,1,-6.722,1,0.0468,0.268,0.00282,0.114,0.338,109.963,4
spotify:track:1mBcjoBQf9LMPCubmi7BKe,"Valley of the Fevers","Apache Relay","The Apache Relay",2014-01-01,247293,0,false,,2020-10-11T19:13:49Z,"","So Recordings",0.54,0.841,0,-5.73,1,0.0275,0.0908,0.00226,0.0888,0.76,133.013,4
spotify:track:5SVXnGzDgV6df6lUvYdxdo,"Howler Monkey","Tropical","Louie Zong",2020-10-09,143048,18,false,,2020-10-11T18:14:40Z,"","Fuji Apple Records",0.881,0.292,11,-14.402,1,0.0521,0.876,0.726,0.205,0.653,107.002,4
spotify:track:6zIgLduh2AzfXgjskypvsF,"2.25","HEATWAVE","MICHELLE",2018-09-04,283833,19,false,,2020-10-09T14:36:17Z,"bedroom pop","Canvasback/ATL",0.589,0.704,8,-6.108,1,0.285,0.627,0.0000363,0.148,0.413,88.786,4
spotify:track:4Kc36hVkjt9tYVU1NCxRj8,"The Carol in Her Eyes","The Carol in Her Eyes","Solomonophonic",2018-12-14,211948,20,false,,2020-09-30T20:21:12Z,"","Solomonophonic",0.823,0.371,0,-8.524,0,0.04,0.405,0.000036,0.0868,0.659,77.001,4
spotify:track:38b1DeACd0UbDYh3j2rZfs,"Maestranza","Shore","Fleet Foxes",2020-09-22,183373,35,false,,2020-09-30T14:54:17Z,"indie folk,folk,indie","Anti/Epitaph",0.603,0.779,11,-8.993,0,0.0305,0.502,0.237,0.62,0.417,101.978,4
spotify:track:5xGt18Bb0D0DvYwytFDuhD,"Young Man's Game","Shore","Fleet Foxes",2020-09-22,191680,32,false,,2020-09-30T14:38:00Z,"indie folk,folk,indie","Anti/Epitaph",0.523,0.691,2,-8.435,1,0.0327,0.173,0.274,0.603,0.557,144.975,4
spotify:track:3pYB28IRzhtR5cHXLINchp,"Can I Believe You","Shore","Fleet Foxes",2020-09-22,244186,54,false,,2020-09-30T14:16:07Z,"indie folk,folk,indie","Anti/Epitaph",0.514,0.755,11,-8.455,1,0.03,0.354,0.0664,0.144,0.599,77.415,4
spotify:track:6bdy17W52RbHgDGqWAnvCt,"Shore","Shore","Fleet Foxes",2020-09-22,259986,28,false,,2020-09-30T01:27:41Z,"indie folk,folk,indie","Anti/Epitaph",0.361,0.265,2,-15.541,0,0.035,0.766,0.0376,0.102,0.121,101.044,4
spotify:track:795p3jKj5stjPf8IFpZkdD,"ENTROPY","CASE STUDY 01","Daniel Caesar",2019-06-28,261291,0,false,,2020-09-29T21:22:26Z,"","Golden Child Recordings",0.642,0.527,2,-9.444,1,0.0534,0.808,0.0000428,0.154,0.566,133.062,4
spotify:track:071PJO28TuiM77XY5vQnax,"Wet","Velvet","JMSN",2018-09-21,245952,16,false,,2020-09-23T15:13:05Z,"","White Room Records",0.525,0.405,0,-8.437,1,0.0274,0.646,0,0.295,0.361,114.983,4
spotify:track:6R7LF2nY3kIExm30uiQNya,"So Badly (Album Version)","Velvet","JMSN",2018-09-21,298250,38,false,,2020-09-23T14:23:33Z,"","White Room Records",0.614,0.55,2,-6.493,0,0.0376,0.208,0.000156,0.0412,0.493,154.624,4
spotify:track:5Qg1StPjfDnTY42zF7i02d,"Inferno","Velvet","JMSN",2018-09-21,264560,47,false,,2020-09-23T14:05:02Z,"","White Room Records",0.766,0.908,1,-4.769,1,0.119,0.00821,0.000026,0.0705,0.791,98.973,4
spotify:track:58U1yAjMNQkHHNxgut10NP,"Spring of Choice","Spring of Choice","Gabriel Sayer;Riley Geare",2020-04-24,179683,0,false,,2020-09-20T04:04:51Z,"","Acrophase Records",0.859,0.534,6,-6.681,1,0.0424,0.0427,0.00528,0.112,0.893,122.951,4
spotify:track:2OJtbQBgZEkNaB3moUkRx5,"Isabelle","Isabelle","Gabriel Sayer",2020-04-08,190250,0,false,,2020-09-20T04:00:17Z,"","Acrophase Records",0.618,0.431,2,-6.372,0,0.069,0.401,0.311,0.0609,0.705,119.857,4
spotify:track:26OyjeAsD6SotHTHfzDuK5,"Everytime","Everytime","Paul Mccall;Wbu",2018-05-08,222817,33,false,,2020-09-14T01:08:19Z,"","30 Clip Records",0.457,0.417,5,-14.411,1,0.256,0.881,0.0000309,0.3,0.473,127.218,3
spotify:track:5TxRUOsGeWeRl3xOML59Ai,"ARE WE STILL FRIENDS?","IGOR","Tyler, The Creator",2019-05-17,265480,84,true,,2020-09-14T01:00:13Z,"","Columbia",0.216,0.497,10,-8.025,1,0.0371,0.128,0.00000239,0.111,0.313,187.308,3
spotify:track:5QvBXUm5MglLJ3iBfTX2Wo,"RUNNING OUT OF TIME","IGOR","Tyler, The Creator",2019-05-17,177219,74,true,,2020-09-14T00:33:15Z,"","Columbia",0.36,0.391,6,-10.6,1,0.0528,0.296,0.000406,0.129,0.162,84.281,4
spotify:track:5hVghJ4KaYES3BFUATCYn0,"EARFQUAKE","IGOR","Tyler, The Creator",2019-05-17,190072,80,true,,2020-09-14T00:26:27Z,"","Columbia",0.554,0.498,9,-8.866,1,0.0685,0.23,0.00000598,0.795,0.413,79.635,4
spotify:track:3R1Vu4Ws7UitwDxDHTol0P,"Enjoy Right Now, Today","Flower Boy","Tyler, The Creator",2017-07-21,235400,57,false,,2020-09-13T02:39:10Z,"","Columbia",0.729,0.675,1,-6.008,1,0.187,0.037,0.847,0.0891,0.654,162.126,4
spotify:track:4XDpeWqPADoWRKcUY3dC84,"November","Flower Boy","Tyler, The Creator",2017-07-21,225346,64,true,,2020-09-13T02:37:03Z,"","Columbia",0.547,0.759,1,-7.039,0,0.413,0.354,0.0000215,0.676,0.575,91.85,4
spotify:track:430qNtapCS3Ue1yoSql1oV,"I Ain't Got Time!","Flower Boy","Tyler, The Creator",2017-07-21,206266,60,true,,2020-09-13T02:36:57Z,"","Columbia",0.549,0.725,1,-7.239,1,0.397,0.0539,0.0000352,0.148,0.547,108.822,4
spotify:track:0qtK3XwbuG153dmwB8iepL,"Glitter","Flower Boy","Tyler, The Creator",2017-07-21,224893,67,true,,2020-09-13T02:35:37Z,"","Columbia",0.449,0.434,1,-11.777,1,0.243,0.306,0.00000276,0.633,0.371,78.57,5
spotify:track:5WNYg3usc6H8N3MBEp4zVk,"Boredom (feat. Rex Orange County & Anna of the North)","Flower Boy","Tyler, The Creator;Rex Orange County;Anna of the North",2017-07-21,320720,68,true,,2020-09-13T02:17:38Z,"bedroom pop","Columbia",0.559,0.578,8,-9.54,1,0.151,0.79,0.000522,0.324,0.239,79.938,4
spotify:track:6ACiYjq5Q7e6BlhZEHz7cd,"Garden Shed (feat. Estelle)","Flower Boy","Tyler, The Creator;Estelle",2017-07-21,223946,65,true,,2020-09-13T02:16:21Z,"","Columbia",0.423,0.456,2,-8.45,0,0.0579,0.381,0.016,0.12,0.148,112.984,4
spotify:track:7KA4W4McWYRpgf0fWsJZWB,"See You Again (feat. Kali Uchis)","Flower Boy","Tyler, The Creator;Kali Uchis",2017-07-21,180386,92,true,,2020-09-13T02:04:26Z,"","Columbia",0.558,0.559,6,-9.222,1,0.0959,0.371,0.00000749,0.109,0.62,78.558,4
spotify:track:4EWBhKf1fOFnyMtUzACXEc,"Pluto Projector","Pony","Rex Orange County",2019-10-25,267518,77,false,,2020-09-13T01:54:23Z,"bedroom pop","Rex Orange County",0.379,0.219,5,-11.196,1,0.0307,0.707,0.000691,0.118,0.188,79.786,4
spotify:track:4gS41F1EOiiytNRnZ4V5Rs,"Heart","Live for Each Other","Fat Night",2020-07-10,302226,0,false,,2020-09-01T21:20:53Z,"retro soul","Acrophase Records",0.531,0.371,6,-13.88,0,0.0385,0.65,0.0995,0.348,0.596,208.064,4
spotify:track:2fhePAlCSsJplwkjqMYpVm,"LOVE AGAIN","CASE STUDY 01","Daniel Caesar;Brandy",2019-06-28,214277,0,false,,2020-08-14T15:38:06Z,"r&b,contemporary r&b","Golden Child Recordings",0.553,0.441,5,-6.411,1,0.0918,0.41,0.00000257,0.107,0.525,76.988,4
spotify:track:1lTo5DqdPcHWI82OD3xZqu,"Rocky Raccoon","Mother Nature's Son","Ramsey Lewis",1968-12-31,158533,34,false,,2020-08-12T13:13:18Z,"jazz funk,smooth jazz,soul jazz,northern soul,jazz","GRP",0.548,0.51,5,-12.044,1,0.0622,0.536,0.0542,0.261,0.567,103.273,4
spotify:track:3QVtICc8ViNOy4I5K14d8Z,"White Winter Hymnal","Fleet Foxes","Fleet Foxes",2008-06-03,147026,0,false,,2020-08-11T19:18:08Z,"indie folk,folk,indie","Sub Pop Records",0.629,0.505,6,-9.663,0,0.0268,0.438,0,0.243,0.711,124.92,4
spotify:track:5I67IXwHIMi0svzyp7GxUe,"Lovestained","Sensitive Soul","Hope Tala",2019-08-14,175280,0,false,,2020-08-11T15:46:30Z,"alternative r&b","Globe Town Records",0.781,0.684,11,-8.083,1,0.0676,0.125,0.00277,0.122,0.585,88.966,4
spotify:track:1ZczOoLuCyDO5dKUPndxf5,"Say a Little Prayer - Live","Say a Little Prayer (Live)","Lianne La Havas",2016-08-12,203574,60,false,,2020-08-06T20:55:51Z,"alternative r&b,soul,pop soul","Warner Records",0.492,0.326,4,-6.416,0,0.0505,0.84,0,0.696,0.376,112.218,4
spotify:track:5dmPNuHmRRJuHmJTDa7NuJ,"Bambi","Bambi","Hippo Campus",2018-09-28,194400,52,true,,2020-08-06T18:00:01Z,"","Grand Jury",0.739,0.471,8,-8.456,1,0.0436,0.0661,0.0000978,0.116,0.31,90.002,4
spotify:track:5DZZSJMB7ov5O3r6dKhscW,"Gato","Gato","Maya Delilah",2020-02-07,179330,43,false,,2020-08-03T15:39:26Z,"","Maya Delilah",0.802,0.381,1,-10.229,1,0.0362,0.833,0.000132,0.0956,0.741,92.543,4
spotify:track:2LiAbVThDjRxRWz8SQaWuw,"Kumbaya","Kumbaya","Nick Dorian;Shibo",2019-10-23,201533,0,false,,2020-08-03T15:06:36Z,"","feel good biz",0.764,0.677,9,-12.245,0,0.138,0.184,0.00244,0.207,0.675,77.498,4
spotify:track:4hvP3K3AgtwpaFEc9ss7x0,"Maroon","Maroon","Eli Winter",2020-07-23,439546,0,false,,2020-07-30T14:47:19Z,"","American Dreams Records",0.254,0.561,2,-10.362,1,0.033,0.85,0.855,0.156,0.398,93.668,4
spotify:track:7aKEKEyC00307wqmwmvRh3,"Fall Into Place","Fall Into Place","Couch",2020-04-17,267426,0,false,,2020-07-27T14:43:18Z,"pop soul,jazz pop,funk pop,retro pop","Couch Records",0.716,0.447,8,-5.561,1,0.0405,0.287,0.00000988,0.0921,0.69,140.06,4
spotify:track:0lnQZPp2Bxwe3vPa4MehES,"Mango (Freestyle / Process)","A Collection of Fleeting Moments and Daydreams","Orion Sun;Mulch",2020-01-06,290063,48,false,,2020-07-27T14:34:36Z,"alternative r&b,bedroom pop","orion sun",0.591,0.456,9,-10.057,1,0.111,0.51,0.0575,0.123,0.254,96.47,4
spotify:track:3h3dD2sSufxT2blbCclfsK,"Do You Really (Live)","Do You Really (Live)","Oscar Jerome;Ms MAURICE",2018-12-21,282491,22,true,,2020-07-22T13:33:58Z,"indie soul,jazz house,indie jazz,nu jazz","Au Contraire Music",0.708,0.697,10,-10.154,0,0.109,0.0575,0.0765,0.116,0.597,173.676,4
spotify:track:0d44FIqKZ2VF5bYedlsFOc,"Sunshine","Velvet","JMSN",2018-09-21,296466,39,false,,2020-07-20T13:21:09Z,"","White Room Records",0.756,0.552,9,-5.594,0,0.0258,0.142,0,0.096,0.562,106.032,4
spotify:track:2yx7XX9v7M6yhm2fBG7K3E,"Ain't That Easy","Black Messiah","D'Angelo",2014-12-15,289026,46,false,,2020-07-17T14:11:33Z,"neo soul","RCA Records Label",0.545,0.644,6,-8.111,1,0.415,0.137,0.000402,0.185,0.614,176.176,4
spotify:track:1DrlLvlYd1FIjNavRm6NdX,"Back Pocket","Thrill of the Arts","Vulfpeck",2015-10-09,181259,16,false,,2020-07-14T15:04:44Z,"funk,funk rock","Vulf Records",0.839,0.585,2,-7.737,1,0.153,0.478,0.00278,0.0435,0.89,89.821,4
spotify:track:39rHfrVqCX6A55GF7uOZSC,"1612","Fugue State","Vulfpeck",2014-08-26,199639,13,false,,2020-07-14T15:04:43Z,"funk,funk rock","Vulf Records",0.678,0.392,0,-11.328,1,0.274,0.177,0.0045,0.0839,0.711,171.276,4
spotify:track:0QLMAhZQACGtzi11XZVa6A,"Lonely Town","Hill Climber","Vulfpeck;Theo Katzman",2018-12-07,174614,2,false,,2020-07-14T15:04:41Z,"funk,funk rock,retro soul","Vulf Records",0.908,0.644,7,-7.964,1,0.0429,0.065,0.00000303,0.123,0.96,100.401,4
spotify:track:4ubRAqktbYzkNMwHEM5WIK,"Sweet Nothings","Live for Each Other","Fat Night",2020-07-10,266360,0,false,,2020-07-13T16:21:38Z,"retro soul","Acrophase Records",0.777,0.515,9,-13.044,1,0.0338,0.172,0.0122,0.116,0.69,116.013,4
spotify:track:1JfMyBwSxvtu7hp5MmeDkI,"Long Weekend","Live for Each Other","Fat Night",2020-07-10,400480,0,false,,2020-07-13T14:02:52Z,"retro soul","Acrophase Records",0.764,0.334,9,-11.972,0,0.03,0.266,0.000867,0.132,0.588,94.017,4
spotify:track:3WnyI6zvD9fb8o2l7lUjt1,"What Do You Got?","Live for Each Other","Fat Night",2020-07-10,285720,0,false,,2020-07-13T13:57:07Z,"retro soul","Acrophase Records",0.664,0.255,7,-12.195,0,0.0299,0.713,0.00132,0.121,0.519,113.959,3
spotify:track:1cZ1slxFj2KXZ5P7wrfwzw,"Wander","Live for Each Other","Fat Night",2020-07-10,340173,0,false,,2020-07-13T13:25:41Z,"retro soul","Acrophase Records",0.702,0.396,9,-12.83,0,0.0573,0.144,0.379,0.11,0.574,94.013,4
spotify:track:4brX8MJs5hxErgq48f9REO,"Stay","The Divine Feminine","Mac Miller",2016-09-16,326426,66,true,,2020-07-03T14:32:20Z,"","Warner Records",0.742,0.561,6,-7.017,1,0.139,0.566,0.000135,0.641,0.55,134.01,4
spotify:track:5GI6QmVQewXzKDtIf4pPY8,"Twenties","Twenties","Bren Joy",2019-05-17,255993,0,false,,2020-07-02T14:32:29Z,"","Human Re Sources",0.676,0.586,0,-6.412,1,0.0716,0.177,0,0.0461,0.602,88.01,4
spotify:track:3ml3WB66sqG4kXoPBX2POA,"Janet","Berhana","Berhana",2016-07-21,204000,48,true,,2020-07-02T13:27:45Z,"","Berhana",0.81,0.308,0,-8.194,1,0.0818,0.354,0,0.0899,0.56,120.012,4
spotify:track:3e9HZxeyfWwjeyPAMmWSSQ,"thank u, next","thank u, next","Ariana Grande",2019-02-08,207320,88,true,,2020-07-01T03:31:49Z,"pop","Republic Records",0.72,0.654,1,-5.634,1,0.0647,0.227,0,0.101,0.411,106.976,4
spotify:track:0k664IuFwVP557Gnx7RhIl,"Juice","Cuz I Love You","Lizzo",2019-04-19,195333,72,true,,2020-07-01T03:31:48Z,"","Nice Life/Atlantic",0.767,0.889,7,-2.988,1,0.0963,0.00611,0,0.402,0.843,119.93,4
spotify:track:0bBnpTvCWQfbq0OEP79CoS,"Question","Question","Fat Night",2018-12-21,256148,0,false,,2020-07-01T03:31:47Z,"retro soul","Acrophase Records",0.612,0.382,10,-10.777,1,0.0935,0.692,0.00000208,0.0951,0.598,103.368,4
spotify:track:6XQe4h8feaOvoapgwg6WTd,"Deep In Love","Sundae Sauuce Presents: Strawberry Drizzle","Blue Wednesday",2017-11-15,196613,28,false,,2020-06-25T14:58:03Z,"lo-fi hip hop,lo-fi,lo-fi beats","Sundae Sauuce",0.728,0.702,5,-7.412,1,0.0453,0.236,0.734,0.098,0.722,88.894,4
spotify:track:3ojlcemDXMrr4zG3KT6P9P,"Softly (Tokyo)","City Pop","Benny Sings",2019-02-22,195720,0,false,,2020-06-23T14:42:09Z,"","Stones Throw Records",0.919,0.614,1,-8.785,1,0.0394,0.0653,0.106,0.0829,0.963,132.038,4
spotify:track:0tswESduesdu1i4Dt8Yqbr,"Everything I Know","City Pop","Benny Sings",2019-02-22,219120,0,false,,2020-06-23T14:02:32Z,"","Stones Throw Records",0.838,0.249,3,-13.714,0,0.0719,0.825,0.000574,0.0993,0.741,75.004,3
spotify:track:3pqeB2hm7mNHfvvnKxtdCG,"Bad Habit","Bad Habit","Your Smith",2018-07-27,234893,0,false,,2020-06-22T13:26:42Z,"","Neon Gold Records",0.738,0.516,0,-10.18,1,0.0382,0.237,0.00000217,0.121,0.568,94.04,4
spotify:track:1OFRtzNRluXCUbURQ6OyVY,"Ode To Artifice","Ode To Artifice","Samia",2019-08-02,165468,0,false,,2020-06-22T13:18:42Z,"","Dew Process",0.676,0.746,10,-7.047,1,0.0364,0.297,0,0.104,0.602,128.003,4
spotify:track:0wX2a8UlfmJAz1MVisOmv0,"Teach You","Scenery","Emily King",2019-02-01,247613,0,false,,2020-06-21T16:01:22Z,"pop soul","ATO Records",0.664,0.652,5,-8.399,1,0.0486,0.533,0.000362,0.258,0.727,161.962,4
spotify:track:7kUYKUXRD0w8t61iFiHpU6,"Only Fire","All Good Things, Pt. One","Parker Louis",2018-05-04,237258,36,false,,2020-06-21T15:29:40Z,"","Parker Louis",0.779,0.284,2,-12.131,0,0.0344,0.257,0.0000294,0.445,0.494,99.062,4
spotify:track:51Lwyrou0WmEbw868fCgIO,"California Wine","California Wine","Quinn Devlin & The Bridge Street Kings",2020-02-28,187231,0,false,,2020-06-18T20:24:06Z,"","Bridge Street Records",0.628,0.814,8,-6.41,1,0.0455,0.362,0.00925,0.118,0.731,125.095,4
spotify:track:63UNqAjFomMcZXc2InOxTC,"TOO DEEP TO TURN BACK","CASE STUDY 01","Daniel Caesar",2019-06-28,318533,0,true,,2020-05-27T21:39:22Z,"","Golden Child Recordings",0.567,0.436,9,-10.326,1,0.0571,0.778,0,0.188,0.252,149.987,4
spotify:track:45PxuJqJBnPXZKLxoo9Apj,"SUPERPOSITION","CASE STUDY 01","Daniel Caesar;John Mayer",2019-06-28,263794,2,true,,2020-05-27T21:34:28Z,"singer-songwriter","Golden Child Recordings",0.589,0.279,4,-11.209,1,0.0408,0.911,0.000128,0.087,0.333,115.656,4
spotify:track:1GY1aODWhIPUmLNitZMgRL,"RESTORE THE FEELING","CASE STUDY 01","Daniel Caesar;Sean Leon;Jacob Collier",2019-06-28,214011,0,true,,2020-05-27T21:31:16Z,"","Golden Child Recordings",0.541,0.393,10,-13.19,1,0.262,0.615,0.000034,0.192,0.564,58.387,4
spotify:track:4QTwWQDW89udp0JDO2lmPI,"OPEN UP","CASE STUDY 01","Daniel Caesar",2019-06-28,266226,0,true,,2020-05-27T21:28:13Z,"","Golden Child Recordings",0.84,0.192,6,-12.843,1,0.0514,0.409,0.000006,0.101,0.31,114.93,3
spotify:track:0TAHhMjG17P5pzlSm1sgSl,"Funky Galileo","Funky Galileo","Sure Sure",2020-03-06,246200,51,false,,2020-05-27T03:51:30Z,"","Sure Sure",0.802,0.325,10,-9.327,1,0.0466,0.164,0.162,0.156,0.648,110.995,4
spotify:track:5vuGE0TJlQAJ21eCzSCErg,"Warm Animal - Acoustic","Warm Animal (Acoustic)","Sure Sure",2020-01-24,180104,0,false,,2020-05-27T03:10:03Z,"","Sure Sure",0.673,0.313,5,-8.811,1,0.0383,0.581,0.00000816,0.104,0.803,145.815,4
spotify:track:4Lbv4hSII91sgTVjwXNXKh,"Sugar","Signed Sealed And Delivered","Stevie Wonder",1970-08-07,173626,37,false,,2020-05-25T23:58:14Z,"motown,classic soul,soul","UNI/MOTOWN",0.602,0.911,8,-8.217,1,0.0778,0.0858,0.0000283,0.248,0.785,104.031,4
spotify:track:198gUtOQgPmr5qZc8DnoIZ,"Vintage Red","Vintage Red","Jay Jay Pistolet",2007-07-20,181973,37,false,,2020-05-25T23:49:40Z,"","Jay Jay Pistolet",0.73,0.274,3,-15.304,1,0.0644,0.77,0.00842,0.149,0.7,109.045,4
spotify:track:27REOQk3qsqXWTVLn400EW,"Anjela","French Exit","TV Girl",2014-06-05,224093,0,false,,2020-05-25T22:31:14Z,"","TV Girl",0.733,0.585,11,-7.02,1,0.0393,0.0404,0.0303,0.129,0.781,95.403,4
spotify:track:6w48d9Mixf7VCWOGcrZ3Qw,"Stupid in Love","Stupid in Love","Melt",2019-11-15,274848,0,false,,2020-05-25T22:26:38Z,"indie soul,pop soul","Melt Records",0.542,0.361,9,-8.702,1,0.0366,0.314,0.0245,0.131,0.525,143.388,3
spotify:track:7cs7eJjQvyOG4CqwB3JAJ4,"The Answer","The Answer","Honey Butter",2019-09-20,290086,31,false,,2020-05-25T22:18:59Z,"pop soul","Honey Butter",0.449,0.262,10,-10.866,1,0.0412,0.762,0.00000433,0.0776,0.521,174.576,4
spotify:track:2Ee22x5KHPEvrGBIx9AdOb,"Justin Scott","4eva Is A Mighty Long Time","Big K.R.I.T.",2017-10-27,240334,0,false,,2020-05-25T22:15:46Z,"southern hip hop","BMG Rights Management (US) LLC",0.241,0.722,4,-5.161,0,0.0426,0.0145,0.001,0.306,0.142,115.869,3
spotify:track:1RMJOxR6GRPsBHL8qeC2ux,"Best Part (feat. H.E.R.)","Freudian","Daniel Caesar;H.E.R.",2017-08-25,209831,11,false,,2020-05-25T04:35:13Z,"r&b","Golden Child Recordings",0.524,0.364,7,-10.209,1,0.0367,0.808,0,0.1,0.436,75.24,4
spotify:track:4oPNN7syJYSjzDhRerF966,"Untitled (How Does It Feel)","Voodoo","D'Angelo",2000-01-01,430800,65,false,,2020-05-24T15:00:59Z,"neo soul","Virgin Records",0.838,0.304,4,-9.975,0,0.0626,0.16,0.0267,0.0828,0.221,112.618,3
spotify:track:0zOn9umVAP1HwtWAbApuFB,"Looks Like Rain","Kindred","Passion Pit",2015-04-20,235293,31,false,,2020-05-17T21:04:23Z,"indie","Columbia",0.385,0.711,0,-5.736,1,0.0588,0.0167,0,0.11,0.331,187.717,4
spotify:track:77iRifbhkJGvGBBRNykUwN,"Suddenly","The End Of Comedy","Drugdealer;Weyes Blood",2016-09-09,197040,54,false,,2020-05-10T19:56:40Z,"art pop,baroque pop","Weird World",0.651,0.465,4,-7.538,1,0.0328,0.503,0.0455,0.495,0.585,107.75,4
spotify:track:0M5zeSOz216A8dFlYHtICq,"People Floating","People Floating","Renny Conti",2018-09-07,211957,25,false,,2020-05-06T02:19:36Z,"","Urban Scandal Records",0.726,0.594,6,-10.489,0,0.0389,0.562,0.486,0.318,0.203,115.033,4
spotify:track:23CAymVqi4yVIYHOCYwyQx,"Niña Fresa","Tomorrow","The O'My's",2018-09-07,264652,29,false,,2020-05-06T01:23:54Z,"","haight.",0.637,0.719,10,-5.609,1,0.0395,0.491,0.0000362,0.335,0.268,104.463,4
spotify:track:6rvmbpvpldAlmj0BDnNNYq,"Swamp Time!","Very American!","mmmonika",2019-11-20,222481,4,false,,2020-05-06T01:19:29Z,"","Youth Biking Global",0.763,0.755,2,-4.85,1,0.0419,0.000534,0.00000447,0.125,0.897,136.993,4
spotify:track:1Frr2d2SHGlHC4OWa2m3G3,"Unwind Me!","Unwind Me!","mmmonika",2019-06-11,188085,21,false,,2020-05-06T01:05:34Z,"","Youth Biking Global",0.805,0.828,0,-4.683,1,0.141,0.126,0,0.186,0.697,141.016,4
spotify:track:39WFZVKifA8Fl2TZI2kp0S,"Last 100","What Kinda Music","Tom Misch;Yussef Dayes",2020-04-24,240330,53,false,,2020-04-29T14:58:38Z,"indie soul,nu jazz,indie jazz,jazz fusion","Beyond The Groove / Blue Note Records",0.651,0.64,9,-8.386,0,0.0866,0.656,0.391,0.151,0.646,91.087,4
spotify:track:16cDPu788AGATCvvvcdr7N,"Electric Dream","Electric Dream","Bien",2017-08-18,265840,40,false,,2020-04-28T21:44:29Z,"","Dream Whale Creative",0.836,0.47,2,-7.73,0,0.114,0.707,0.000167,0.0632,0.608,129.988,4
spotify:track:4gwltSjdrzKtKz9dlk2Wja,"Stella Brown","Stella Brown","Jelani Aryeh",2020-04-03,187415,50,false,,2020-04-28T21:19:39Z,"","No Matter",0.724,0.48,2,-7.537,1,0.0342,0.211,0.0772,0.289,0.591,125.007,4
spotify:track:5u9cuDcYdOpSRB7fAYXXdp,"Marcel","Songs of Her's","Her's",2017-05-12,187571,67,false,,2020-04-28T15:20:36Z,"indie","Heist Or Hit Records",0.625,0.645,9,-5.959,1,0.0278,0.54,0.0776,0.347,0.685,106.996,4
spotify:track:16OeJvn6s38iUCNniIU4WQ,"Shiosai","ARCHES","Isao Tsukamoto",2016-09-05,152306,0,false,,2020-04-22T02:43:07Z,"experimental jazz,jam band","TINKER RECORDS",0.491,0.0315,0,-20.664,1,0.0456,0.987,0.839,0.138,0.173,73.306,4
spotify:track:7BvUMxQHBNBPb7haFvvKwG,"Dean Martin","Better","Tess Henley",2019-08-02,223512,0,false,,2020-04-18T15:26:55Z,"christmas","Joy Recordings",0.666,0.403,9,-10.108,1,0.0455,0.161,0.000321,0.0778,0.409,71.059,4
spotify:track:4fSp4eUqq87gX8ekjv4JC1,"The Love","The Gettin' Off Stage, Step 1","People Under The Stairs",2015-11-20,213985,42,true,,2020-04-13T19:58:34Z,"jazz rap,underground hip hop,alternative hip hop","Piecelock 70",0.903,0.911,6,-5.676,1,0.0698,0.546,0.0293,0.131,0.965,126.798,4
spotify:track:7mGBsNXdarjcZiCe2pOCKy,"Green Juice","Green Juice","Papooz",2016-06-03,208626,0,false,,2020-04-13T15:00:19Z,"french indie pop","Jive Epic",0.559,0.419,0,-12.713,1,0.0376,0.7,0.000348,0.42,0.585,131.881,4
spotify:track:5pf22PC73GvnDS2NSuQNoK,"Startover","Startover","Honeybutter",2020-04-03,210810,8,false,,2020-04-05T05:47:20Z,"","Honeybutter",0.661,0.402,2,-9.519,1,0.115,0.482,0.0000015,0.098,0.49,148.077,4
spotify:track:00OTT8FmucQW9qfh4wTruA,"Bite the Bit","Bite the Bit","Honeybutter",2019-10-11,244419,34,false,,2020-04-01T19:03:30Z,"","Honeybutter",0.61,0.514,1,-9.404,1,0.145,0.683,0.00154,0.253,0.55,89.721,4
spotify:track:7AgyjXeHdDJsq727KSELyg,"Funk215","Funk215","Kyle Sparkman",2020-01-17,240365,0,false,,2020-04-01T17:29:53Z,"","Sparkman Sounds",0.906,0.627,2,-5.672,1,0.0564,0.261,0.00779,0.0598,0.885,109.975,4
spotify:track:7l8qR2ndOxgE9hbfQf6gxA,"47.48","3.15.20","Childish Gambino",2020-03-22,360933,0,false,,2020-03-27T00:29:09Z,"","Wolf+Rothstein/RCA Records",0.681,0.597,4,-12.623,0,0.0637,0.378,0.582,0.125,0.486,148.018,4
spotify:track:3IB89bAf5k60jLUFoWAmn1,"24.19","3.15.20","Childish Gambino",2020-03-22,479186,0,false,,2020-03-27T00:05:19Z,"","Wolf+Rothstein/RCA Records",0.538,0.463,0,-13.573,1,0.038,0.0946,0.000304,0.114,0.207,149.927,4
spotify:track:5X4R93Qcw54yp9Utwy7Mlr,"19.10","3.15.20","Childish Gambino",2020-03-22,308546,0,false,,2020-03-27T00:00:04Z,"","Wolf+Rothstein/RCA Records",0.715,0.597,0,-8.939,1,0.0749,0.012,0.00273,0.0925,0.186,114.98,4
spotify:track:011ZwIM48eD8ee2UBpG8nK,"12.38 (feat. 21 Savage, Ink & Kadhja Bonet)","3.15.20","Childish Gambino;21 Savage;Ink;Kadhja Bonet",2020-03-22,392186,0,true,,2020-03-26T23:56:32Z,"","Wolf+Rothstein/RCA Records",0.691,0.524,5,-9.718,1,0.16,0.197,0.0000429,0.488,0.41,164.047,4
spotify:track:3HlToQ2FdqyCrJMu3UAohT,"STILL HERE","STILL HERE","DAISY",2018-08-10,321677,21,true,,2020-03-21T00:36:49Z,"","DAISY",0.657,0.529,1,-6.986,1,0.0495,0.272,0.0000455,0.185,0.495,125.812,4
spotify:track:3rjSA87foWFMhgSmT4MX3l,"Handel / Arr Pluhar: Sinfonia (From Alcina HWV 34)","Handel goes Wild","George Frideric Handel;Christina Pluhar;L'Arpeggiata",2017-09-01,301040,26,false,,2020-03-11T02:51:24Z,"baroque,classical,choral,opera,early music,renaissance,medieval","Warner Classics",0.414,0.289,5,-16.422,1,0.0444,0.831,0.0404,0.0365,0.452,119.941,4
spotify:track:5uIRujGRZv5t4fGKkUTv4n,"Feeling Lonely","Soy Pablo","boy pablo",2018-10-05,197946,57,false,,2020-03-10T20:12:18Z,"bedroom pop","U OK?",0.633,0.537,6,-10.45,0,0.0544,0.0141,0.0000372,0.103,0.889,117.907,4
spotify:track:2isrKHTRDhDE7gCeQk9IVp,"Church on Sunday","Suburbia","Louie Zong",2015-05-14,85450,9,false,,2020-03-10T17:49:39Z,"","Fuji Apple Records",0.652,0.134,10,-19.181,1,0.126,0.911,0.918,0.108,0.438,117.103,4
spotify:track:6vaVaVWYHmafTYUWi1b5dP,"Wait for the Moment","vol. 2","stories;Hunter Elizabeth",2019-11-20,233375,0,false,,2020-03-10T06:12:39Z,"","1515617 Records DK2",0.457,0.309,4,-9.019,1,0.0393,0.839,0.00000548,0.0886,0.48,146.439,4
spotify:track:2zI4fwCxbLbUY6QBdVjHOn,"Tee Time - video game version","Tee Time (video game version)","Woody Goss",2020-02-13,185910,21,false,,2020-03-10T06:08:08Z,"","1440340 Records DK2",0.676,0.52,11,-14.117,1,0.0638,0.478,0.943,0.0691,0.872,128.736,4
spotify:track:0PGzLB2ieWaFIxghHKILE0,"Brink of Death","Cambodian B-Sides","Spooky Mansion",2018-10-05,208578,0,false,,2020-02-27T19:14:34Z,"","Spooky Mansion",0.689,0.613,11,-6.582,0,0.0388,0.633,0.000123,0.127,0.665,99.997,4
spotify:track:3tPh7vkXySn2lUEH1NEPyO,"Beach Comber","Real Estate","Real Estate",2009-11-17,268466,49,false,,2020-02-25T21:12:33Z,"jangle pop,dream pop,surf rock","Real Estate The Band",0.392,0.835,0,-6.553,1,0.0596,0.0832,0.00982,0.0769,0.12,144.641,4
spotify:track:1965lby4yiKpuefayt6CHM,"Biological Speculation","America Eats Its Young","Funkadelic",1972-05-22,189413,0,false,,2020-02-25T19:40:59Z,"funk,funk rock,psychedelic rock","Westbound Records Inc.",0.567,0.716,5,-8.328,0,0.0411,0.181,0,0.0383,0.862,147.125,4
spotify:track:4B2kIC5F0kSVfTD5crzgm9,"Forever Always","Forever Always","Peter CottonTale;Rex Orange County;Chance the Rapper;Daniel Caesar;Madison Ryann Ward;Yebba",2018-06-22,215160,0,false,,2020-02-24T04:19:46Z,"christian r&b,bedroom pop,christian jazz","Peter Cottontale",0.362,0.443,3,-6.351,1,0.0663,0.852,0.000132,0.138,0.415,54.924,4
spotify:track:3e1Q861G4urfgf7RAMNRdc,"New Shoes","New Shoes","Blue Wednesday",2019-01-12,116711,41,false,,2020-02-12T21:35:07Z,"lo-fi hip hop,lo-fi,lo-fi beats","Blue Wednesday",0.943,0.516,6,-8.272,1,0.101,0.241,0.916,0.0557,0.678,115.694,4
spotify:track:6iwXzkhrOgokSyTmKZQvym,"STUCK ON U","HEATWAVE","MICHELLE",2018-09-04,144000,37,false,,2020-02-11T23:12:57Z,"bedroom pop","Canvasback/ATL",0.636,0.581,7,-7.361,1,0.0458,0.232,0.00596,0.15,0.727,169.928,4
spotify:track:1Hu2OypX8tMPwBcCUaAeO4,"Wolfcat","Wolfcat","Still Woozy",2017-08-31,174221,52,true,,2020-02-10T20:52:36Z,"bedroom pop","Still Woozy Productions Inc., under exclusive license to Interscope Records",0.662,0.48,2,-12.58,1,0.0542,0.749,0.000314,0.118,0.669,134.944,3
spotify:track:5RxpYHVbGJPOvSEATQyg9P,"Lucy","Lucy","Still Woozy;ODIE",2018-03-22,142500,60,true,,2020-02-10T20:47:34Z,"bedroom pop","Still Woozy Productions Inc., under exclusive license to Interscope Records",0.647,0.537,6,-12.006,0,0.21,0.43,0.000258,0.119,0.846,84.46,4
spotify:track:4BsLwvaJOTOHDNg7xMpvrL,"Habit","Habit","Still Woozy",2019-12-12,153871,64,true,,2020-02-10T20:41:03Z,"bedroom pop","Still Woozy Productions Inc., under exclusive license to Interscope Records",0.767,0.392,1,-11.996,1,0.0945,0.154,0.000398,0.108,0.48,125.017,4
spotify:track:28GbaBYFpYi1J61fXnGSfd,"Apricot Princess","Apricot Princess","Rex Orange County",2017-04-26,238480,0,true,,2020-02-08T21:56:07Z,"bedroom pop","Rex Orange County",0.399,0.468,2,-8.646,1,0.0336,0.244,0.000168,0.103,0.249,111.884,4
spotify:track:02tvc9CFnTyHuSRlGeNv9w,"Corduroy Dreams","Bcos U Will Never B Free","Rex Orange County",2016-11-07,206974,0,true,,2020-02-08T21:52:45Z,"bedroom pop","Rex Orange County",0.608,0.305,4,-14.037,1,0.053,0.653,0,0.103,0.222,113.818,4
spotify:track:4EpZ4eYuZOwPSSwyqpdHnJ,"Sunflower","Sunflower","Rex Orange County",2017-03-22,252230,2,true,,2020-02-08T21:46:10Z,"bedroom pop","Rex Orange County",0.384,0.765,6,-4.463,1,0.0579,0.646,0.00352,0.522,0.567,129.903,4
spotify:track:47Bg6IrMed1GPbxRgwH2aC,"Best Friend","Best Friend","Rex Orange County",2017-01-25,262231,2,true,,2020-02-08T21:40:11Z,"bedroom pop","Rex Orange County",0.575,0.714,6,-5.247,1,0.0596,0.395,0,0.115,0.32,144.982,4
spotify:track:4ER4wjup2235bo63RU4KvS,"Adam Lives In Theory - Live","MTV Unplugged No. 2.0","Ms. Lauryn Hill",2002-05-07,446133,41,false,,2020-02-06T22:43:58Z,"neo soul","Columbia",0.575,0.487,6,-7.883,0,0.375,0.562,0,0.964,0.576,88.274,4
spotify:track:6HcHQ2Zi9aKU3tHr2uycXS,"Just Want You Around - Live","MTV Unplugged No. 2.0","Ms. Lauryn Hill",2002-05-07,276933,39,false,,2020-02-06T22:31:26Z,"neo soul","Columbia",0.656,0.347,11,-13.692,0,0.0669,0.803,0.00000558,0.673,0.741,111.557,4
spotify:track:2GFExyKXf9383tSRSrEHEt,"Can't Take My Eyes Off of You - (I Love You Baby)","The Miseducation of Lauryn Hill","Ms. Lauryn Hill",1998-08-25,221466,75,false,,2020-02-06T22:23:29Z,"neo soul","Ruffhouse/Columbia",0.747,0.662,1,-7.9,0,0.0796,0.0118,0,0.138,0.63,88.926,4
spotify:track:4vHNeBWDQpVCmGbaccrRzi,"Goodie Bag","Goodie Bag","Still Woozy",2017-11-05,146390,73,true,,2020-02-02T20:21:21Z,"bedroom pop","Still Woozy Productions Inc., under exclusive license to Interscope Records",0.739,0.522,7,-12.304,0,0.151,0.821,0.00124,0.233,0.619,138.263,4
spotify:track:69klmXiY3N1xUwVFzZArzJ,"Make A Move","Living Room","Lawrence",2018-09-14,259786,0,false,,2020-01-27T21:15:49Z,"pop soul,retro soul,christmas","Same Wavelength LLC",0.54,0.319,9,-6.125,1,0.296,0.333,0,0.3,0.465,179.333,4
spotify:track:3ClBKQkKoaUQ6UOhe2xlJK,"Good News","Good News","Mac Miller",2020-01-09,342040,51,false,,2020-01-25T23:19:09Z,"","Warner Records",0.794,0.32,1,-12.92,0,0.173,0.853,0.134,0.112,0.241,174.088,4
spotify:track:2lpygKqzPFtItQ4ss3cgfb,"Cinderella (feat. Ty Dolla $ign)","The Divine Feminine","Mac Miller;Ty Dolla $ign",2016-09-16,480186,93,true,,2020-01-25T22:53:06Z,"trap soul","Warner Records",0.545,0.534,8,-6.874,0,0.047,0.235,0,0.345,0.24,140.021,4
spotify:track:5iUQMwxUPdJBFeGkePtM66,"Dang! (feat. Anderson .Paak)","The Divine Feminine","Mac Miller;Anderson .Paak",2016-09-16,305350,73,true,,2020-01-25T22:31:15Z,"","Warner Records",0.836,0.67,5,-6.907,0,0.23,0.00826,0.000355,0.0837,0.556,107.018,4
spotify:track:3K3FSV1E7Lh10uX7AYexMH,"When You're Away","Texas Piano Man","Robert Ellis",2019-02-14,206933,0,false,,2020-01-23T18:37:51Z,"americana,alt country,bluegrass","New West Records",0.582,0.502,3,-7.135,0,0.0305,0.255,0.045,0.15,0.427,86.144,4
spotify:track:2nZ33CKRbgpJQJJQKHuGXb,"Plastic Beach (feat. Mick Jones and Paul Simonon)","Plastic Beach","Gorillaz;Mick Jones;Paul Simonon",2010-03-05,227213,67,false,,2020-01-19T22:31:47Z,"aor","Parlophone UK",0.537,0.893,0,-5.459,1,0.0893,0.00252,0.0211,0.0636,0.499,183.78,4
spotify:track:4kM5lBwpG1DEH9FNTsOyGP,"Pure Comedy","Pure Comedy","Father John Misty",2017-04-07,383800,0,false,,2020-01-19T20:23:57Z,"","Sub Pop Records",0.457,0.259,4,-11.677,1,0.0397,0.811,0,0.217,0.157,133.115,4
spotify:track:4gsR34XSIE2fUY4odwZqym,"Seventeen","Seventeen","Sjowgren",2016-08-05,225666,65,false,,2020-01-19T01:32:23Z,"","Long Time Friend Discount",0.612,0.725,7,-5.602,1,0.0416,0.305,0.0784,0.0548,0.333,146.008,4
spotify:track:5HsJGA8P5fPzR06i9FQKBr,"Halfway Up","First Place","The Brook & The Bluff",2019-10-25,235024,0,false,,2020-01-18T23:04:03Z,"","The Brook & The Bluff",0.477,0.511,0,-8.843,1,0.0734,0.638,0.0000257,0.103,0.488,178.35,4
spotify:track:7oiZRx7OZbUAYUiYeFTXrf,"Warm Animal","What's It Like?","Sure Sure",2019-06-27,211146,0,false,,2020-01-07T17:55:28Z,"","Sure Sure",0.786,0.384,5,-8.655,1,0.0651,0.072,0.00115,0.0484,0.77,137.935,4
spotify:track:5QQokK9WJa28KhXLP9mpPb,"Fish in the Sea","The Water's Fine!","Liana Flores",2018-06-01,88809,32,false,,2020-01-07T17:49:35Z,"","880898 Records DK",0.705,0.0479,6,-15.198,0,0.0603,0.986,0,0.13,0.352,113.951,4
spotify:track:5EYi2rH4LYs6M21ZLOyQTx,"Loving Is Easy (feat. Benny Sings)","Loving Is Easy (feat. Benny Sings)","Rex Orange County;Benny Sings",2017-10-11,155720,2,true,,2020-01-06T00:23:32Z,"bedroom pop","Rex Orange County",0.756,0.609,3,-7.927,1,0.0544,0.217,0.00482,0.0959,0.537,117.024,4
spotify:track:7BhO9RGyV6yXfk1OOTilNP,"Meritage","Golden","Cory Wong",2020-01-03,255004,8,false,,2020-01-05T15:06:01Z,"funk,jazz funk,jazz fusion","Cory Wong",0.883,0.56,7,-5.972,1,0.0377,0.0862,0.451,0.109,0.497,91.032,4
spotify:track:3QFxra2jEhDKKUMDmbDXbk,"Escargot Blues","Guantanamo Bay Surf Club","Guantanamo Bay Surf Club",2017-09-23,250500,46,false,,2019-12-31T19:09:54Z,"","Guantanamo Bay Surf Club",0.773,0.292,0,-13.62,0,0.0412,0.868,0.0919,0.104,0.508,111.038,4
spotify:track:1xMT1AcN5fOaaiGqGjqrMO,"orange","orange","CLAY",2018-11-09,212480,0,false,,2019-12-31T18:45:56Z,"","Platoon",0.595,0.595,9,-7.13,0,0.167,0.236,0.00000118,0.0963,0.339,86.335,4
spotify:track:0qpdjk85uKbcPQNdVJrvKq,"In the Summer","Loop Daddy II","Marc Rebillet",2019-07-04,257657,0,false,,2019-12-31T18:36:04Z,"","Bored Certified",0.482,0.36,9,-10.558,0,0.0425,0.435,0.00411,0.101,0.212,103.397,3
spotify:track:5VarZFY00sO54HErJ3TPCI,"So Good At Being in Trouble","II","Unknown Mortal Orchestra",2013-02-05,230146,0,false,,2019-12-23T20:26:54Z,"neo-psychedelic","Jagjaguwar",0.829,0.435,0,-10.136,1,0.0515,0.0363,0.878,0.119,0.594,103.816,4
spotify:track:3TNWABKm4Xgcl2WMYbPoBm,"TJ","TJ","Orange Guava Passion",2019-04-12,245496,21,false,,2019-12-16T21:28:34Z,"","Blueno Records",0.616,0.562,4,-8.016,0,0.0608,0.371,0.00303,0.677,0.677,94.868,4
spotify:track:50QNpowB5bvfcMobBJ9Vb6,"To Dance Is To Love","Three, Fever","Charlie Burg",2019-01-04,213232,0,false,,2019-12-15T15:37:12Z,"","Charlie Burg",0.874,0.58,0,-5.322,1,0.0467,0.029,0.000155,0.0981,0.661,104.99,4
spotify:track:48a8OFM5W1npXp5ISfsCkn,"Misty Morning","Breakfast","Lawrence",2016-03-11,252034,0,false,,2019-12-09T23:56:47Z,"pop soul,retro soul,christmas","Same Wavelength, LLC",0.615,0.395,7,-9.832,1,0.0873,0.403,0.00137,0.115,0.418,83.894,4
spotify:track:2O0Uv2zi4beCTnJRCy9u8m,"Dreamin’","City Pop","Benny Sings",2019-02-22,195693,0,false,,2019-12-04T19:43:13Z,"","Stones Throw Records",0.856,0.462,2,-9.694,1,0.0333,0.522,0.164,0.0933,0.921,107.002,4
spotify:track:3ijXR4yXgN43eF54uK7oos,"Sycamore Girl","Apricot Princess","Rex Orange County",2017-04-26,280333,0,true,,2019-12-04T19:40:23Z,"bedroom pop","Rex Orange County",0.611,0.386,6,-10.716,0,0.0291,0.101,0.000711,0.175,0.189,115.979,3
spotify:track:60x0JnIVN1ou3qzAlRWVOv,"Retold","KINFOLK: Postcards from Everywhere","Nate Smith",2017-02-03,294693,0,false,,2019-11-26T23:22:48Z,"jazz fusion,indie jazz,nu jazz,soul jazz,jazz funk,jazz","Ropeadope",0.392,0.593,2,-9.666,1,0.0359,0.747,0.846,0.109,0.165,157.626,3
spotify:track:4mt3KIwdthBHi1436xs3Gt,"Say Yeah","Sonderlust","Kishi Bashi",2016-09-16,274373,0,false,,2019-11-26T23:13:08Z,"","Joyful Noise Recordings",0.703,0.562,4,-7.815,0,0.0314,0.393,0.0123,0.392,0.72,109.61,4
spotify:track:0ll9N65h5uyzAJV6GFAfAV,"In The Morning - Live in Switzerland","Crack-Up (Choral Version) / In the Morning (Live in Switzerland)","Fleet Foxes",2018-05-04,242213,24,false,,2019-11-22T03:59:57Z,"indie folk,folk,indie","Nonesuch",0.395,0.529,5,-8.778,1,0.0309,0.568,0.00188,0.701,0.316,79.098,4
spotify:track:61jCFoNIuzQnc9UovuzNVW,"IRIS","Voodoo Blu","Ashes To Amber",2018-10-01,151578,0,false,,2019-11-22T03:56:06Z,"","Ashes To Amber under exclusive license to Amuseio AB",0.725,0.543,6,-9.089,1,0.0387,0.28,0.475,0.113,0.415,140.051,4
spotify:track:0NZqj0STahY0l4UR81wQj4,"Linus & Lucy - Recorded at Spotify Studios NYC","Spotify Singles - Christmas","Anderson .Paak",2018-11-14,221165,20,false,,2019-11-19T22:45:59Z,"","Aftermath",0.575,0.664,8,-8.541,1,0.0725,0.36,0.903,0.107,0.542,92.978,4
spotify:track:5vQSN4iQP6wTfRWvj6DuTH,"So Long to the Headstrong","First Collection 2006-2009","Fleet Foxes",2018-11-09,258880,0,false,,2019-11-16T23:13:48Z,"indie folk,folk,indie","Sub Pop Records",0.42,0.732,0,-5.035,1,0.0322,0.0331,0.00000469,0.264,0.351,142.235,4
spotify:track:49DVSQKkjW7pCAxx6AwNly,"Here for the First Time","Here for the First Time","Juniper",2019-07-31,154190,0,false,,2019-11-16T16:22:31Z,"","Juniper",0.757,0.459,6,-7.547,1,0.0342,0.862,0.00000593,0.115,0.64,106.167,4
spotify:track:0N3W5peJUQtI4eyR6GJT5O,"King Kunta","To Pimp A Butterfly","Kendrick Lamar",2015-03-16,234693,75,true,,2019-11-05T20:47:39Z,"hip hop,west coast hip hop","Aftermath",0.884,0.657,6,-4.569,0,0.0977,0.00589,0,0.154,0.489,107.059,4
spotify:track:3ODXRUPL44f04cCacwiCLC,"i","To Pimp A Butterfly","Kendrick Lamar",2015-03-16,336013,64,true,,2019-11-05T20:47:36Z,"hip hop,west coast hip hop","Aftermath",0.541,0.809,8,-4.286,1,0.324,0.708,0,0.72,0.753,120.094,4
spotify:track:6L7BhxY4B6dXCvEyEpVteJ,"Midnight Choir","Hamburg Style","Nick Dorian",2018-04-27,154866,26,false,,2019-11-05T03:46:51Z,"","Mango Jacket // (Yawn) Majestic Casual Records",0.854,0.435,1,-8.009,1,0.0607,0.282,0.000111,0.107,0.504,104.979,4
spotify:track:21lfQ6cXJF15ubyPLB6qHz,"Vanilla","Heavy Colors","flipturn",2017-03-31,248437,59,false,,2019-11-01T00:35:22Z,"","flipturn",0.633,0.761,11,-7.097,1,0.034,0.0502,0.00114,0.638,0.801,96.061,4
spotify:track:57EIPnAxJUFsjY1KTGYXgc,"Metadata","Metadata","Adam Melchor",2018-09-21,177666,24,false,,2019-10-28T18:19:43Z,"","R&R Digital",0.467,0.459,7,-5.516,1,0.0261,0.76,0.000198,0.0726,0.369,95.865,4
spotify:track:2m6knc5tEfzVYwGY6GlCPm,"Molasses","Choose Your Weapon","Hiatus Kaiyote",2015-05-01,289487,50,false,,2019-10-22T18:55:36Z,"neo soul,indie soul,alternative r&b","Masterworks",0.554,0.443,7,-7.461,0,0.211,0.185,0.0000192,0.16,0.483,83.892,4
spotify:track:1NEGJkdTXPugDOAzQhz1rS,"Honey","Sweet Asl.","KAINA;Andrew Bedows;Burns Twins",2016-08-09,187991,19,false,,2019-10-21T19:45:19Z,"latin indie","KAINA, Bedows, & Burns Twins",0.403,0.432,3,-7.689,1,0.279,0.501,0.00031,0.112,0.442,176.254,5
spotify:track:3fKOMqJToZH96WgR8zzN7h,"Bae Caught Me Vapin'","On Poppy Island","Fantasy Guys",2016-06-23,214248,34,false,,2019-10-15T00:20:05Z,"","Skeleton Realm Records",0.782,0.478,5,-9.731,0,0.0527,0.692,0.00122,0.0626,0.636,140.08,4
spotify:track:0i2LZOjZjFZdvq24tm96MM,"The Great Pumpkin Waltz - Reprise","It's The Great Pumpkin, Charlie Brown","Vince Guaraldi",2018-10-05,83266,0,false,,2019-10-08T14:11:20Z,"jazz,cool jazz","Craft Recordings",0.492,0.278,3,-15.384,1,0.0381,0.964,0.941,0.172,0.253,130.981,3
spotify:track:0beCjUwOTRNatg7CYf4GS8,"Sex And Candy","V (Deluxe)","Maroon 5",2014-09-02,264720,45,false,,2019-10-05T19:58:09Z,"pop","Interscope Records*",0.805,0.38,10,-9.713,0,0.0352,0.322,0.0000133,0.0629,0.653,133.926,4
spotify:track:3h5IIiL9vK5aR0DZO6jD7D,"Closer","Chapter One","Lemaitre;Jennie A.",2017-06-02,270589,58,false,,2019-10-01T23:29:53Z,"norwegian pop","Astralwerks (ASW)",0.583,0.785,2,-3.991,0,0.0337,0.0012,0.0127,0.124,0.355,91.977,4
spotify:track:2gA9i38hBIGnQUS3PrGCny,"Little Bit of Something","Third Wall Chronicles","Pimps of Joytime",2017-03-24,224106,38,false,,2019-09-30T23:52:26Z,"funk,brass band","Sugar Road Records",0.645,0.542,7,-8.06,1,0.0491,0.511,0.0000239,0.259,0.649,84.023,4
spotify:track:5Ald0SbMOCDXPGBXpSlE5p,"Don't Wake Me","Please Rewind","Moonchild",2015-11-20,284986,0,false,,2019-09-30T23:47:11Z,"neo soul,indie soul,contemporary r&b","Tru Thoughts",0.626,0.362,11,-12.054,1,0.19,0.608,0.0597,0.0714,0.722,83.501,4
spotify:track:6Q6YqGj1Ku1CUGHWSFwSHY,"Does Anybody Really Know What Time It Is?","Chicago IX: Chicago's Greatest Hits","Chicago",1975-11-10,202133,57,false,,2019-09-29T17:05:47Z,"yacht rock,soft rock","Rhino",0.564,0.455,0,-11.615,1,0.0369,0.645,0.00000305,0.0915,0.697,117.792,4
spotify:track:04VtzZ6KCEZLoEomgVR4ln,"So Damn Fast","Homesick","Lawrence",2013-01-05,284773,39,false,,2019-09-25T20:03:55Z,"pop soul,retro soul,christmas","Clyde Lawrence",0.499,0.521,9,-7.921,1,0.0396,0.517,0,0.127,0.39,73.201,4
spotify:track:3kl2pnS9QTFOP7HgIe3G7K,"Juke on Jelly","The Optimist","Cory Wong;KATIS;Marti Fischer",2018-08-17,224293,27,false,,2019-09-25T19:22:27Z,"funk,jazz funk,jazz fusion","Cory Wong",0.728,0.738,0,-7.196,1,0.0604,0.0198,0.0147,0.118,0.8,109.988,4
spotify:track:60aapgouMV1shN7WmdB1sh,"Timeless","A Matter of Time","Nathan Angelo",2017-08-18,233427,0,false,,2019-09-25T19:20:13Z,"","Nathan Angelo Music",0.668,0.693,11,-4.644,1,0.0627,0.35,0,0.114,0.747,77.946,4
spotify:track:55jYszYLoDF8ruNVhTZs7V,"Ferns","Duality","Iris Temple",2016-09-16,165920,22,true,,2019-09-25T12:26:21Z,"","Iris Temple",0.613,0.44,0,-8.704,1,0.0441,0.671,0.204,0.362,0.121,129.865,4
spotify:track:7lx9pePdhXjtgVRi3Ndsqj,"Cut Me Loose","Deep End","Doc Robinson",2017-07-22,254213,27,false,,2019-09-20T15:51:12Z,"","Independent",0.703,0.501,4,-8.286,1,0.0331,0.263,0.000124,0.14,0.788,90.007,4
spotify:track:4OKTvXafub2xMaeVp9eJlw,"Mary Jane","Copper Child","The Copper Children",2014-11-05,167833,48,false,,2019-09-20T15:41:31Z,"","The Copper Children",0.529,0.786,4,-6.226,1,0.0633,0.472,0,0.273,0.593,121.961,4
spotify:track:3KKVV8TfzPvV9TIJIpps1g,"Oh Darling How I Love You .","Oh Darling How I Love You .","Kota the Friend",2018-07-09,254980,25,false,,2019-09-14T12:47:41Z,"","KOTA The Friend",0.589,0.176,5,-15.771,1,0.0646,0.936,0.00664,0.0717,0.375,146.693,4
spotify:track:1ZEpge1j4gAi4R7pU9oor5,"Sunny Duet (feat. the Mind)","Telefone","Noname;The Mind",2016-08-12,162490,0,false,,2019-09-14T12:01:23Z,"alternative r&b","Noname",0.56,0.463,7,-9.601,1,0.421,0.775,0,0.128,0.896,155.711,4
spotify:track:7DtgPM7pHwdVuj1lDecSPZ,"The Candy Man","Gentle Touch","Olaf Polziehn;Hans Dekker;Ingmar Heller",2018-12-10,295213,0,false,,2019-09-12T05:36:04Z,"big band,jazz ballads,free jazz","Housemaster Records",0.401,0.285,8,-15.316,1,0.0372,0.803,0.685,0.114,0.572,165.312,5
spotify:track:7igZ6W4e6PWt9pSfCGomV1,"Garands","Young The Giant","Young the Giant",2011,245746,35,false,,2019-09-11T21:19:24Z,"","Roadrunner Records",0.478,0.708,9,-7.718,1,0.0436,0.0199,0.0361,0.109,0.194,109.986,4
spotify:track:40PRp88YqFp5fM0MtG2j1N,"The End Of Comedy","The End Of Comedy","Drugdealer;Weyes Blood",2016-09-09,151066,36,false,,2019-09-09T19:11:54Z,"art pop,baroque pop","Weird World",0.545,0.3,3,-6.723,1,0.0312,0.903,0,0.179,0.43,112.938,4
spotify:track:5nS9FGdZXQH0EfC8UDqBZU,"Dance Yrself Clean","Dance Yrself Clean","Soaked Oats",2018-05-04,337500,0,false,,2019-09-09T19:07:59Z,"surf rock","Woollen Records",0.534,0.307,11,-12.4,1,0.0417,0.141,0.0896,0.14,0.571,88.058,4
spotify:track:276zciJ7Fg7Jk6Ta6QuLkp,"Come Down","Malibu","Anderson .Paak",2016-01-15,169726,67,true,,2019-09-08T02:45:38Z,"","OBE / Apeshit, Inc / EMPIRE",0.841,0.898,8,-7.135,1,0.104,0.271,0.0151,0.304,0.931,98.401,4
spotify:track:1zlclNkERGFrCxznXOgkD3,"Celebrate","Malibu","Anderson .Paak",2016-01-15,226186,53,true,,2019-09-07T20:52:02Z,"","OBE / Apeshit, Inc / EMPIRE",0.703,0.759,0,-6.554,1,0.149,0.0484,0.0031,0.664,0.863,94.009,4
spotify:track:70SjyVMzhmMeJQD8hOmIBp,"Put Me Thru","Malibu","Anderson .Paak",2016-01-15,160760,57,true,,2019-09-07T20:43:09Z,"","OBE / Apeshit, Inc / EMPIRE",0.732,0.789,5,-3.717,0,0.0476,0.0459,0.0000311,0.123,0.607,107.978,4
spotify:track:25GlFJq5QNAXyVgJvCZ4Mf,"Heart Don't Stand a Chance","Malibu","Anderson .Paak",2016-01-15,312360,59,true,,2019-09-07T20:37:51Z,"","OBE / Apeshit, Inc / EMPIRE",0.685,0.545,7,-6.189,1,0.061,0.173,0.0000144,0.237,0.506,94.061,4
spotify:track:0jWKeM9GbmR1tG6yLP2wX2,"Used To Be Lonely","Forever Turned Around","Whitney",2019-08-30,228960,0,false,,2019-09-07T00:04:04Z,"","Secretly Canadian",0.56,0.402,8,-9.065,1,0.0288,0.876,0.00973,0.0929,0.355,103.467,4
spotify:track:5I0DzPPBMW46NUXRm8wmwC,"Masks (Live)","Masks (Live)","The Brook & The Bluff",2016-09-20,229995,0,false,,2019-08-31T18:44:55Z,"","The Brook & The Bluff",0.64,0.325,6,-14.805,1,0.0331,0.735,0.00232,0.105,0.293,113.813,4
spotify:track:3AJMa8cPdI3iuELcIZX0e2,"Kung Fu is My Fighting Style","Kung Fu is My Fighting Style","Dan Reeder",2017-10-27,113553,0,false,,2019-08-27T04:07:56Z,"","Oh Boy Records",0.788,0.47,0,-11.403,1,0.0432,0.815,0,0.143,0.961,114.961,4
spotify:track:5S2PsRjkIG5wocGJ8XqLcS,"Lester","Growl Pop","Dan & Drum",2017-02-28,219928,38,false,,2019-08-24T20:28:56Z,"","Slow Clap Records",0.594,0.398,11,-9.927,0,0.276,0.726,0.00815,0.073,0.76,77.087,4
spotify:track:7iTLtSajuKrAB6f65Y5HtW,"Strawberry Afternoons","Lonely Benson","Lonely Benson",2018-04-10,198266,36,false,,2019-08-24T20:20:34Z,"","Lonely Benson",0.794,0.476,11,-9.117,0,0.0327,0.288,0.464,0.0819,0.351,132.99,4
spotify:track:3R9UWn3mOVGVbo9GxRRCnK,"N°9","NEWTOWN","toconoma",2017-06-07,298200,0,false,,2019-08-23T12:46:13Z,"math rock,jazz fusion","JUNONSAISAI RECORDS",0.637,0.723,9,-7.532,0,0.0457,0.00942,0.859,0.123,0.877,125.013,4
spotify:track:4khPVyvRbH6NRC9umun8Qw,"Woodlawn Waltz","The Time to Come","Eli Winter",2019-05-24,184555,2,false,,2019-08-22T06:17:51Z,"","Worried Songs / Blue Hole Recordings",0.325,0.188,9,-15.808,1,0.0388,0.94,0.911,0.109,0.646,142.464,3
spotify:track:5azFHEqwZDasaVwvjvGuhW,"Nothing on Me","Surf Music","Paul Williams",2018-02-22,219329,27,false,,2019-08-15T18:32:11Z,"","748826 Records DK2",0.689,0.39,0,-8.707,1,0.0465,0.416,0.00158,0.0929,0.568,157.96,4
spotify:track:6aM74XkqnzrnqNLqgJA5mb,"Not Good for Me","Not Good for Me","Vanmiran",2018-11-09,218062,20,false,,2019-08-12T19:10:53Z,"","VMA",0.797,0.318,9,-7.131,1,0.0937,0.225,0.0000338,0.0479,0.345,65.017,4
spotify:track:4FZifwCZGSIzHOPGdIREee,"Ladyfingers","Whipped Cream & Other Delights","Herb Alpert & The Tijuana Brass",1965-04-01,164546,0,false,,2019-08-11T20:56:00Z,"exotica,easy listening,adult standards","Herb Alpert Presents",0.347,0.298,3,-14.461,1,0.04,0.979,0.925,0.178,0.542,86.254,4
spotify:track:6eOc29YX6IoRO2gwPoUjAs,"Marietta","Healing","Upstate",2019-02-08,237812,34,false,,2019-08-11T20:36:20Z,"","The Royal Potato Family",0.488,0.548,2,-6.399,1,0.169,0.484,0,0.114,0.649,167.214,4
spotify:track:594a2gJwaid7KGIn9QhYJL,"Cosmic Sans","Motivational Music for the Syncopated Soul","Cory Wong;Tom Misch",2019-08-02,217146,47,false,,2019-08-06T19:02:16Z,"funk,jazz funk,jazz fusion,indie soul","Cory Wong",0.753,0.854,4,-8.338,0,0.0472,0.361,0.8,0.111,0.856,114.033,4
spotify:track:26XfDH9AoT6dVpmKVJHBMf,"Wavy Gravy","Love You, Mean It","Okey Dokey",2017-01-27,227280,0,false,,2019-08-05T18:14:37Z,"","Okey Dokey",0.221,0.662,7,-7.314,1,0.0519,0.252,0.000149,0.266,0.539,199.924,3
spotify:track:0MYd6Ko48fNuzxVISiVsZd,"Yellow Squash","Yellow Squash","Jaymison",2018-08-17,253821,36,false,,2019-08-05T17:43:49Z,"","Roger Ranger Records",0.744,0.533,1,-10.207,1,0.0304,0.335,0.138,0.11,0.626,125.062,4
spotify:track:0MKkySA0UuMPpyOoEPJORC,"Speaking Sonar","Happy Camper","Summer Salt",2018-09-28,220280,0,false,,2019-08-01T21:08:42Z,"","Summer Salt",0.755,0.338,5,-12.836,1,0.0288,0.713,0.0769,0.121,0.546,98.027,4
spotify:track:0wjpNwZnMbp34RmN18sOJW,"Sunday","Sunday","lucky swami club",2018-12-11,259919,35,true,,2019-08-01T20:52:06Z,"","Casa Verde Studios",0.801,0.621,2,-9.158,1,0.0541,0.184,0.00284,0.219,0.861,132.956,4
spotify:track:3v6NuKeDbFbaq1lNjw3XtR,"Pulaski at Night","I Want to See Pulaski at Night","Andrew Bird",2013-11-12,289093,0,false,,2019-07-27T04:57:17Z,"baroque pop,indie folk","Wegawam Music Co.",0.446,0.643,7,-7.925,1,0.0561,0.67,0.000818,0.0951,0.531,99.608,4
spotify:track:32B4X4PQxAQTrMs5S1OVsB,"The Moon Song - Film Version","The Moon Song (Music From And Inspired By The Motion Picture Her) - Single","Scarlett Johansson;Joaquin Phoenix",2014-02-11,110920,0,false,,2019-07-27T04:51:37Z,"","WaterTower Music",0.626,0.0654,0,-17.089,1,0.0405,0.994,0.000662,0.106,0.724,95.303,4
spotify:track:6T8qnBbc2rxlWLiweD1e5M,"Blue Ridge Mountains","Fleet Foxes","Fleet Foxes",2008-06-03,265773,0,false,,2019-07-27T04:49:39Z,"indie folk,folk,indie","Sub Pop",0.524,0.446,8,-7.823,0,0.0275,0.688,0.000745,0.101,0.272,97.856,4
spotify:track:7oaEjLP2dTJLJsITbAxTOz,"Touch (feat. Paul Williams)","Random Access Memories","Daft Punk;Paul Williams",2013-05-20,498960,64,false,,2019-07-27T04:48:52Z,"french house,electronic,electro","Columbia",0.29,0.412,6,-12.659,0,0.0458,0.477,0.0839,0.079,0.12,90.539,4
spotify:track:0ZjTS5zoXFR2w9QMRweDhs,"What a Fool Believes","Best of The Doobies, Volume II","The Doobie Brothers",1995-06-27,219573,58,false,,2019-07-27T04:48:14Z,"yacht rock,classic rock,soft rock,southern rock","Warner Records",0.646,0.623,8,-8.82,0,0.0337,0.274,0,0.086,0.978,120.651,4
spotify:track:57Xjny5yNzAcsxnusKmAfA,"Reptilia","Room On Fire","The Strokes",2003-10-28,219826,80,false,,2019-07-27T04:48:12Z,"garage rock,indie rock,alternative rock","RCA Records Label",0.489,0.649,9,-5.11,1,0.0336,0.000603,0.713,0.101,0.77,158.009,4
spotify:track:48VsT5UCEE458bRZZiZN5w,"Alfonso Muskedunder","It's Album Time","Todd Terje",2014-04-07,204933,0,false,,2019-07-27T04:47:56Z,"nu disco","Olsen Records",0.569,0.948,5,-7.536,1,0.0512,0.0328,0.925,0.0928,0.876,192.043,1
spotify:track:2VEZx7NWsZ1D0eJ4uv5Fym,"Digital Love","Discovery","Daft Punk",2001-03-12,301373,73,false,,2019-07-27T04:47:46Z,"french house,electronic,electro","Daft Life Ltd./ADA France",0.644,0.664,9,-8.398,1,0.0332,0.048,0.867,0.342,0.53,124.726,4
spotify:track:3NeiYiBn3rQBgurfVk92Zm,"Humility (feat. George Benson)","The Now Now","Gorillaz;George Benson",2018-06-29,197933,65,false,,2019-07-27T04:47:19Z,"smooth jazz,yacht rock,jazz funk,soul jazz","Parlophone UK",0.632,0.807,0,-5.893,1,0.126,0.144,0.0211,0.125,0.784,160.174,4
spotify:track:6iklmolQDQ8L76PgIMK5tG,"Ain't Misbehavin'","At The Piano (Bluebird's Best Series)","Fats Waller",2002-05-21,238693,37,false,,2019-07-27T04:47:12Z,"swing music,ragtime,big band,jazz","RCA Bluebird",0.509,0.244,0,-16.952,0,0.0443,0.845,0.00176,0.196,0.398,97.352,4
spotify:track:0IedgQjjJ8Ad4B3UDQ5Lyn,"Fragments of Time (feat. Todd Edwards)","Random Access Memories","Daft Punk;Todd Edwards",2013-05-20,279773,63,false,,2019-07-27T04:47:08Z,"french house,electronic,electro,uk garage","Columbia",0.807,0.51,0,-9.729,1,0.0433,0.041,0.115,0.104,0.961,130.118,4
spotify:track:2GiJYvgVaD2HtM8GqD9EgQ,"Electric Love","Dopamine","BØRNS",2015-10-16,218106,84,false,,2019-07-27T04:47:04Z,"","UMGRI Interscope",0.611,0.797,6,-7.627,0,0.0533,0.00543,0.00137,0.26,0.518,120.041,4
spotify:track:0d28khcov6AiegSCpG5TuT,"Feel Good Inc.","Demon Days","Gorillaz;De La Soul",2005-05-23,222640,92,false,,2019-07-27T04:46:35Z,"jazz rap,east coast hip hop","Parlophone UK",0.818,0.705,6,-6.679,1,0.177,0.00836,0.00233,0.613,0.772,138.559,4
spotify:track:2J8pgyiPAZD9hHGPecMzgd,"Lunch Break","Lunch Break","Maddie Jay",2018-10-03,209500,0,false,,2019-07-24T20:25:25Z,"","real canadian cheddar",0.815,0.503,0,-9.24,1,0.21,0.365,0.0285,0.0837,0.898,90.009,4
spotify:track:1RaJMyCatBXw5hGCpVzTp4,"Me vs. Me","1Moment2Another","Otis Junior;Dr. Dundiff",2016-04-22,247619,0,false,,2019-07-21T03:40:12Z,"contemporary r&b,lo-fi hip hop,jazz beats,lo-fi,lo-fi beats","Jakarta",0.799,0.778,1,-7.852,0,0.105,0.693,0.0101,0.118,0.806,125.996,4
spotify:track:35QAUfIbfIXT3p3cWhaKxZ,"California","California","The Lagoons",2016-08-02,261773,1,false,,2019-07-21T03:37:28Z,"","The Lagoons",0.786,0.686,4,-7.18,1,0.0289,0.276,0.668,0.0416,0.542,119.997,4
spotify:track:54qG9hpUjLgkgTJQ9qvB1P,"Dear Angie - Remastered 2010","Magic Christian Music (Remastered 2010 / Deluxe Edition)","Badfinger",1970-01-09,160906,46,false,,2019-07-21T01:48:56Z,"power pop,jangle pop","EMI Catalogue",0.633,0.417,1,-9.11,0,0.0265,0.3,0.00000306,0.114,0.506,81.976,4
spotify:track:3vySowqATYhF3Nn9e4h7sO,"Better Than Me","Better Than Me","Awfbeat",2019-02-09,247500,33,false,,2019-07-15T15:48:39Z,"","Awfbeat LLC",0.642,0.69,10,-6.608,1,0.0944,0.454,0.000647,0.121,0.697,177.968,4
spotify:track:6pxElwU80zhjbCC77Vn8EI,"Movie","Geography","Tom Misch",2018-04-06,357357,0,false,,2019-07-13T22:54:32Z,"indie soul","Beyond The Groove 4",0.785,0.379,7,-11.446,1,0.0732,0.391,0.0161,0.267,0.182,122.043,3
spotify:track:4UW4I0a056lfIaghMSvaf4,"These Days","These Days","Manwolves",2016-08-06,239425,0,true,,2019-07-12T16:14:16Z,"","Manwolves",0.544,0.281,5,-8.506,0,0.0541,0.791,0,0.11,0.236,134.553,4
spotify:track:1jcPcDu2YawPfLhwjYnqK2,"Everybody's Talkin' - From ""Midnight Cowboy""","Aerial Ballet","Harry Nilsson",1968-07-01,164089,70,false,,2019-07-10T16:41:05Z,"baroque pop,singer-songwriter","RCA/Legacy",0.437,0.349,4,-15.569,1,0.0381,0.338,0.0000523,0.417,0.683,125.006,4
spotify:track:3HYL07eixudo07AnyLoNU0,"Champagne Supernova","Champagne Supernova","Spree Wilson",2018-07-02,173583,36,true,,2019-07-08T16:21:14Z,"","902570 Records DK2",0.738,0.693,10,-7.99,0,0.0669,0.0412,0.00334,0.183,0.675,93.011,4
spotify:track:0MK9OKWuTnuZ4CZq9fiHzM,"Perth","No No No","Beirut",2015-09-11,217399,0,false,,2019-07-08T15:59:54Z,"baroque pop,indie folk","4AD",0.688,0.73,11,-6.401,1,0.0722,0.488,0.624,0.0671,0.815,94.053,4
spotify:track:0tHGa7FycRko1nDLuQD6mU,"Can't Stop Thinking About You","Goon","Tobias Jesso Jr.",2015-01-01,233706,0,false,,2019-07-08T15:47:34Z,"","Arts & Crafts",0.479,0.272,10,-11.156,1,0.0376,0.786,0.186,0.0992,0.255,124.685,4
spotify:track:3Io4tpGc9pCbaxniFXYF9f,"Colorful Midst","The Main Squeeze","The Main Squeeze",2012-06-02,250960,0,false,,2019-07-08T15:27:30Z,"retro soul,jam band,funk","The Main Squeeze",0.663,0.587,7,-5.561,0,0.0461,0.445,0.00000494,0.0904,0.601,105.133,4
spotify:track:4FJbeRvbAESlD2urQEFQRm,"I Love You Baby, I Love You Doll - London Mix","I Love You Baby, I Love You Doll (London Mix)","Parekh & Singh",2017-07-21,171626,19,false,,2019-07-08T15:25:26Z,"indian indie,hindi indie","Peacefrog Records",0.723,0.435,4,-10.416,1,0.0339,0.214,0,0.163,0.64,94.907,4
spotify:track:4R2079jWBdb1TShM39COa7,"Distant Moon","Distant Moon","Prima",2018-06-06,184372,34,false,,2019-07-08T15:15:55Z,"lo-fi","686098 Records DK",0.699,0.344,7,-16.022,1,0.0401,0.931,0.0342,0.0766,0.0597,84.972,4
spotify:track:6HBSSVm0X3z178D6FaXj9d,"Under the Light","Voyager","FLEECE",2017-01-19,285655,0,false,,2019-07-08T14:58:48Z,"","Fleece Music",0.455,0.579,5,-8.172,1,0.0307,0.403,0.555,0.0925,0.495,140.015,4
spotify:track:45NA8ssFxEeoK1uZWzVCJ8,"Instead of My Room","Live in Peter's Attic","Charlie Burg",2016-12-20,197688,0,false,,2019-06-21T21:50:17Z,"","Stereo Parrot",0.731,0.821,2,-3.922,1,0.0831,0.0373,0.0000016,0.327,0.798,125.18,4
spotify:track:2Ly4Vm9sX5jDQa4MkBGzOV,"Competitive Streak","Game Winner - EP (Deluxe Edition)","Joey Dosik",2018-02-23,207591,0,false,,2019-06-14T05:11:12Z,"retro soul,retro pop","Secretly Canadian",0.517,0.624,5,-9.284,1,0.0629,0.532,0.00364,0.108,0.437,72.936,4
spotify:track:4m6jJmv2s6BoYubvzJpWCr,"Hold My Love, Pt. 2","Ready EP","Sex on Toast",2016-04-01,311583,22,false,,2019-06-12T19:30:51Z,"","Tonay Records",0.685,0.823,0,-8.428,0,0.0972,0.0381,0.00744,0.174,0.559,138.019,3
spotify:track:31tf1qEai5o5f4r66Kd0pU,"Me and Your Mama","""Awaken, My Love!""","Childish Gambino",2016-12-02,379226,1,false,,2019-06-10T13:50:45Z,"","Glassnote Entertainment Group LLC",0.554,0.433,5,-12.628,1,0.0341,0.0116,0.0449,0.0667,0.237,117.996,3
spotify:track:2rzLMSlgENndN9bZ3QKnJv,"Audrey Tell Me","Audrey Tell Me","Juice",2018-11-30,254620,0,false,,2019-06-09T06:33:25Z,"","Juice Music LLC",0.525,0.83,1,-3.671,1,0.0634,0.365,0,0.112,0.675,114.108,4
spotify:track:0PldjOTKRt45S9MrLnlwVM,"Kahlil Gibran","Miracle Mile","STRFKR",2013-02-12,241413,0,false,,2019-06-09T06:27:25Z,"","Polyvinyl Records",0.676,0.641,9,-7.923,1,0.0296,0.267,0.262,0.119,0.352,84.97,4
spotify:track:3KGjaHIYe8WPqGxiXRojAU,"State Line","The Dip","The Dip",2015-04-14,172400,0,false,,2019-06-09T06:20:28Z,"retro soul","The Dip",0.607,0.491,11,-6.643,1,0.0888,0.425,0.000507,0.109,0.69,88.781,4
spotify:track:3oB0kxfAKK2wNLeMYDUawU,"Happy Song","Highbury","Jimi Charles Moody",2018-02-28,217874,0,true,,2019-05-31T19:41:28Z,"","Jimi Charles Moody",0.744,0.592,0,-5.088,1,0.0502,0.409,0,0.196,0.691,160.283,4
spotify:track:3XpZl1wM92z9Z239joSmf3,"High on Your Love","The Outsiders Are Back","Kings Go Forth",2010-01-01,253653,0,false,,2019-05-28T18:52:35Z,"retro soul","Luaka Bop",0.588,0.701,0,-3.208,1,0.0364,0.0142,0.0000483,0.179,0.763,79.577,4
spotify:track:5pjWzUc1tVcewUTdDJd6Ce,"San Francisco Street","Pocket Music","Sun Rai",2013-06-11,266704,59,false,,2019-05-20T21:36:48Z,"","Sun Rai",0.877,0.542,2,-9.102,1,0.0419,0.224,0.132,0.0858,0.509,111.474,4
spotify:track:1wRCg1JyRmbJEg9ESOMlVp,"Spooky Couch","Como Te Llama?","Albert Hammond Jr",2008-07-08,438906,28,false,,2019-05-20T21:29:33Z,"indie rock","Black Seal",0.532,0.494,7,-10.654,1,0.0355,0.979,0.674,0.123,0.888,156.278,4
spotify:track:2uuykQmIKK4g0vjowVChO3,"Color","hitotema","paniyolo",2012-04-11,285800,0,false,,2019-05-20T21:24:45Z,"","schole",0.573,0.102,6,-20.757,0,0.0638,0.983,0.914,0.124,0.249,145.651,3
spotify:track:6Re2AwZUVlgBng04BZTauW,"Cool Cat - Remastered 2011","Hot Space (Deluxe Remastered Version)","Queen",1982-05-03,209106,71,false,,2019-05-14T23:39:29Z,"classic rock,rock,glam rock","Hollywood Records",0.818,0.399,1,-9.927,0,0.111,0.308,0.00253,0.18,0.838,73.765,4
spotify:track:5OHZtnsgHJgGRyffYC96gQ,"Time Inflation (Message to R2)","Key Change","Mocky",2015-06-26,220158,17,false,,2019-05-14T23:36:08Z,"indie soul","Heavy Sheet",0.76,0.541,2,-8.373,0,0.0359,0.788,0.32,0.131,0.799,120.985,4
spotify:track:0ubtINXSfA7mFoza07BBap,"Ralphie","When I Think Of You In A Castle","Post Animal",2018-04-20,275933,0,false,,2019-05-14T23:31:49Z,"neo-psychedelic,psychedelic rock","Polyvinyl Records",0.442,0.824,5,-4.569,1,0.0486,0.0323,0.00000235,0.224,0.389,144.249,4
spotify:track:5IRt2VUjUQQOQcMfQwB54B,"Poppin'","Fickle Island","Angela Moyra",2014-03-21,102729,0,false,,2019-05-14T17:32:15Z,"singer-songwriter","Zip Records / Zwaard Music",0.47,0.579,2,-7.168,1,0.211,0.657,0,0.104,0.413,191.92,4
spotify:track:70FsigyFPY1XtVr7NiHJH9,"Begin Againers","Himalayas","Scott Mulvahill",2018-09-21,248056,21,false,,2019-05-13T15:22:39Z,"","West Sterling Music",0.775,0.199,9,-10.686,1,0.0385,0.686,0.00000974,0.14,0.339,85.843,4
spotify:track:0pMfPzdRiPAoSM9yWF4OcT,"Golden Hour","Golden Hour","Kacey Musgraves",2018-03-30,198453,68,false,,2019-05-08T17:43:26Z,"","Lost Highway/IGA",0.611,0.555,6,-6.372,0,0.0274,0.0952,0,0.11,0.413,88.969,4
spotify:track:2zLIjfjQ8kMy7WSSLmF0I2,"Thank You - 2008 Remaster","Bonnie Raitt (2008 Remaster)","Bonnie Raitt",1971,170800,59,false,,2019-05-07T23:52:13Z,"blues","Rhino/Warner Records",0.67,0.279,5,-15.589,1,0.0289,0.793,0.00879,0.109,0.552,77.82,4
spotify:track:5r3i9geEBkdeQOcH9qSp3Z,"Prank Calls","Below The Branches","Kelley Stoltz",2006-07-02,151026,0,false,,2019-05-07T23:50:02Z,"space rock,neo-psychedelic,power pop","Sub Pop Records",0.72,0.615,11,-8.211,1,0.0325,0.525,0.00732,0.311,0.799,117.376,4
spotify:track:4SHHeOEjpLLKqwnNXd0cEj,"Holding Hands","Holding Hands","The Magic Lantern",2017-10-30,304537,0,false,,2019-05-07T23:47:17Z,"","Hectic Eclectic Records",0.367,0.286,3,-12.657,1,0.0647,0.764,0.0106,0.0938,0.203,67.007,4
spotify:track:7BylPQLL7WWETvbL5fJSWW,"Honest","Honest","Melissa Polinar",2017-10-13,225868,16,false,,2019-05-05T03:51:50Z,"","PoleePolyPoli",0.765,0.346,6,-8.554,0,0.033,0.521,0,0.111,0.821,93.993,4
spotify:track:0ojYLq1oVLju2jSx6D4noV,"Noble Heart","PHOX","PHOX",2014-01-01,322506,0,false,,2019-05-01T19:59:15Z,"","Dine Alone Music",0.356,0.318,2,-10.975,1,0.0344,0.732,0.017,0.0983,0.176,116.425,4
spotify:track:03xNUQYx0Mb7Sdsq0YcZgY,"At the Beach","Mignonette","The Avett Brothers",2004-07-27,249173,44,false,,2019-05-01T19:19:31Z,"indie folk,folk,newgrass,americana,bluegrass,alt country,folk rock","Ramseur Records",0.563,0.756,7,-7.916,1,0.0565,0.37,0.0000155,0.114,0.624,105.121,4
spotify:track:0qDF5ETRQp4u3MSQHhwjUs,"Let's Pretend","1 (646) 943 2672 (Extended Play)","Del Water Gap",2017-03-10,236475,0,true,,2019-05-01T19:10:42Z,"","The Charles Atlas Company",0.517,0.763,5,-3.934,1,0.0349,0.268,0.00000133,0.301,0.387,135.993,4
spotify:track:6wlQ2HytZsMMXJTcBBEEOQ,"Feel This Way","Feel This Way","Tangerine",2013-07-23,223374,20,false,,2019-04-29T15:26:02Z,"","R+J Records",0.697,0.659,4,-6.615,1,0.0363,0.0758,0.00345,0.248,0.404,131.964,4
spotify:track:3cCZVk9XqoLg0pkOQtkjOG,"Living Breathing","Living Breathing","Mesita",2010-11-30,270272,0,false,,2019-04-29T15:20:24Z,"","Mesita Music",0.597,0.591,7,-6.342,1,0.0307,0.27,0.0508,0.509,0.605,154.003,4
spotify:track:4cIwg5VY8Lo1NYwq7llOth,"Steal My Kisses","Burn To Shine","Ben Harper And The Innocent Criminals",1999-09-21,245360,2,false,,2019-04-28T18:45:02Z,"","Virgin Records",0.914,0.56,7,-11.396,1,0.113,0.241,0.0214,0.217,0.87,101.019,4
spotify:track:4oeRfmp9XpKWym6YD1WvBP,"You and I","Be OK","Ingrid Michaelson",2008-01-01,148706,0,false,,2019-04-28T18:21:38Z,"","Cabin 24 Records",0.697,0.298,0,-7.635,1,0.0551,0.92,0,0.0874,0.509,134.216,4
spotify:track:6vECYJHxYmm3Ydt3fF01pE,"Stolen Dance","Sadnecessary","Milky Chance",2014-06-20,313684,6,false,,2019-04-26T03:02:32Z,"","Neon",0.885,0.581,11,-8.813,1,0.0378,0.427,0.000204,0.0759,0.728,114.016,4
spotify:track:0EQkkOd9AWf9ucupil31bA,"Havana Burning","Dan Reeder","Dan Reeder",2004,159653,0,false,,2019-04-22T20:37:29Z,"","Oh Boy Records",0.5,0.22,9,-16.213,1,0.0877,0.724,0.0000505,0.113,0.418,186.375,4
spotify:track:5TgGT8l6ikX8HlHMC8Enzr,"Moving Pictures","Sonata De Grillo","Richard Houghten",2014-12-04,214864,0,false,,2019-04-22T20:17:18Z,"","Macroscopic Vibrations",0.769,0.326,7,-17.17,1,0.0557,0.885,0.918,0.112,0.307,111.047,4
spotify:track:7n48Dr7f6shwiGn4SBvv4a,"Hannah Hannah","Big Seven","Próxima Parada",2017-02-24,246026,0,false,,2019-04-20T20:43:37Z,"","Próxima Parada",0.599,0.459,9,-5.366,1,0.034,0.72,0.000808,0.0381,0.404,91.795,4
spotify:track:3WGEFZvXPRwGUaunqyoXSo,"Scary Poppins","Scary Goldings","Scary Goldings",2018-07-23,189892,0,false,,2019-04-20T18:46:40Z,"jazz funk,funk","Pockets, Inc.",0.867,0.687,7,-6.766,1,0.0406,0.57,0.719,0.0875,0.636,92.621,4
spotify:track:6ES1G1anjmjDdQsPzlFaXz,"Calypso","Calypso","Jackson Lundy",2017-03-17,244459,40,false,,2019-04-19T15:22:28Z,"","Sugar Shack",0.603,0.374,8,-13.626,1,0.202,0.872,0.000981,0.107,0.242,84.294,4
spotify:track:5dqNCR3ANsOIMeQLpk54wU,"Don't Bother Calling","Aromanticism","Moses Sumney",2017-09-22,239702,0,false,,2019-04-19T15:19:34Z,"art pop,indie soul","Jagjaguwar",0.465,0.213,0,-10.183,1,0.0323,0.856,0.00557,0.0863,0.0803,123.518,4
spotify:track:6roE1E2XFB06znL6Wvvv2q,"Side A","Alohaha","Alohaha",2015-12-18,928228,25,false,,2019-04-17T20:16:13Z,"","Black Rainbow",0.343,0.409,11,-10.303,0,0.0395,0.096,0.0134,0.13,0.116,97.056,4
spotify:track:5O4qjToldZVIOHF8U3O2bD,"Like Someone In Love","Time Remembered","Bill Evans",1963,385493,36,false,,2019-04-17T15:26:44Z,"jazz,cool jazz,jazz ballads,bebop,hard bop","Milestone",0.389,0.0288,5,-26.056,0,0.0603,0.994,0.923,0.0793,0.0489,80.181,4
spotify:track:5iXuX70Sxp6sKdumBcQQW7,"Katie Queen Of Tennessee","Apache Relay","The Apache Relay",2014-01-01,204653,0,false,,2019-04-15T15:21:41Z,"","SBMC Inc. - So Recordings",0.56,0.913,2,-5.388,1,0.0308,0.101,0.000207,0.255,0.723,127.022,4
spotify:track:2sO4QxbgtZZNV2XqdfZ06R,"North Carolina","Bitters","Poor Remy",2013-11-12,216068,33,false,,2019-04-13T19:32:56Z,"","Poor Remy",0.571,0.612,7,-10.193,1,0.0291,0.285,0.00764,0.178,0.15,112.983,4
spotify:track:4qQFwn7DUSL3qV8psue32d,"Anyone","Anyone","Swim Mountain",2017-05-05,228939,0,false,,2019-04-13T19:16:56Z,"neo-psychedelic","Monday Records",0.772,0.487,2,-7.099,0,0.034,0.343,0.00308,0.147,0.669,120,4
spotify:track:73Q1cq5YHpqZHrhOE21lhW,"Help Myself","Paradise","Knox Fortune",2017-09-22,213241,20,false,,2019-04-13T19:08:47Z,"","Knox Fortune",0.566,0.701,7,-5.347,1,0.147,0.147,0.000375,0.352,0.451,81.004,4
spotify:track:5DJpci59ruBqsHLKYerhoN,"California","California","i said yes",2016-02-29,244273,0,false,,2019-04-13T19:04:18Z,"","Independent",0.702,0.371,5,-8.26,1,0.0455,0.808,0,0.33,0.331,97.886,4
spotify:track:2iXNeaqJ1Ef3YZ3iEak8tU,"It's A Blue World","Voices In Modern","The Four Freshmen",1955-01-01,178440,35,false,,2019-04-13T18:59:38Z,"vocal jazz,adult standards,doo-wop","CAPITOL CATALOG MKT (C92)",0.373,0.0435,3,-13.562,1,0.0274,0.958,0.00000391,0.0961,0.13,76.95,4
spotify:track:61Sd1DvK7x9tqykBE8Pdsk,"Right Here","Right Here","Maxwell Young",2016-04-05,158824,0,false,,2019-04-05T15:26:45Z,"lo-fi beats","maxwell young & theo hertzig records",0.581,0.157,10,-14.939,0,0.113,0.859,0.393,0.112,0.0684,120.816,4
spotify:track:5wG0M09sxw3cx0f0KC85In,"Sex & Candy","Funk Box","Scary Pockets;Monica Martin",2018-11-19,190122,0,false,,2019-04-04T15:52:56Z,"funk,retro soul","665567 Records DK",0.589,0.628,9,-7.977,1,0.149,0.198,0,0.112,0.593,77.176,4
spotify:track:3DPFmwFtV5ElQaTniLOdgk,"Hunnybee","Sex & Food","Unknown Mortal Orchestra",2018-04-06,268333,0,false,,2019-03-30T03:16:57Z,"neo-psychedelic","Jagjaguwar",0.956,0.373,6,-7.963,1,0.0773,0.569,0.394,0.314,0.568,119.994,4
spotify:track:1422qM6ZLPahUxJo29B0DM,"Sunlit Shoals","Beach","Louie Zong",2018-06-28,130738,11,false,,2019-03-28T21:12:57Z,"","Fuji Apple Records",0.688,0.563,4,-15.221,1,0.0424,0.427,0.89,0.107,0.815,104.976,4
spotify:track:1MBvaW8VuLtr5He0MCxTna,"Cinnamon Tree","Pray for Rain","Marty O'Reilly & the Old Soul Orchestra",2014-03-17,236173,0,false,,2019-03-28T21:09:13Z,"","Marty O'Reilly & the Old Soul Orchestra",0.526,0.357,7,-8.054,1,0.0316,0.577,0.00000746,0.106,0.423,95.961,4
spotify:track:5jFpDZYzYFb0YLHpR4l4Kw,"Sticking to My Guns","Gumbo","PJ Morton",2017-04-21,221748,41,false,,2019-03-28T20:45:37Z,"neo soul","Morton Records / EMPIRE",0.771,0.64,1,-9.792,1,0.387,0.207,0.0000756,0.11,0.781,108.981,4
spotify:track:7uQQG43MouzO3JmZfnchoc,"You Don’t Want Me","Happiness / You Don't Want Me","Wesley Bright and the Honeytones",2018-10-19,265546,0,false,,2019-03-28T20:04:37Z,"retro soul","Colemine Records",0.762,0.625,1,-6.299,1,0.0435,0.386,0.00429,0.313,0.785,97.574,4
spotify:track:0n6ZelXqemgztAX6cUc5E5,"Mother of Maladies","Two","Marrow",2013-12-19,231963,14,false,,2019-03-28T19:54:08Z,"","DistroKid.com",0.609,0.322,5,-12.401,0,0.0642,0.106,0.0000174,0.0868,0.537,137.085,4
spotify:track:3tjnCI2F64MOrRzi3NgXCA,"Sexy Weekend","Sexy Weekend EP","Scoundrels",2012-04-23,251255,53,false,,2019-03-28T19:50:50Z,"","Blue Horizon",0.748,0.446,5,-7.771,1,0.0304,0.733,0.00000283,0.107,0.579,98.076,3
spotify:track:6Hw4G2tOBbFCayFxSLYYSg,"You've Got Me Running in Circles","Sonny Cleveland","Sonny Cleveland",2015-09-25,170816,0,false,,2019-03-28T19:46:57Z,"retro soul","Position Music",0.724,0.656,7,-7.351,1,0.0282,0.462,0.00703,0.0934,0.695,110.968,3
spotify:track:7bHa41RqnfbuH7FR4VMOyo,"Lose Feeling","What We Are","The Copper Children",2016-06-24,337039,31,false,,2019-03-28T19:36:47Z,"","The Copper Children",0.708,0.231,10,-13,0,0.0655,0.584,0.00254,0.0958,0.233,114.068,4
spotify:track:2NfdpNOvN9Giyx4UiWdjbF,"Sophisticated Space","No Dogs Allowed","Sidney Gish",2017-12-31,194285,11,false,,2019-03-19T21:11:28Z,"bedroom pop","Sidney Gish",0.78,0.543,11,-9.983,1,0.145,0.3,0.00038,0.102,0.966,104.978,4
spotify:track:4kNqNkuehTojP867pHbRei,"All That I Need","All That I Need","Max Pope",2015-09-17,227965,0,false,,2019-03-19T20:50:25Z,"","Decisive",0.752,0.647,9,-7.41,1,0.033,0.435,0.00000638,0.0803,0.691,110.012,4
spotify:track:0DkeC0pUUaZyrtnhFLyHG1,"Bach","Nobody Wants to Be You","Dan Reeder",2017-11-10,110004,0,false,,2019-03-19T20:39:10Z,"","Oh Boy Records",0.653,0.186,10,-15.954,1,0.0452,0.991,0.0229,0.113,0.474,82.491,4
spotify:track:2q2EAq1UZQGenqXZgBkLbu,"Liberty","Free Your Mind","Amnesty",1970-05-28,160226,43,false,,2019-03-17T18:52:12Z,"acid jazz","Now Again Records",0.335,0.278,2,-9.24,1,0.0351,0.688,0,0.101,0.344,167.821,4
spotify:track:7BNJ6Ntuj4Ajx7xhGTEd8A,"What A Fool Believes","Save Charlie","Rubblebucket",2013-09-30,247186,28,false,,2019-03-17T17:33:45Z,"","Communion Records - Rubblebucket",0.729,0.623,8,-6.228,1,0.0523,0.0767,0.00458,0.0545,0.581,116.991,4
spotify:track:5fMZ4cDsfhxR7gnFdtrWCy,"Roma Fade","Are You Serious","Andrew Bird",2016-01-01,243120,55,false,,2019-03-17T17:28:12Z,"baroque pop,indie folk","Loma Vista",0.594,0.689,2,-8.395,0,0.0393,0.302,0.0173,0.0869,0.76,138.4,4
spotify:track:6ikh8e4YxgOlb11LWUaBp4,"The Keys","Soft Times","Matt Duncan",2013-01-15,217066,0,false,,2019-03-12T18:54:23Z,"retro soul","HOP HOP",0.782,0.478,0,-11.132,1,0.0671,0.511,0.0117,0.131,0.693,94.997,4
spotify:track:3nIlXRlu5AuZhAsWJgOipm,"Day Glo","Phosphorescent Blues","Brazos",2009-11-10,207413,48,false,,2019-03-11T21:16:04Z,"","Autobus",0.671,0.363,11,-8.441,1,0.031,0.524,0.0242,0.113,0.451,78.477,4
spotify:track:5yIKkQZF5pkilSWNzsp6wG,"East Coast Women","Most Times EP","Shoos Off",2014-07-15,235240,25,false,,2019-03-11T21:13:30Z,"","Shoos Off",0.753,0.695,7,-7.035,0,0.0258,0.414,0.000023,0.115,0.762,126.986,4
spotify:track:3SgSloOIDIYUaKjrHdlHaf,"Alex","Expectations","Wild Child",2018-02-09,176026,0,false,,2019-03-11T21:06:02Z,"folk pop","Dine Alone Music",0.623,0.718,9,-8.642,1,0.0616,0.572,0.0000529,0.295,0.624,160.047,4
spotify:track:6kjf54SjPLNsxbHVpIYq56,"Oh Heart","Think Tank","Tank and The Bangas",2013-12-19,234333,33,false,,2019-03-11T15:23:48Z,"alternative r&b","Independent",0.607,0.38,11,-9.673,1,0.0463,0.943,0.161,0.161,0.523,166.27,3
spotify:track:5gyywEdvAxvGuuDY2tiJDc,"Beach Song","Beach Song / LaVaughna","Busman's Holiday",2016-07-08,169152,0,false,,2019-03-11T15:20:52Z,"","Joyful Noise Recordings",0.505,0.718,9,-7.493,1,0.0332,0.0135,0.000354,0.088,0.965,113.025,4
spotify:track:6tDhad33YnPXOq01Qxt9d1,"Need Somebody To Love","Memories","Ady Suleiman",2018-03-09,326573,45,true,,2019-03-08T18:56:49Z,"","Pemba",0.688,0.468,10,-5.714,0,0.152,0.515,0,0.083,0.528,71.952,4
spotify:track:05iH4YnzQ880yWJYP3BdgQ,"Mahgeetah","It Still Moves (Deluxe Reissue)","My Morning Jacket",2003-09-09,355853,0,false,,2019-03-06T16:23:57Z,"jam band,alt country","ATO Records",0.242,0.838,5,-6.052,1,0.061,0.106,0.0852,0.713,0.418,118.185,4
spotify:track:1nLaEy1i5XgSoWtLiAlpJ3,"Saturn Returns","Hush Now","Sunny Levine",2013-08-13,234404,32,false,,2019-03-05T16:50:36Z,"","orange stella music",0.631,0.465,5,-11.101,0,0.0374,0.221,0.0289,0.0999,0.418,76.026,4
spotify:track:3GFuPZBHnbaThjJOk0Zrqc,"Take You Home","Take You Home","Hunny Ten",2019-01-22,189515,7,false,,2019-02-26T16:51:45Z,"","Hunny Ten Music",0.819,0.595,11,-6.981,1,0.0562,0.0117,0.00142,0.045,0.828,95.965,4
spotify:track:1387vgNIuxDrOdsPXpC8Rx,"Disaster","Time Machine","D.A. Wallach",2015-10-16,184256,23,false,,2019-02-25T15:40:48Z,"","Harvest Records",0.75,0.531,1,-6.754,1,0.0286,0.147,0,0.238,0.803,129.925,4
spotify:track:23H8PpuhyTDHwpqcDm7vS6,"Isn't She Lovely","Geography","Tom Misch",2018-04-06,86925,0,false,,2019-02-24T16:54:14Z,"indie soul","Beyond The Groove 4",0.505,0.481,4,-16.006,1,0.435,0.992,0.855,0.378,0.64,178.601,3
spotify:track:1nO357XsHkXI63l6Sn2dJd,"Town & Country","A Mineral Love","Bibio",2016-04-01,243373,0,false,,2019-02-21T16:58:12Z,"ambient folk,downtempo","Warp Records",0.714,0.689,7,-6.538,1,0.04,0.503,0.00134,0.1,0.883,95.035,4
spotify:track:745iAk0VONAMvDlfQM9PkR,"Heavy","EGO","RAC;Karl Kling",2017-07-13,281600,24,false,,2019-02-21T16:51:41Z,"nu disco","Counter Records",0.276,0.519,7,-7.07,1,0.0317,0.668,0.000795,0.115,0.152,86.618,4
spotify:track:2ktUvhL7YWZUs8x6a7ntpt,"Goodbye, Barcelona","Something In The Water","Pokey LaFarge",2015-01-01,282480,27,false,,2019-02-19T16:55:18Z,"americana,bluegrass","Rounder Records",0.44,0.332,2,-9.207,1,0.0311,0.787,0.0000684,0.0866,0.728,169.76,3
spotify:track:4ZJKDXyqBradNtcyYe1S79,"Cheers","Greenwood Shade","Sleepwalkers",2014-07-11,186100,23,false,,2019-02-19T16:47:49Z,"","Shoebox Treasure",0.67,0.663,0,-6.53,1,0.0313,0.283,0.0151,0.0576,0.65,125.047,4
spotify:track:50fCm9Wuerl1Ram0FUDEaL,"Sedona","Little Neon Limelight","Houndmouth",2015-03-16,239880,0,false,,2019-02-18T16:27:14Z,"","Rough Trade",0.396,0.677,3,-7.513,1,0.0354,0.0372,0.000137,0.112,0.249,135.177,4
spotify:track:1BP0dgODUDaf3RDtZbcXOd,"A Silver Song","Conspiracy Of Owls","Conspiracy Of Owls",2013-04-02,367186,0,false,,2019-02-18T06:56:11Z,"","Burger Records",0.373,0.626,10,-7.249,1,0.0364,0.0019,0.000118,0.628,0.358,142.589,4
spotify:track:54vHITh8Cc4DZQYdnpbciz,"Panama","So Many Nights","The Cat Empire",2007,195546,0,false,,2019-02-18T06:52:04Z,"","Two Shoes Pty Ltd",0.419,0.575,10,-6.101,1,0.0343,0.019,0.00000483,0.158,0.446,93.224,4
spotify:track:1i5gQ9q9NA42pvRZscaZaG,"Rocky Raccoon","Nu Funk","Scary Pockets;George Krikes",2017-11-13,158000,0,false,,2019-02-13T21:21:54Z,"funk,retro soul,southern gothic","665567 Records DK",0.822,0.391,7,-10.867,1,0.26,0.545,0.00000326,0.18,0.816,115.264,4
spotify:track:1geSWiwEHkfhPWoEpXB9Gj,"So Free","Earthtones","Bahamas",2018-02-16,477280,38,false,,2019-02-13T02:51:24Z,"","Brushfire Records/Universal",0.859,0.233,9,-8.676,1,0.0972,0.644,0.00581,0.117,0.386,112.779,4
spotify:track:7ygO2E3yfwZVYbzaPdGzed,"Guru","Guru","Coast Modern",2016-05-20,204466,0,false,,2019-02-13T02:40:54Z,"","300 Entertainment / +1 Records",0.76,0.701,3,-6.393,1,0.042,0.232,0.00295,0.07,0.81,140.023,4
spotify:track:2jxCJAQLi7BphBGboUiXoo,"Goodnight Daydream","goodnightdaydream.","Arvid",2018-08-03,289350,17,false,,2019-02-11T16:20:04Z,"","577396 Records DK2",0.605,0.686,8,-9.553,1,0.027,0.537,0.272,0.0754,0.554,101.952,4
spotify:track:5hIw1Pk4GaovqFfP1mNEzl,"Spring Time Blues","Songs for Martians","Marsandaras (M*A*R*S)",2018-05-09,210076,34,false,,2019-02-05T16:47:52Z,"","Marsandaras (M*a*r*s)",0.797,0.455,2,-8.09,1,0.0366,0.691,0.748,0.0685,0.769,90.001,4
spotify:track:2JqwkbmzPu8SAWf34qdgB4,"Look Around","Already Out of Time","Stoop Kids",2015-01-20,251249,22,false,,2019-02-04T16:21:10Z,"indie r&b","Stoop Kids, LLC",0.631,0.834,7,-6.963,0,0.0593,0.145,0.0379,0.082,0.447,166.025,4
spotify:track:7GdwIsiVLKrsvwFsdBK9Cy,"Something About Us - Recorded at Spotify Studios NYC","Spotify Singles","Saint Motel",2017-05-31,243163,36,false,,2019-02-04T16:17:16Z,"","Elektra (NEK)",0.78,0.574,7,-10.481,0,0.0385,0.144,0.0123,0.108,0.391,100.008,4
spotify:track:56OhItQ6ACZrsi8FhR7nHd,"The Fear","Heartworms","The Shins;James Mercer",2017-03-10,325554,36,false,,2019-02-03T18:59:05Z,"indie,indie pop","Aural Apothecary/Columbia",0.519,0.731,0,-6.713,1,0.0257,0.0129,0.00129,0.394,0.424,154.061,4
spotify:track:3utq2FgD1pkmIoaWfjXWAU,"Scenes from an Italian Restaurant","The Stranger (Legacy Edition)","Billy Joel",1977,456893,65,false,,2019-02-03T18:20:46Z,"soft rock","Columbia/Legacy",0.415,0.931,5,-4.988,1,0.126,0.407,0.000501,0.114,0.339,97.953,4
spotify:track:0pwJFVFojIUyjv0uK7mUku,"Abandoning Ship","Ratatouille (Original Motion Picture Soundtrack)","Michael Giacchino",2007-01-01,175986,37,false,,2019-01-31T19:41:38Z,"soundtrack,score","Walt Disney Records",0.0888,0.143,8,-15.799,1,0.0431,0.937,0.741,0.104,0.0344,84.052,5
spotify:track:0No1Mcz6DJ9HlPAICTqI2v,"Stranger","Stranger","Miki Fiki",2017-11-17,231593,0,false,,2019-01-31T17:10:06Z,"","Miki Fiki",0.646,0.561,9,-8.047,0,0.0559,0.0334,0,0.0802,0.452,95.002,3
spotify:track:1WzKT6YkMJuzE1uyunQO6c,"Chai","ARCHES","Isao Tsukamoto",2016-09-05,265760,0,false,,2019-01-29T23:16:48Z,"experimental jazz,jam band","TINKER RECORDS",0.792,0.0581,7,-18.415,1,0.0926,0.99,0.936,0.0916,0.42,107.433,4
spotify:track:7DFj4U25OOZdVyddp3SMp5,"Georgia Peach","A Safety Meeting","Manwolves",2018-09-14,246973,0,false,,2019-01-26T21:08:36Z,"","Manwolves",0.609,0.584,5,-4.775,0,0.148,0.676,0,0.0893,0.725,144.06,4
spotify:track:1aRvUHgMe9ichgcHAAs12f,"Nellie","B-Room (Deluxe Edition)","Dr. Dog",2013-10-01,217613,61,false,,2019-01-24T23:37:39Z,"","Anti/Epitaph",0.506,0.526,4,-9.936,1,0.0285,0.334,0.000539,0.0907,0.591,129.641,4
spotify:track:40WXqoyOLAAugGmJWZU1FY,"All The Time","Bahamas is Afie","Bahamas",2014-08-19,234973,0,false,,2019-01-24T23:15:12Z,"","Universal Music Canada",0.711,0.468,4,-4.797,0,0.0515,0.63,0.00427,0.087,0.533,127.458,4
spotify:track:3wrqiZJKMSpLBvgFJfFOp1,"Sound & Color","Sound & Color","Alabama Shakes",2015-04-21,183293,0,false,,2019-01-24T21:57:46Z,"","ATO Records",0.548,0.412,2,-7.398,1,0.0736,0.852,0.611,0.0854,0.151,114.928,4
spotify:track:2lrRWbiHPdBicufAqrGN3r,"Don't Wanna Fight","Sound & Color","Alabama Shakes",2015-04-21,232546,0,true,,2019-01-24T21:57:46Z,"","ATO Records",0.606,0.915,10,-3.292,0,0.166,0.259,0.107,0.105,0.551,100.433,4
spotify:track:4zmJhhKDBdRceqXvfhvQay,"Future People","Sound & Color","Alabama Shakes",2015-04-21,201613,0,false,,2019-01-24T21:57:46Z,"","ATO Records",0.382,0.777,11,-4.343,0,0.0538,0.115,0.3,0.0984,0.534,154.41,4
spotify:track:7Gz1adaLeIHNOqJPvfnncD,"Gimme All Your Love","Sound & Color","Alabama Shakes",2015-04-21,243466,0,false,,2019-01-24T21:57:46Z,"","ATO Records",0.392,0.57,11,-5.249,0,0.0466,0.204,0.299,0.385,0.191,105.468,3
spotify:track:72oc3QiAnudEBagoKsUk0m,"This Feeling","Sound & Color","Alabama Shakes",2015-04-21,268853,0,false,,2019-01-24T21:57:46Z,"","ATO Records",0.628,0.329,7,-11.424,1,0.036,0.834,0.00335,0.11,0.305,130.808,4
spotify:track:0AuVVVJ4MTiP8SPyCiHQIt,"Guess Who","Sound & Color","Alabama Shakes",2015-04-21,195706,0,false,,2019-01-24T21:57:46Z,"","ATO Records",0.699,0.712,11,-7.039,0,0.0388,0.927,0.154,0.135,0.709,86.596,4
spotify:track:3ZHGodCDCyhv7uNyEGdYuy,"The Greatest","Sound & Color","Alabama Shakes",2015-04-21,229746,0,false,,2019-01-24T21:57:46Z,"","ATO Records",0.211,0.915,6,-2.051,0,0.136,0.000533,0.407,0.069,0.625,160.146,4
spotify:track:6bktUlLJzsy9CqsdYVB5By,"Shoegaze","Sound & Color","Alabama Shakes",2015-04-21,179480,0,false,,2019-01-24T21:57:46Z,"","ATO Records",0.553,0.779,9,-5.39,1,0.0319,0.00544,0.614,0.18,0.709,117.897,4
spotify:track:5MpvtfaYC43mirXT3LHWte,"Miss You","Sound & Color","Alabama Shakes",2015-04-21,227066,0,false,,2019-01-24T21:57:46Z,"","ATO Records",0.382,0.601,9,-5.853,1,0.0382,0.266,0.113,0.12,0.47,164.379,3
spotify:track:001ifh9Zkyc5DhK7AGQRtK,"Gemini","Sound & Color","Alabama Shakes",2015-04-21,395573,0,false,,2019-01-24T21:57:46Z,"","ATO Records",0.411,0.422,4,-5.475,0,0.0459,0.447,0.121,0.0742,0.346,147.465,1
spotify:track:7GdSvJ1lnSYelQzd0Gv4Fs,"Over My Head","Sound & Color","Alabama Shakes",2015-04-21,233320,0,false,,2019-01-24T21:57:46Z,"","ATO Records",0.455,0.299,2,-10.733,1,0.205,0.876,0.0308,0.113,0.0968,175.022,3
spotify:track:2os0aK782bakCPmjow0SU0,"Drunk Drivers/Killer Whales","Teens of Denial","Car Seat Headrest",2016-05-20,374653,0,true,,2019-01-22T16:58:22Z,"midwest emo,indie rock","Matador",0.534,0.414,2,-7.952,1,0.0403,0.218,0.00000211,0.103,0.458,117.079,4
spotify:track:39lRgtgsJWe9AdJNEuwTij,"Casa De Mel","Casa De Mel","Brad Goodall",2017-03-19,261414,27,false,,2019-01-22T16:58:19Z,"","Brad Goodall",0.716,0.485,0,-10.527,1,0.0374,0.356,0.216,0.0722,0.645,152.014,4
spotify:track:1E8t8Gtb6BQfMMpEgVNyIh,"So Long","Marbled","Abhi The Nomad",2018-02-09,211000,0,false,,2019-01-18T15:46:07Z,"","Tommy Boy Entertainment, LLC",0.899,0.573,9,-5.47,1,0.0556,0.267,0.00000467,0.0854,0.826,120.006,4
spotify:track:5InvjDTRpckVGpTi8tXdOl,"Old Love","Pluto","Joe Hertler & The Rainbow Seekers",2017-03-31,257413,0,false,,2019-01-18T15:20:58Z,"","Joe Hertler & The Rainbow Seekers",0.799,0.846,9,-5.602,1,0.0462,0.274,0.00306,0.111,0.869,109.988,4
spotify:track:6wsutjN16jat9ip9JFfdLX,"Out of Sorts","Out of Sorts","Atta Boy",2012-12-20,222133,0,false,,2019-01-18T05:43:17Z,"","Atta Boy",0.519,0.489,4,-8.396,1,0.0325,0.769,0.000147,0.368,0.456,102.349,4
spotify:track:00HIh9mVUQQAycsQiciWsh,"Limestone","Hippie Castle EP","Magic City Hippies",2015-07-24,209164,0,false,,2019-01-18T05:34:32Z,"","New World Music Group",0.706,0.457,4,-9.359,1,0.0383,0.282,0.00849,0.0614,0.723,78.014,4
spotify:track:1tuTSBuLJ3DZirYLNMohnk,"Common Ground","Uncommon Good","Busty and the Bass",2017-09-08,336693,0,false,,2019-01-18T05:29:41Z,"retro soul","Indica Records",0.471,0.38,10,-8.681,1,0.191,0.205,0.0000603,0.0822,0.78,83.876,4
spotify:track:0ARp9mXXpPflIwehy25kCa,"Big Sis","SALES LP","SALES",2016-04-20,166400,54,false,,2019-01-18T05:21:27Z,"bedroom pop","SALES",0.825,0.482,2,-8.29,1,0.0378,0.876,0.209,0.101,0.338,99.991,4
spotify:track:3t9yWxeI5MnMtZ5rvKw315,"Skywards","When in Oakland","Pick Patek Archive;Eric Yu;Colby Kenderdine",2018-04-18,225333,26,true,,2019-01-17T23:55:21Z,"","Country Jimmy Records",0.644,0.841,11,-5.866,1,0.35,0.254,0,0.0753,0.694,179.902,4
spotify:track:4Zyo4ewxLAk6iU03OGrzfl,"Semiosis","Synesthesia","Thomas Fonnesbæk;Justin Kauflin",2017-10-20,336946,15,false,,2019-01-17T23:37:19Z,"vocal jazz,jazz","Storyville",0.469,0.332,11,-16.386,0,0.0284,0.932,0.905,0.104,0.415,91.241,4
spotify:track:5u4VFkDXVtOQ4cuSRlfnX9,"Pass the Vino","Bad Friend","Mathien;Soul Food Horns",2017-12-16,318112,26,false,,2019-01-17T22:56:53Z,"jazz beats,lo-fi beats,lo-fi,lo-fi hip hop,jazz rap","601433 Records DK",0.705,0.484,0,-10.899,0,0.0475,0.447,0.000673,0.0742,0.536,101.424,4
spotify:track:6yFkMloPCqv2YpUaZZ7xPH,"Brain Invaderz!","Brain Invaderz!","Mamahawk",2018-08-24,228228,3,true,,2019-01-17T22:51:29Z,"","Mamahawk Music",0.663,0.733,11,-5.541,0,0.0283,0.0485,0.0000759,0.491,0.655,83.992,4
spotify:track:6yfAaRpUk4G8DVzE0YKlFM,"Georgia Dust","Georgia Dust","Sun Seeker",2016-05-02,203213,0,false,,2019-01-17T22:50:29Z,"","Third Man Records",0.742,0.519,3,-7.093,1,0.0292,0.441,0.0279,0.0917,0.61,113.95,4
spotify:track:0vvfvOnFtAXhStLPmZWxhV,"I Live Above the Hobby Shop","I Live Above the Hobby Shop","McFabulous",2010-09-04,221390,0,false,,2019-01-17T22:35:48Z,"","Bruce Jazz",0.838,0.43,1,-10.123,1,0.295,0.0295,0.54,0.086,0.457,148.031,4
spotify:track:1hxbW2aQxmFSChaFeOeD5K,"Occapella","Goodnight Vienna","Ringo Starr",1974,176400,30,false,,2019-01-17T22:12:52Z,"","Parlophone",0.753,0.244,10,-19.395,1,0.253,0.084,0.00000282,0.0607,0.928,83.703,4
spotify:track:2GtZpQBs6G6dO6NIHtoi0k,"Yawn","Hamburg Style","Nick Dorian",2018-04-27,219105,22,true,,2019-01-14T16:15:47Z,"","Mango Jacket // (Yawn) Majestic Casual Records",0.658,0.732,5,-5.993,0,0.0413,0.815,0.0268,0.113,0.623,90.062,4
spotify:track:51XZD1FCrWyU3dDWJH4nzb,"Shuggie","We Are the 21st Century Ambassadors of Peace & Magic","Foxygen",2013-01-22,201706,0,false,,2019-01-13T19:02:08Z,"baroque pop,neo-psychedelic","Jagjaguwar",0.467,0.645,1,-7.614,0,0.0364,0.101,0.00524,0.144,0.71,127.947,3
spotify:track:6aLmvz0CPeCNHCXK2H5QIC,"Debra","Midnite Vultures","Beck",1999,343360,51,false,,2019-01-07T18:11:13Z,"anti-folk","Geffen",0.611,0.597,0,-7.864,1,0.0764,0.303,0.0082,0.0605,0.385,147.507,4
spotify:track:6RHsqig2toPnaGM4l6E4iL,"Just One Look","Just One Look","The Derevolutions",2018-04-15,239990,14,false,,2019-01-07T17:44:19Z,"","The Derevolutions",0.763,0.932,9,-5.432,0,0.069,0.575,0.00503,0.13,0.892,111.032,4
spotify:track:3YuOkG6bShpxfeDhtaIMyC,"Favorite Song","Life & Livin' It","Sinkane",2017-02-10,293253,0,false,,2019-01-07T17:37:42Z,"","City Slang",0.601,0.713,5,-4.987,0,0.0251,0.000379,0.0618,0.348,0.57,100.013,4
spotify:track:3lWEqatHZ2wIE2RCOmQkF8,"Question","Question","Fat Night",2018-12-21,256148,0,false,,2019-01-05T20:23:59Z,"retro soul","Karma Chief Records",0.616,0.383,10,-10.791,1,0.0911,0.691,0.00000237,0.0875,0.6,104.451,4
spotify:track:1CLmFKW99S8eJrebO3GB04,"No Woman","Light Upon the Lake","Whitney",2016-06-03,237973,0,false,,2018-12-29T07:40:40Z,"","Secretly Canadian",0.581,0.4,2,-8.739,1,0.0291,0.893,0.576,0.161,0.433,112.331,4
spotify:track:3vdn6X5qlq6GZ1BjwdLr18,"The Falls","Light Upon the Lake","Whitney",2016-06-03,140693,0,false,,2018-12-29T07:40:40Z,"","Secretly Canadian",0.688,0.7,10,-5.695,1,0.0375,0.835,0.325,0.121,0.728,110.233,4
spotify:track:1oy0UIGzuqIPBkOsjojeJ1,"Golden Days","Light Upon the Lake","Whitney",2016-06-03,242093,0,false,,2018-12-29T07:40:40Z,"","Secretly Canadian",0.389,0.696,5,-5.251,1,0.0402,0.0619,0.43,0.546,0.65,153.245,5
spotify:track:1an3JuxakCklsLRppBxFLp,"Dave’s Song","Light Upon the Lake","Whitney",2016-06-03,181213,0,false,,2018-12-29T07:40:40Z,"","Secretly Canadian",0.589,0.466,1,-7.75,1,0.0296,0.351,0.169,0.267,0.357,141.567,4
spotify:track:5a4d1YVJ3OBFRqgAhRK36o,"No Matter Where We Go","Light Upon the Lake","Whitney",2016-06-03,161746,0,false,,2018-12-29T07:40:40Z,"","Secretly Canadian",0.621,0.932,0,-3.8,0,0.0473,0.313,0.478,0.149,0.62,105.896,4
spotify:track:0eSGV9tSAymkT7CCLEoWHy,"On My Own","Light Upon the Lake","Whitney",2016-06-03,134240,0,false,,2018-12-29T07:40:40Z,"","Secretly Canadian",0.621,0.369,5,-7.652,0,0.0347,0.88,0.00123,0.14,0.549,112.705,4
spotify:track:7ADcBtMDWTDWAUyR3IFquc,"Polly","Light Upon the Lake","Whitney",2016-06-03,206026,0,false,,2018-12-29T07:40:40Z,"","Secretly Canadian",0.565,0.306,2,-6.797,1,0.0273,0.91,0.101,0.312,0.247,77.181,4
spotify:track:07ARfS39HSzPfEWZS8opOs,"I Love How You Love Me - Live","Live at Jittery Joe's","Jeff Mangum",2001,206773,38,false,,2018-12-28T15:12:39Z,"anti-folk,folk punk","Orange Twin",0.371,0.692,9,-9.981,0,0.241,0.851,0.00000379,0.859,0.511,91.188,3
spotify:track:3nKRiaMQ760POlm2t1DZ1R,"Good Guy","Kaleidoscope","Serengeti",2017-04-28,216254,0,false,,2018-12-24T17:49:46Z,"experimental hip hop","Joyful Noise Recordings",0.552,0.783,11,-6.995,1,0.0761,0.0256,0.00113,0.536,0.336,153.993,4
spotify:track:3mtfIdxDxq5CyYQgGgsSaP,"Trying Something Again (Again)","Thinking About Thursdays","Lullatone",2017-02-21,173600,35,false,,2018-12-24T03:49:02Z,"","lulla-label",0.659,0.218,8,-22.286,1,0.0393,0.957,0.909,0.11,0.663,149.981,3
spotify:track:69d5AEWSN2bOmd19hDOR4P,"Walking in the Rain","Bird Watching","Funkmammoth",2016-11-01,186553,44,false,,2018-12-24T03:45:50Z,"","Funkmammoth",0.557,0.89,6,-7.633,0,0.136,0.334,0.00138,0.415,0.529,100.99,4
spotify:track:5XZxv1kEeSyfDPRkGDTEje,"Beyond The Sea (La Mer)","Djangology 49","Django Reinhardt",1990-02-13,256000,35,false,,2018-12-22T22:12:05Z,"swing music,jazz,french jazz,ragtime","RCA Bluebird",0.45,0.179,5,-18.448,1,0.0441,0.984,0.892,0.128,0.436,95.193,4
spotify:track:5aSozRkbmo5fwxZs7SLQhS,"waltz for hulot","minuscule","mamerico",2011-09-13,227653,0,false,,2018-12-22T22:03:35Z,"japanese indie,shibuya-kei","schole",0.731,0.158,6,-15.768,1,0.047,0.946,0.00058,0.0993,0.314,130.79,3
spotify:track:3hqXUcu06ajELPBS3uhCD1,"Summer Lovin'","Summer Lovin'","The Tuesday Crew",2018-06-22,241243,49,false,,2018-12-19T17:45:10Z,"","The Tuesday Crew",0.796,0.331,0,-9.903,1,0.0521,0.194,0,0.159,0.632,137.968,4
spotify:track:3Fvs8oKzVGs41wDjKBYy1I,"Narrens tema I & II","Presenterar: ""Narren""","Albin Gromer",2017-04-21,163562,16,false,,2018-12-17T19:35:38Z,"swedish pop","Universal Music AB",0.761,0.432,0,-5.798,1,0.0435,0.369,0.000141,0.0801,0.922,142.949,4
spotify:track:4gWHgb6xok2dydXnEm1On5,"The Prince Of The Hanging Gardens","The Hanging Gardens Of Beatenberg","Beatenberg",2014-01-01,284893,33,false,,2018-12-17T19:31:56Z,"","Universal Music (Pty) Ltd.",0.662,0.482,7,-10.777,1,0.044,0.504,0,0.133,0.344,125.087,4
spotify:track:6HTQ0WbaZlmpprlpBsOlLj,"Some Times","Old New Clothes","Hi-Lo Jack;Lawrence;Stolen Jars;DAP The Contract",2017-11-17,95186,4,false,,2018-12-16T06:59:00Z,"pop soul,retro soul,christmas,alté","Hi-Lo Jack Music",0.31,0.177,8,-15.351,1,0.0537,0.171,0,0.247,0.174,170.979,5
spotify:track:02i0HFL3IJl8cJ2RIzFfLS,"So It Goes","Old New Clothes","Hi-Lo Jack;Lawrence;Stolen Jars;DAP The Contract",2017-11-17,203426,2,false,,2018-12-16T06:59:00Z,"pop soul,retro soul,christmas,alté","Hi-Lo Jack Music",0.663,0.453,1,-10.231,1,0.0741,0.639,0.00000176,0.134,0.373,87.996,4
spotify:track:3Iber8mKNIuDcTi1qkUPef,"Gone","Old New Clothes","Hi-Lo Jack;Lawrence;Stolen Jars;DAP The Contract",2017-11-17,49920,6,false,,2018-12-16T06:59:00Z,"pop soul,retro soul,christmas,alté","Hi-Lo Jack Music",0.346,0.165,0,-9.332,1,0.0368,0.974,0.0174,0.103,0.306,53.093,4
spotify:track:4Eii2SzWAfY3g1ulvzNxKV,"Wasted Time","Old New Clothes","Hi-Lo Jack;DAP The Contract;Lawrence;Stolen Jars",2017-11-17,203506,2,false,,2018-12-16T06:59:00Z,"pop soul,alté,retro soul,christmas","Hi-Lo Jack Music",0.666,0.446,5,-11.262,1,0.0688,0.725,0.000385,0.113,0.364,172.965,4
spotify:track:3EFWWHsFXoHc8STBJZiNAf,"What Can We Do","Old New Clothes","Hi-Lo Jack;Lawrence;Stolen Jars;DAP The Contract",2017-11-17,220413,7,false,,2018-12-16T06:59:00Z,"pop soul,retro soul,christmas,alté","Hi-Lo Jack Music",0.39,0.484,2,-9.349,1,0.0523,0.218,0.00914,0.23,0.184,127.772,4
spotify:track:4Zf351SuPuXo8w6IIMsxev,"Wanna Be Cool","Surf","Nico Segal",2015-06-30,207559,40,true,,2018-12-16T06:58:36Z,"","Donnie Trumpet & The Social Experiment",0.663,0.611,0,-8.287,1,0.301,0.239,0,0.181,0.337,116.947,4
spotify:track:2MMSvQYxprysW5Askrde6L,"Windows","Surf","Nico Segal",2015-06-30,236852,35,false,,2018-12-16T06:58:36Z,"","Donnie Trumpet & The Social Experiment",0.396,0.45,6,-11.982,1,0.213,0.685,0.00958,0.13,0.384,99.42,4
spotify:track:2yyOV4CLMguFh4bOcutyvz,"Caretaker","Surf","Nico Segal",2015-06-30,95388,29,true,,2018-12-16T06:58:36Z,"","Donnie Trumpet & The Social Experiment",0.667,0.179,0,-17.73,1,0.0431,0.822,0.0000418,0.0934,0.237,131.061,3
spotify:track:4BXQq0ufeWuY9uT4sURxYX,"Go","Surf","Nico Segal",2015-06-30,262222,29,false,,2018-12-16T06:58:36Z,"","Donnie Trumpet & The Social Experiment",0.648,0.463,11,-10.114,0,0.0427,0.412,0.00285,0.315,0.262,112.998,4
spotify:track:67Q4A723vZInFO6GJlOqfd,"Rememory","Surf","Nico Segal",2015-06-30,154095,32,false,,2018-12-16T06:58:36Z,"","Donnie Trumpet & The Social Experiment",0.452,0.251,4,-16.163,0,0.0718,0.805,0.00373,0.0793,0.0758,83.774,4
spotify:track:4KqBoq7MoDJeVsvUHTjXCM,"Sweet Pea","Supply And Demand","Amos Lee",2006-01-01,129626,66,false,,2018-12-15T21:20:22Z,"","Blue Note Records",0.946,0.289,11,-9.413,1,0.0584,0.152,0.00002,0.234,0.816,102.073,4
spotify:track:3CTnRcNX6VCrgu5U0046YK,"Sesame Street - Remastered","In Tune (Remastered Anniversary Edition)","Oscar Peterson Trio;The Singers Unlimited",2014-01-31,173195,29,false,,2018-12-13T17:01:49Z,"jazz,cool jazz,jazz ballads,bebop,hard bop,vocal jazz","MPS",0.503,0.194,5,-16.162,1,0.0346,0.663,0.0000412,0.136,0.66,152.532,3
spotify:track:1iLfJK5MYfn6SWuPOZa539,"Blues Run The Game","Old Friends","Simon & Garfunkel",1997,171293,0,false,,2018-12-03T19:46:46Z,"folk rock,folk","Columbia/Legacy",0.516,0.118,11,-19.164,1,0.0331,0.904,0.00000112,0.109,0.398,91.693,4
spotify:track:02CygBCQOIyEuhNZqHHcNx,"It Runs Through Me","Geography","Tom Misch;De La Soul",2018-04-06,261881,1,false,,2018-11-28T03:33:54Z,"indie soul,jazz rap,east coast hip hop","Beyond The Groove 4",0.802,0.607,11,-11.028,0,0.289,0.205,0.000748,0.246,0.274,96.916,4
spotify:track:5thSmr5YstKGUARBJmY6Lh,"Cadaver","The World Is A Loud Place","Landlady",2017-01-20,254538,0,false,,2018-11-18T19:17:07Z,"","Landladyland",0.534,0.609,10,-6.404,0,0.0355,0.464,0.00081,0.101,0.474,142.32,4
spotify:track:0WOuVzAZcTIgAq9JPZHjQc,"She's the Only One","Come to the Window","King Guru",2015-09-24,198753,35,false,,2018-11-18T17:19:36Z,"","592828 Records DK",0.601,0.749,7,-8.078,1,0.043,0.0115,0.0000664,0.172,0.948,162.747,4
spotify:track:3nulzAA8PNw1nZcUbrNxcf,"Keeping the Faith","An Innocent Man","Billy Joel",1983-08-08,279407,54,false,,2018-11-17T05:24:16Z,"soft rock","Columbia",0.781,0.672,2,-7.474,1,0.108,0.245,0,0.161,0.854,90.609,4
spotify:track:0RWqE2ZaulvnN1i40qIhDh,"Canned Heat","Synkronized","Jamiroquai",1999-06-08,331760,2,false,,2018-11-11T21:26:53Z,"acid jazz","S2",0.7,0.865,9,-5.827,0,0.133,0.0136,0.0000756,0.0718,0.78,128.04,4
spotify:track:5jcTSHMFaqKs9kFGyPbEtP,"Bird in an Airport","Songs of Music","Próxima Parada",2014-09-26,255453,18,false,,2018-11-08T18:09:32Z,"","Próxima Parada",0.639,0.456,9,-7.149,1,0.0358,0.582,0.00000395,0.132,0.315,84.771,4
spotify:track:1uRKeDUiD4fDUEAjXbmYr6,"Bust Your Knee Caps - Johnny Don't Leave Me","Hey It's Pomplamoose","Pomplamoose",2014-06-21,185316,0,false,,2018-11-07T20:02:19Z,"","Pomplamoose",0.408,0.563,9,-5.97,0,0.0374,0.0473,0,0.0781,0.558,118.543,3
spotify:track:2sO718J2pTTSgECZKQJD7e,"You Make My Dreams","You Make My Dreams","Pomplamoose",2018-02-12,177750,0,false,,2018-11-07T16:22:05Z,"","Pomplamoose",0.643,0.613,5,-8.004,1,0.249,0.176,0.000947,0.158,0.605,84.746,4
spotify:track:7412fpVfB2PSSb1nENQczC,"Sheep","Sheep","Mt. Joy",2017-01-18,215180,53,false,,2018-11-07T06:45:33Z,"","Mt. Joy",0.498,0.502,2,-8.052,1,0.0371,0.891,0.000907,0.0716,0.286,81.171,4
spotify:track:1RRoAW2q8IBCZJdj4UsdFN,"Algae's Lullaby","Beach","Louie Zong",2018-06-28,84200,19,false,,2018-11-05T02:19:02Z,"","Fuji Apple Records",0.852,0.166,9,-18.507,1,0.0414,0.926,0.792,0.0509,0.671,75.066,4
spotify:track:1jc3N7hPqjr46lOGPQ0L18,"Here Comes a Good Boy","Dawgz","Louie Zong;The Barking Dawgz",2018-04-22,133455,10,false,,2018-11-01T16:41:55Z,"","Fuji Apple Records",0.786,0.38,5,-14.665,1,0.051,0.484,0.741,0.157,0.699,95.969,4
spotify:track:6YvuLhp9lhkjmyIzLJA1uA,"All My Loving","For Your Health","The Stairwells",2016-10-14,132857,25,false,,2018-11-01T16:33:23Z,"","The Stairwells",0.569,0.518,1,-6.357,0,0.291,0.772,0,0.814,0.533,139.893,4
spotify:track:08usYkCKcKehKFXBLSlOGP,"Bothersome","Pop Food","Jack Stauber",2017-03-25,236626,45,false,,2018-10-28T04:16:39Z,"","Plopscotch Records",0.662,0.458,2,-11.633,1,0.0438,0.76,0.0368,0.257,0.475,136.201,4
spotify:track:5dLkQJdUKnsxZP0OTAynxb,"La Luna","Sweet Asl.","KAINA;Andrew Bedows;Burns Twins;Maceo Haymes",2016-08-09,130489,26,false,,2018-10-22T19:56:56Z,"latin indie","KAINA, Bedows, & Burns Twins",0.634,0.404,0,-8.643,1,0.0452,0.857,0.0709,0.0995,0.216,82.22,4
spotify:track:3dJSC3yIV69Afxvme5qf5d,"Drifty","Demos","Sjowgren",2015-04-18,237405,42,false,,2018-10-22T19:55:55Z,"","Independent",0.397,0.188,8,-12.851,0,0.0364,0.862,0.000615,0.126,0.35,184.057,3
spotify:track:7mgWCXPKOWgOexqeYLGjeu,"Have You Ever Been (To Electric Ladyland)","Needle Paw","Nai Palm",2017-10-20,259772,38,false,,2018-10-19T15:20:00Z,"indie soul,alternative r&b,neo soul","Masterworks",0.466,0.257,10,-9.087,0,0.0393,0.933,0.0000245,0.12,0.245,117.962,4
spotify:track:4Ke0PU6brYyBqoKJkuUlCG,"Creep","Best of 2017","Scary Pockets;India Carney",2018-03-05,206500,0,false,,2018-10-18T21:29:18Z,"funk,retro soul","665567 Records DK",0.631,0.668,10,-4.637,1,0.0491,0.478,0.00000227,0.0755,0.5,102.605,4
spotify:track:0MjAN5HhvpRiPmxGNrx5oc,"Lysergic Bliss","Satanic Panic In The Attic","of Montreal",2004-04-06,244013,0,false,,2018-10-16T16:03:26Z,"neo-psychedelic,baroque pop,art pop","Polyvinyl Records",0.481,0.747,6,-6.27,0,0.0513,0.373,0.0437,0.102,0.827,110.994,4
spotify:track:5vEL3EpvP50ynXJqLon8yv,"Light Upon the Lake","Light Upon the Lake","Whitney",2016-06-03,189453,0,false,,2018-10-14T19:12:48Z,"","Secretly Canadian",0.48,0.142,1,-14.025,1,0.0257,0.971,0.582,0.104,0.141,97.794,4
spotify:track:6YDf6QV7QfCEo8O2dbWalK,"Real Love Baby","Real Love Baby","Father John Misty",2016-07-26,189293,0,false,,2018-10-09T16:27:33Z,"","Sub Pop Records",0.417,0.686,7,-6.484,1,0.0373,0.0955,0.0287,0.0989,0.625,204.113,4
spotify:track:1175r6ZmkUjX8dRJLz9Ohk,"I Love You So","Songs for Dads","The Walters",2014-11-28,160253,2,false,,2018-10-09T16:15:25Z,"","The Walters",0.578,0.669,10,-4.898,1,0.0377,0.65,0,0.13,0.503,75.995,4
spotify:track:00BTDWR6xCaGdst6cPKkpF,"Hideaway","In My Room","Jacob Collier",2016-07-01,412613,0,false,,2018-10-08T20:11:20Z,"","Membran",0.39,0.39,2,-15.14,1,0.0529,0.744,0.0858,0.0771,0.0382,147.055,3
spotify:track:63ErPnMFI2X7NHn082WgLc,"Around the World","Around the World","Greg Chiapello",2016-04-11,231410,18,false,,2018-10-08T20:08:00Z,"","Independent",0.605,0.561,6,-6.617,1,0.0329,0.0791,0.0000253,0.207,0.668,80.496,4
spotify:track:6byH2KwTyfq76lucjvwX2I,"Familiar","Surf","Nico Segal",2015-06-30,233617,41,true,,2018-10-01T22:41:00Z,"","Donnie Trumpet & The Social Experiment",0.804,0.387,11,-9.56,1,0.255,0.28,0,0.0527,0.584,104.065,4
spotify:track:6fTdcGsjxlAD9PSkoPaLMX,"Sunday Candy","Surf","Nico Segal",2015-06-30,226013,62,false,,2018-09-26T07:11:36Z,"","Donnie Trumpet & The Social Experiment",0.511,0.596,0,-6.56,1,0.224,0.53,0,0.0798,0.554,158.063,4
spotify:track:0kSnrAelP9QQ2tTaCbYOZ6,"Born a Worm","Nobody Wants to Be You","Dan Reeder",2017-11-10,143131,0,false,,2018-09-24T18:50:52Z,"","Oh Boy Records",0.709,0.178,10,-11.768,1,0.0338,0.956,0.0502,0.0931,0.424,100.076,4
spotify:track:3W3YJYPXgzGeb6l8DnKLmY,"Fresh Squeezed","Both Sides of the Ceiling","Duncan Fellows",2017-08-25,209986,38,false,,2018-09-24T18:32:15Z,"","Duncan Fellows",0.447,0.745,0,-5.769,1,0.03,0.114,0.00959,0.269,0.542,109.529,4
spotify:track:13lzkuMmQySNBqFyZC1bRn,"Lavender (Take 4)","Becoming The Beach Boys: The Complete Hite & Dorinda Morgan Sessions","The Beach Boys",2016-08-26,158524,0,false,,2018-09-24T18:31:41Z,"baroque pop","Omnivore Recordings",0.414,0.109,6,-19.386,1,0.0357,0.901,0,0.378,0.24,73.469,5
spotify:track:7jYUaoOfdcYgUvkK8NnFfx,"Tranz","The Now Now","Gorillaz",2018-06-29,162626,69,false,,2018-09-11T23:41:34Z,"","Parlophone UK",0.649,0.883,7,-5.058,1,0.0306,0.0324,0.0185,0.0658,0.779,135.141,4
spotify:track:1AI6AX6yWgvK7Eu0eKmBci,"We'll Meet Again","Classics","She & Him",2014-11-28,152520,45,false,,2018-08-27T22:22:19Z,"christmas","Columbia",0.471,0.176,2,-11.812,1,0.0507,0.956,0.0000121,0.091,0.18,106.039,4
spotify:track:0XgRWgcs0Pcr9PSIdFWD4N,"Clay Pigeons","True That","Michael Cera",2014-08-14,186000,64,false,,2018-08-21T02:24:50Z,"","Michael Cera",0.292,0.241,6,-17.001,1,0.0428,0.97,0.00989,0.105,0.441,172.175,4
spotify:track:6NzE6TTlRMXonm5YEMVlVc,"Love Is a Beautiful Thing","Heartbreak Hits","Theo Katzman",2017-01-06,210251,37,false,,2018-08-21T01:34:55Z,"retro soul","Theo Katzman",0.847,0.373,2,-12.174,1,0.0506,0.794,0.00241,0.275,0.446,114.011,4
spotify:track:4gWqdxo7Eolc32hfjoyhuJ,"Hard For You","Romance Without Finance","Theo Katzman",2011-11-15,272173,26,false,,2018-08-21T01:33:10Z,"retro soul","Theo Katzman",0.731,0.737,1,-5.601,1,0.0387,0.0945,0,0.368,0.708,111.986,4
spotify:track:1wkU8NjA4JzwszL61vCmnu,"My 1-Bedroom","Heartbreak Hits","Theo Katzman",2017-01-06,269447,30,false,,2018-08-12T21:37:09Z,"retro soul","Theo Katzman",0.552,0.323,6,-11.672,0,0.161,0.808,0.000284,0.102,0.424,176.514,4
spotify:track:3gaQbhacVKwcsatM0FlSa9,"Hard Work","Heartbreak Hits","Theo Katzman",2017-01-06,201503,39,false,,2018-08-12T21:05:50Z,"retro soul","Theo Katzman",0.686,0.86,2,-5.876,1,0.201,0.106,0,0.341,0.921,156.685,4
spotify:track:2qZePoxz5PZ07LiUr8ofWw,"Je te veux","Satie","Erik Satie;Olga Scheps",2016-05-06,335280,33,false,,2018-08-11T00:43:08Z,"impressionism,classical piano,classical","Sony Classical/Sony Music",0.406,0.0376,0,-24.348,1,0.0387,0.996,0.934,0.105,0.203,95.835,3
spotify:track:6rDnB1z5znXce3PgAAk2SU,"Little Palm Tree","Songs for Little John","Sonntag",2018-07-22,300600,26,false,,2018-08-01T15:58:01Z,"","Maphia Inc.",0.809,0.368,5,-13.53,1,0.0368,0.725,0.0000671,0.129,0.546,115.049,4
spotify:track:4tNjd5O0eoLRD99ki2txh8,"Wash Away","Breakfast","Lawrence",2017-02-24,199986,0,false,,2018-07-31T16:42:37Z,"pop soul,retro soul,christmas","Warner Records",0.655,0.769,8,-8.401,1,0.031,0.0548,0.0000145,0.139,0.759,129.985,4
spotify:track:3BlsMrQVvRCk3jmmKV7otm,"Island Music","Yours Conditionally","Tennis",2017-03-10,219213,0,false,,2018-07-31T01:08:33Z,"","Mutually Detrimental",0.29,0.465,11,-18.178,0,0.164,0.956,0.912,0.0935,0.307,97.711,4
spotify:track:0uTViNjOOaiFatlfrbXT6A,"Your Sufferin' Heart","Birthmarks (Deluxe Edition)","Born Ruffians",2014-04-08,234333,0,false,,2018-07-30T16:04:21Z,"","Yep Roc Records",0.807,0.516,4,-5.224,1,0.0382,0.24,0,0.133,0.5,99.99,4
spotify:track:2C8Xjk2DrEywKBfBb7ITZK,"Peoples","Like Wind Blows Fire","Cheers Elephant",2012-05-08,199373,30,false,,2018-07-24T15:57:11Z,"","Cheers Elephant",0.639,0.767,4,-6.195,1,0.0366,0.247,0.0000966,0.332,0.643,125.031,4
spotify:track:2HA9icJkvPAx7pfYcYgAh9,"Thank God","It's a Nick and Gabe Christmas Party!","Nick and Gabe",2017-03-20,139939,1,false,,2018-07-21T04:47:45Z,"","Nick and Gabe",0.674,0.452,11,-7.241,0,0.0487,0.304,0,0.0802,0.772,81.975,4
spotify:track:6fEGJcescdNUSSBCKLJvYx,"Inside","Inside","Melt",2017-10-20,287026,0,false,,2018-07-19T04:48:42Z,"indie soul,pop soul","Melt Records",0.502,0.586,0,-5.892,0,0.0369,0.411,0.0000116,0.125,0.606,81.901,4
spotify:track:1tGRfoeKD06YvZr6l3uwEk,"Pulaski","Are You Serious (Deluxe Edition)","Andrew Bird",2016-01-01,242146,41,false,,2018-07-17T15:48:36Z,"baroque pop,indie folk","Loma Vista",0.453,0.717,7,-7.724,1,0.0753,0.174,0.00243,0.12,0.393,111.023,4
spotify:track:628aUzy2L6xHNoEtY7hsqN,"The Jitterbug Waltz - Buddha Remastered - 2000","Guitar Legend: The RCA Years","Chet Atkins",2000-03-04,156333,31,false,,2018-07-17T15:45:08Z,"","Buddha Records",0.601,0.296,2,-14.538,1,0.0602,0.978,0.901,0.0982,0.68,160.533,3
spotify:track:7aVqvDNnahHTFNmNmIAItL,"Reasons To Give Up In You","Wake Up","Sleepwalkers",2018-07-13,239440,0,false,,2018-07-13T14:44:23Z,"","Spacebomb Records LLC",0.5,0.916,0,-5.065,0,0.0332,0.00833,0.00177,0.255,0.803,90.974,4
spotify:track:6hNYea7p4awylhykHtSopq,"Wanting Memories","That Eternal Day","Cantus",2010-12-06,300413,19,false,,2018-07-11T21:54:27Z,"choral","Cantus Recordings",0.396,0.073,6,-25.817,1,0.0385,0.84,0,0.123,0.387,84.456,4
spotify:track:6kblAEj0T0312fv5QWsXzo,"Congratulations","Congratulations","MGMT",2010-04-09,235386,60,false,,2018-07-06T18:15:25Z,"indie","Columbia",0.761,0.637,7,-8.169,1,0.0268,0.439,0.0082,0.102,0.656,125.115,4
spotify:track:3HdcqQpq7zb5GbEKBDY34p,"Humbug Mountain Song","Absolute Loser","Fruit Bats",2016-05-13,184346,62,false,,2018-07-02T14:49:08Z,"","Easy Sound Recording Company",0.593,0.926,6,-5.361,0,0.0319,0.0355,0.0582,0.311,0.945,100.011,4
spotify:track:2tSx9cC0o44LJVtqDfUSOW,"Live from the Bowling Alley","Live from the Bowling Alley","twiddy",2018-03-07,159000,10,false,,2018-07-02T14:40:59Z,"","Majestic Casual Records",0.555,0.635,4,-8.04,0,0.274,0.178,0.000584,0.824,0.657,82.27,4
spotify:track:0Kk6MRb0YXbo6HPZELo3xs,"African Lady","Modern Lovers '88","Jonathan Richman;The Modern Lovers",1987-01-01,155133,0,false,,2018-06-27T14:50:17Z,"proto-punk,anti-folk","New Rounder",0.794,0.44,6,-16.735,1,0.0434,0.769,0.613,0.0428,0.899,115.967,4
spotify:track:3HNKZy1An5Jlnb02lcV2yd,"Southern Nights","Light Upon the Lake: Demo Recordings","Whitney",2017-11-10,212621,0,false,,2018-06-27T01:19:37Z,"","Secretly Canadian",0.568,0.295,7,-7.867,0,0.0494,0.993,0.499,0.14,0.43,84.225,4
spotify:track:5E6t3T6Mh8V9LmcMKYEx4E,"Cosmos","Careful Kid","Yabadum",2014-05-30,231653,39,false,,2018-06-27T01:17:22Z,"","Yabadum",0.603,0.789,10,-5.601,1,0.08,0.206,0.0000122,0.0904,0.748,115.973,4
spotify:track:1HUZeY3cjfpl8YSM1t6Azh,"On","Extended","YOUR SONG IS GOOD",2017-05-10,457977,0,false,,2018-06-27T00:59:47Z,"","KAKUBARHYTHM",0.732,0.751,0,-8.244,1,0.0424,0.402,0.185,0.104,0.905,126,4
spotify:track:5xRlNALFbZ7gaWGlySwfTM,"Break up Together","Heartbreak Hits","Theo Katzman",2017-01-06,207622,41,false,,2018-06-20T14:45:28Z,"retro soul","Theo Katzman",0.87,0.414,5,-10.995,1,0.0452,0.564,0.0000347,0.121,0.89,103.958,4
spotify:track:3w04cXVTLNvkl6foI4K1ze,"Pass the Vibes","Surf","Nico Segal",2015-06-30,150829,36,false,,2018-06-15T20:31:58Z,"","Donnie Trumpet & The Social Experiment",0.802,0.45,7,-9.741,1,0.064,0.734,0.544,0.0919,0.305,140.022,4
spotify:track:5xJII9WBtF4YwKeTsymO6P,"Savannah","Forget And Not Slow Down","Relient K",2009-10-05,256720,0,false,,2018-06-15T20:29:31Z,"christian rock,christian alternative rock,pop punk","Jive",0.702,0.695,1,-6.152,1,0.0352,0.143,0.0000322,0.115,0.554,107.915,4
spotify:track:33VReBh5WbMIOiJI1Ml4o8,"The Breeze","Fate","Dr. Dog",2008-01-01,239066,1,false,,2018-06-12T06:25:44Z,"","Universal Music Australia Pty. Ltd.",0.609,0.554,9,-7.801,1,0.0395,0.77,0.0000336,0.672,0.28,90.098,4
spotify:track:27Es1J9GNKf0pZLy3sdzjl,"If I Was A Folkstar","Wildflower","The Avalanches",2016-07-08,273253,52,false,,2018-06-03T23:14:09Z,"plunderphonics","Universal Music Australia Pty. Ltd.",0.669,0.917,10,-8.06,1,0.0471,0.575,0.801,0.0968,0.923,123.179,4
spotify:track:2Ain8y5wXSwbZPSjn2Ziwv,"Djangology","Accomplice One","Tommy Emmanuel;Frank Vignola;Vinny Raaniolo",2018-01-19,206033,0,false,,2018-06-03T22:48:34Z,"newgrass","CGP Sounds",0.652,0.294,7,-10.813,1,0.0484,0.86,0.559,0.0937,0.368,143.509,4
spotify:track:7tBlvnHLTox3S0yB6nIV2Q,"Lazy Nina","Pulse (Expanded Edition)","Greg Phillinganes",1984,326613,48,false,,2018-06-03T22:41:00Z,"yacht rock","RCA/Legacy",0.625,0.5,7,-9.104,1,0.0873,0.183,0.00000337,0.0378,0.777,202.318,4
spotify:track:5Bh8l8evdBSIoaK6EP1bWI,"Baby Driver","Bridge Over Troubled Water","Simon & Garfunkel",1970-01-26,197271,55,false,,2018-06-03T15:43:30Z,"folk rock,folk","Columbia",0.445,0.68,8,-11.338,1,0.0528,0.378,0.000209,0.102,0.75,163.664,4
spotify:track:4sNG6zQBmtq7M8aeeKJRMQ,"Brazil","What Do You Think About the Car?","Declan McKenna",2017-04-21,252305,84,false,,2018-05-20T22:43:52Z,"","Columbia",0.687,0.617,4,-5.213,1,0.0287,0.0941,0.0000127,0.0898,0.665,121.079,4
spotify:track:3h64C58s1P6WsNu7ZMa0QY,"Electric Counterpoint: III. Fast","Steve Reich: Electric Counterpoint","Steve Reich;Mats Bergström",2012-05-01,269093,3,false,,2018-05-20T21:28:10Z,"minimalism,contemporary classical,avant-garde,musique concrète,electroacoustic,classical,experimental,ambient","Mats Bergstrom Musik",0.225,0.537,4,-13.602,0,0.0422,0.981,0.875,0.0922,0.591,192.968,3
spotify:track:3Qeq4pMfjYwXOgJN6meOpG,"Do You Want to Do Nothing with Me? (Audiotree Live Version)","Lawrence on Audiotree Live","Lawrence",2016-08-29,228650,0,false,,2018-05-08T04:28:28Z,"pop soul,retro soul,christmas","Audiotree Music",0.564,0.656,1,-8.419,0,0.0564,0.178,0,0.192,0.676,101.213,4
spotify:track:3PoZoHfvOHrptTZC6YN5cJ,"Lover","Lover","Tree Theater;Emily C. Browning",2017-07-16,256551,0,false,,2018-04-30T16:14:42Z,"","Tree Theater Music",0.72,0.286,4,-15.939,1,0.0314,0.685,0.00139,0.303,0.559,86.998,4
spotify:track:6z845HgrurV2LSN9fg2LYV,"Black-winged Stilt","Black-winged Stilt","Woody Goss;Secret Bad Boy",2018-04-24,229606,0,false,,2018-04-30T04:38:14Z,"","Woody Goss",0.713,0.303,6,-13.475,1,0.0654,0.9,0.951,0.382,0.0916,126.987,4
spotify:track:3S4hFDy7svdrVq27dmdy7T,"Gettin' My Mom On","HiLo","Jack Stauber",2018-04-14,129103,46,false,,2018-04-16T16:11:38Z,"","Plopscotch Records",0.884,0.479,7,-10.44,1,0.0501,0.198,0.0364,0.0925,0.848,121.976,4
spotify:track:0snPmmKHsUJhmQLPpHnR4M,"John & Nancy","HiLo","Jack Stauber",2018-04-14,211763,51,false,,2018-04-16T15:54:13Z,"","Plopscotch Records",0.761,0.563,6,-7.894,0,0.235,0.645,0.00000678,0.786,0.809,100.986,4
spotify:track:5yhQS5ce3WebABcdngULA8,"Dead Weight","HiLo","Jack Stauber",2018-04-14,186105,60,false,,2018-04-16T15:42:46Z,"","Plopscotch Records",0.643,0.492,4,-9.314,0,0.0387,0.181,0.033,0.798,0.601,107.954,4
spotify:track:3rpeUtH3p22qBhJRpKxrW6,"Virtual Insanity - Remastered","High Times - Singles 1992-2006","Jamiroquai",2006-11-06,229360,0,false,,2018-04-08T18:46:41Z,"acid jazz","Columbia",0.659,0.949,6,-4.682,1,0.105,0.123,0,0.133,0.512,92.025,4
spotify:track:3JPY23toFCh4uxHkdZSL2r,"Angelina","Fools","The Other Favorites",2017-09-05,216618,27,false,,2018-04-02T22:07:58Z,"","The Other Favorites",0.637,0.266,5,-13.696,1,0.0382,0.836,0.00246,0.333,0.552,105.405,4
spotify:track:2yacAN0DZf5tIcjLK41cYP,"Bone Collector","Mount Royal","Julian Lage & Chris Eldridge",2017-02-24,286706,0,false,,2018-04-02T21:59:39Z,"bluegrass,newgrass,indie folk","Free Dirt Records",0.454,0.191,5,-15.735,1,0.0381,0.911,0.906,0.109,0.0402,145.305,4
spotify:track:63bOSw6PRcHzQq5X8zk75K,"Independence Day","Chris Thile & Brad Mehldau","Chris Thile;Brad Mehldau",2017-01-20,190053,33,false,,2018-04-02T21:56:24Z,"bluegrass,newgrass,jazz,jazz ballads,cool jazz","Nonesuch",0.547,0.23,5,-14.727,1,0.054,0.97,0.884,0.112,0.388,90.868,4
spotify:track:7tUUZ74ZhKN8B1IiMREYlO,"Sense","Paper Mâché Dream Balloon","King Gizzard & The Lizard Wizard",2015-11-13,210653,0,false,,2018-03-30T22:30:44Z,"neo-psychedelic,psychedelic rock","ATO Records (AT0)",0.534,0.6,5,-9.138,0,0.28,0.505,0.316,0.188,0.653,202.086,4
spotify:track:4ZEoR00yNPVcTjlN2Guwtc,"Runaway","Finite Form","Jack Stauber",2013-03-18,289041,39,false,,2018-03-24T03:56:37Z,"","Plopscotch Records",0.322,0.502,7,-8.796,1,0.0323,0.0104,0,0.113,0.0569,189.912,4
spotify:track:6NdtnJPnWC2rvEAOxhhLX0,"Women, Water & Weed","I Don't Care Today (Angels & Demons in Lo​-​fi)","MonoNeon",2018-02-03,194000,25,false,,2018-03-20T21:36:55Z,"","Mononeon",0.584,0.49,10,-8.771,0,0.035,0.743,0.0199,0.128,0.731,123.898,3
spotify:track:76jRIj99gsC9fX5R60nwhW,"Mrs Thomas","Grebfruit 2","Benny Greb",2017-07-21,153716,0,false,,2018-03-20T21:30:24Z,"jazz fusion,brass band","Herzog Records",0.728,0.714,1,-7.061,1,0.127,0.0187,0.153,0.352,0.638,112.08,4
spotify:track:6kMpZKfAdnIXrTsdc6OpxP,"Kick - Door","No Data","Daye Jack",2017-03-24,260573,17,true,,2018-03-20T21:25:43Z,"","Warner Records",0.847,0.774,6,-5.532,1,0.0424,0.0146,0.37,0.107,0.82,113.994,4
spotify:track:7hCWyoNCbLPLmWkzFhIJRt,"Fantasy","Fantasy","Eternity Forever",2017-01-26,212309,0,false,,2018-03-20T21:21:05Z,"math rock","Spirit Vision Records",0.647,0.804,6,-8.923,1,0.044,0.0301,0.00000336,0.0628,0.799,129.974,4
spotify:track:14UmSbkHTj7fH7kghZ8pp0,"Brickwall Hallelujah","Do It for Nothing","The Cactus Channel;Sam Cromack",2017-04-21,299800,18,false,,2018-03-20T21:14:22Z,"","HopeStreet Recordings",0.319,0.788,4,-8.703,1,0.0819,0.139,0.00383,0.13,0.197,113.036,4
spotify:track:5UXFmyOqJCi1BEuyIgTMCJ,"Petrichor","Big Boat","Phish",2016-10-07,812780,0,false,,2018-03-20T21:00:50Z,"jam band,experimental jazz","Jemp",0.382,0.535,7,-9.176,1,0.0343,0.268,0.00611,0.136,0.244,153.767,4
spotify:track:6n6EXIwLtNwe4u4CFzENYm,"The General","Bang Bang","DISPATCH",1997-09-01,246920,63,false,,2018-03-19T22:25:36Z,"jam band","Bomber Records",0.546,0.675,10,-6.136,1,0.171,0.439,0,0.107,0.686,91.779,4
spotify:track:2uyFbMwiHm8JkHqEA60HVs,"White Picket Castle","Romance Without Finance","Theo Katzman",2011-11-15,342386,24,false,,2018-03-19T21:31:59Z,"retro soul","Theo Katzman",0.751,0.327,4,-8.925,1,0.117,0.151,0,0.111,0.536,125.091,4
spotify:track:2eAtxc1L97UPkxDf4LFtrK,"Pretty Dirty (In the Fading Light)","Produce the Juice","Ripe",2013-05-04,343404,48,false,,2018-03-19T20:59:27Z,"","Wax On Felt Records",0.682,0.466,9,-7.751,1,0.0353,0.656,0,0.0809,0.639,90.989,4
spotify:track:0zvoparur0yT9ja7akPYls,"Old Advice","A Remedy","Upstate",2015-07-10,242440,25,false,,2018-03-14T15:25:04Z,"","Upstate Rubdown",0.748,0.554,7,-6.291,1,0.135,0.759,0.0000158,0.111,0.404,111.75,4
spotify:track:1ITQbrueGLl581a25XXm9c,"Rocky Raccoon - Remastered 2009","The Beatles (Remastered)","The Beatles",1968-11-22,213106,61,false,,2018-03-08T20:16:44Z,"classic rock,psychedelic rock","EMI Catalogue",0.599,0.363,7,-11.728,1,0.0315,0.333,0,0.243,0.648,79.456,4
spotify:track:5bEWOLd16LP0z4W8fneLZd,"Water","Need Your Light","Ra Ra Riot;Rostam",2016-01-01,280333,34,false,,2018-03-05T05:55:50Z,"baroque pop,art pop","Arts & Crafts",0.575,0.848,4,-4.297,1,0.0885,0.131,0,0.11,0.42,159.941,4
spotify:track:1zsLsChXQ74vOkXfgk1Qs6,"Humanism","The Late Show - EP","Stay Human",2016-02-05,161680,0,false,,2018-02-27T19:26:48Z,"","℗ © 2016 The Late Show Inc.",0.662,0.894,1,-4.532,1,0.032,0.0778,0.8,0.166,0.962,116.224,4
spotify:track:5Am6lXmZTztC7YE0VA4p1l,"Maybe","Dunzo","Woman Believer",2018-02-07,204522,28,false,,2018-02-26T19:58:55Z,"","Woman Believer",0.682,0.448,7,-9.526,1,0.0344,0.546,0.000333,0.331,0.782,81.037,4
spotify:track:0f1JMaMY0G3HLmpOwb1K8n,"Go by Richard, Not by Dick","Organ Freeman","Organ Freeman",2015-12-22,302706,35,false,,2018-02-22T19:46:59Z,"jazz fusion,jazz funk,funk,jam band","Milestone Music Group",0.496,0.707,7,-6.882,1,0.0842,0.0259,0.776,0.06,0.634,123.568,5
spotify:track:1Ea64ROQHsFNdB1U0EqEgf,"Makin' a Move","Guardians of the Zone","TWRP",2016-04-23,249563,0,false,,2018-02-22T19:37:21Z,"","Indie Pool",0.699,0.773,11,-7.921,0,0.0455,0.00176,0.0195,0.095,0.639,115.999,4
spotify:track:3KtJ3MYkEmKS6CYxUzKEuG,"Oh My","Don't Read This. You Will Be Kissed...","Camino 84;Sidney Gish",2016-11-03,198620,0,false,,2018-02-22T19:30:36Z,"bedroom pop","Camino 84",0.723,0.448,0,-6.802,0,0.0548,0.342,0.0342,0.0789,0.76,174.037,4
spotify:track:3AgFyEsyxDfQfYsczdnRZ2,"Starks and Ewing","MSP, Pt. 1","Cory Wong",2016-08-12,248333,17,false,,2018-02-20T19:56:08Z,"funk,jazz funk,jazz fusion","Cory Wong",0.693,0.676,9,-7.488,1,0.0508,0.0208,0.894,0.169,0.778,114.863,4
spotify:track:0zXPcSIxts81HsjlwuwMyq,"Clair de Lune","The Epic","Kamasi Washington",2015-05-01,667733,0,false,,2018-02-20T19:35:45Z,"jazz","Brainfeeder",0.352,0.35,1,-9.708,1,0.0326,0.774,0.849,0.133,0.207,132.365,3
spotify:track:0WjvB0SzNvgmuM46UjcMr8,"Lifted Up (1985)","Kindred","Passion Pit",2015-04-20,263293,44,false,,2018-02-18T19:50:32Z,"indie","Columbia",0.568,0.816,0,-3.928,1,0.0281,0.014,0.000231,0.155,0.31,125.033,5
spotify:track:01MO5Ib9mCG7srUhZl52BA,"Going Gets Tough","Chinese Fountain","The Growlers",2014-09-23,208613,0,false,,2018-02-14T18:22:48Z,"surf rock","Everloving Records",0.5,0.766,8,-6.258,1,0.0327,0.219,0,0.109,0.738,162.058,4
spotify:track:58Uju6zNzplENSlDZEWYNr,"Cough Drop","A Humble Masterpiece","The O'My's",2013-10-14,199970,0,false,,2018-02-08T06:43:38Z,"","The O'my's",0.54,0.122,11,-13.594,1,0.0725,0.888,0.0000394,0.235,0.0365,128.998,4
spotify:track:5gRCBF8BbbQA4M7wRFjqxg,"Sour Candy","Sour Candy","Melt",2017-05-13,295706,0,false,,2018-01-30T21:53:20Z,"indie soul,pop soul","675065 Records DK",0.488,0.538,5,-8.084,1,0.15,0.176,0.000183,0.093,0.617,178.408,4
spotify:track:2uGe09R5EYN49mkBuyhezQ,"Dreams","Trans-Atlantic Psych Classics Vol.2","The Electric Peanut Butter Company",2013-10-29,181226,0,false,,2018-01-30T00:43:23Z,"","Ubiquity Recordings, Inc.",0.603,0.932,9,-4.693,0,0.0618,0.00612,0.0000132,0.176,0.881,152.325,4
spotify:track:1lszna2AQPmXEQO2eOfAu5,"Pater Noster","Verdi: Four Sacred Pieces; Pater Noster","Giuseppe Verdi;Choir of King's College, Cambridge;Stephen Cleobury",1990-01-01,417666,4,false,,2018-01-22T00:56:13Z,"opera,classical,choral,hymns,christmas","Decca Music Group Ltd.",0.153,0.0506,7,-28.615,1,0.051,0.983,0.00684,0.0897,0.037,137.678,5
spotify:track:2EWpa5XnAuSn0sIkSSIhYk,"Wish I Knew You","Men Amongst Mountains","The Revivalists",2015-07-15,274093,76,false,,2018-01-17T21:49:45Z,"","Concord Records",0.649,0.718,0,-6.593,0,0.0261,0.142,0.0713,0.124,0.718,101.034,4
spotify:track:4kr3l1fAE5gkjxkbE7WU65,"Cocaine","Greenwood Shade","Sleepwalkers",2014-07-11,185136,36,false,,2018-01-16T22:01:53Z,"","Shoebox Treasure",0.655,0.899,11,-4.869,0,0.0476,0.0202,0.186,0.394,0.828,101.503,4
spotify:track:4SNtyKNyYJ8ERT7YLlnFBr,"So Young","Woodstock","Portugal. The Man",2017-06-16,246480,69,false,,2018-01-16T18:42:40Z,"","Atlantic Records",0.671,0.445,4,-7.842,0,0.0291,0.348,0.0000593,0.155,0.811,75.996,4
spotify:track:0qHrE21zGV4DThyfx0HdFu,"Nancy From Now On","Fear Fun","Father John Misty",2012-05-01,234160,0,false,,2018-01-11T17:53:16Z,"","Sub Pop Records",0.534,0.659,0,-8.279,1,0.027,0.487,0.0808,0.0892,0.497,107.052,4
spotify:track:3139p7lHnPboMeNt739bbv,"Everlasting Sigh","Everlasting Sigh","Moses Sumney",2016-03-29,232979,0,false,,2018-01-11T17:36:40Z,"art pop,indie soul","Moses Sumney",0.603,0.621,5,-10.494,1,0.0342,0.142,0.00103,0.111,0.53,90.03,4
spotify:track:1SMtj9r8K7Lzh71S5MsIhD,"This Too Shall Pass","Of the Blue Colour of the Sky (Extra Nice Edition)","OK Go",2010-11-02,188120,0,false,,2018-01-07T19:14:19Z,"","Paracadute",0.429,0.667,5,-3.435,1,0.0447,0.0000531,0.00637,0.128,0.395,160.022,4
spotify:track:66nI3jGoQ5KT8OXpCVzxLT,"Mistakes","The Cart","Ceramic Animal",2016-08-11,252254,0,false,,2018-01-02T17:24:10Z,"neo-psychedelic","Ceramic Animal",0.454,0.541,0,-6.267,0,0.0462,0.375,0.00203,0.106,0.469,88.277,4
spotify:track:37o2wypJyP6rTfTI9rlaVY,"Go","Love Is Alive EP","Louis The Child",2017-03-24,134637,24,true,,2017-12-28T04:07:58Z,"","Ultra Records, LLC",0.625,0.442,5,-9.069,1,0.225,0.835,0.0098,0.144,0.77,174.954,4
spotify:track:57i3M29DWoo7RDk0Tf0LZG,"Daylight","Grand","Matt and Kim",2009-01-20,171333,4,false,,2017-12-28T04:06:42Z,"","FADER LABEL",0.57,0.798,9,-4.92,1,0.0323,0.102,0.000128,0.178,0.671,103.303,4
spotify:track:5kVFyOMhyGK1lifIm94FYr,"Hallucinating - Mariachi Version","Hallucinating (Mariachi Version)","Elohim",2016-10-04,204255,0,false,,2017-12-15T14:08:50Z,"","B3SCI Records",0.751,0.536,9,-5.107,1,0.0383,0.458,0.0000744,0.126,0.397,107.024,4
spotify:track:5ho74ZlMvEbyhFutCd8SGg,"Holy Ghost","Dopamine","BØRNS",2015-10-16,256653,59,false,,2017-11-27T21:02:54Z,"","UMGRI Interscope",0.591,0.874,6,-4.224,0,0.0562,0.00153,0.0000145,0.0602,0.775,89.998,4
spotify:track:4OxtqhSBnOsgGc1yfYAfOn,"Lovely Day","This Is All Yours","alt-J",2014-09-22,241545,45,false,,2017-11-24T22:19:33Z,"indie,indie rock","Canvasback/ATL",0.465,0.487,11,-8.743,1,0.0399,0.0483,0.344,0.0951,0.203,97.847,4
spotify:track:1vlQTu7N48uwUrJpgjkplL,"Don't Know What's Normal","Don't Know What's Normal","Shintaro Sakamoto",2013,270646,0,false,,2017-11-18T18:51:07Z,"japanese indie,shibuya-kei,city pop","Other Music",0.672,0.593,7,-9.718,1,0.0503,0.412,0.117,0.0471,0.64,106.094,4
spotify:track:7zT9cOgy2MucVd22XmXb1z,"Definitely You","Anatolia","Feed Me Jack",2015-06-06,194497,37,false,,2017-11-16T21:28:30Z,"math rock","582123 Records DK",0.497,0.632,7,-6.83,1,0.0465,0.079,0.000158,0.122,0.253,108.076,4
spotify:track:6u0x5ad9ewHvs3z6u9Oe3c,"Under Cover of Darkness","Angles","The Strokes",2011-03-21,235546,73,false,,2017-11-12T02:36:06Z,"garage rock,indie rock,alternative rock","RCA Records Label",0.35,0.775,11,-3.364,1,0.054,0.00433,0.283,0.0676,0.588,199.866,4
spotify:track:53l4LGUeZKCDZI1u25kQDN,"Sugah Daddy","Black Messiah","D'Angelo",2014-12-15,302840,48,false,,2017-11-11T19:03:36Z,"neo soul","RCA Records Label",0.786,0.547,1,-11.416,1,0.262,0.0397,0.272,0.0378,0.683,92.603,4
spotify:track:51ggEZWbFP5dMdWjGCDYTk,"Dunes","Sound & Color","Alabama Shakes",2015-04-21,257920,0,false,,2017-11-11T18:59:49Z,"","ATO Records",0.381,0.599,8,-6.051,1,0.0417,0.68,0.0187,0.136,0.396,76.579,4
spotify:track:5WUxLqUKQdEZ5oW3uZiSni,"Gibraltar","No No No","Beirut",2015-09-11,221720,0,false,,2017-11-10T02:09:56Z,"baroque pop,indie folk","4AD",0.75,0.292,1,-8.988,0,0.0357,0.714,0.0464,0.118,0.483,109.769,4
spotify:track:3kVDAKaZ7w8UevnONl3h2Y,"Anna Muse","Bread","Felix Rabito",2016-10-27,263526,25,false,,2017-11-06T20:34:03Z,"","Felix Rabito",0.813,0.338,0,-11.1,1,0.0544,0.587,0.0000656,0.0948,0.301,112.975,1
spotify:track:2Zif5DSq7uTjKZlg9Z9Oeg,"Lover","Smokey Rolls Down Thunder Canyon","Devendra Banhart",2007-09-24,223373,0,false,,2017-10-30T18:59:27Z,"","XL",0.651,0.716,7,-8.268,1,0.0325,0.39,0.00000755,0.0744,0.861,107.946,4
spotify:track:3BaZ1KVwCZBjQqLQqPlDbF,"Wurlitzer Crowley","The Freedom Tapes","Mathien",2016-02-21,204050,36,false,,2017-10-30T18:44:01Z,"jazz beats","601433 Records DK",0.865,0.643,9,-9.435,1,0.0461,0.281,0,0.318,0.917,120.013,4
spotify:track:1bSpwPhAxZwlR2enJJsv7U,"No Surprises","OK Computer","Radiohead",1997-05-28,229120,2,false,,2017-10-29T19:37:40Z,"art rock,alternative rock","XL Recordings",0.255,0.393,5,-10.654,1,0.0278,0.0577,0.00361,0.113,0.118,76.426,4
spotify:track:5rvQ0TJSKa7YWnaqYlTdeH,"Don't Tread on Me","Toothpick","Kai Straw",2016-04-12,268514,33,true,,2017-10-17T05:04:45Z,"","Tenth Gate Records",0.78,0.514,1,-9.194,1,0.131,0.216,0.00000527,0.106,0.598,100.952,4
spotify:track:4kPPj8k1gBxVeC5KxzZvta,"The Sea","The Sea","Joey Pecoraro",2017-10-05,165449,0,false,,2017-10-15T22:23:12Z,"lo-fi beats,lo-fi,jazz beats,lo-fi hip hop","Joey Pecoraro",0.534,0.112,0,-20.145,1,0.0316,0.942,0.559,0.103,0.25,92.865,4
spotify:track:2BIfG6wL1t5wk1KixoK2BV,"Chicago","Heavy Colors","flipturn",2017-03-31,319821,61,false,,2017-10-09T15:54:35Z,"","flipturn",0.709,0.655,4,-9.638,1,0.0342,0.543,0.00283,0.0931,0.609,111.97,4
spotify:track:4QeiuQi46qy90OJKHTYGkA,"Gonna Get Together","Squish","Leroy",2006-01-01,217400,26,false,,2017-10-07T18:38:17Z,"","TML Records",0.684,0.57,11,-7.193,1,0.076,0.0107,0.00000329,0.244,0.927,160.024,4
spotify:track:39P5qIbuyfSRXPbob3iTIk,"Origami","In A Tidal Wave Of Mystery (Deluxe Edition)","Capital Cities",2013,225068,0,false,,2017-10-06T15:43:56Z,"","Capital Cities",0.788,0.594,4,-4.501,0,0.0336,0.0264,0.0514,0.0548,0.88,126.016,4
spotify:track:4NFIAz3mPVBIoVwlAqe1jj,"Read Receipts","Space to Move, Pt. I","Kyle Thornton & The Company",2015-05-01,247302,37,false,,2017-10-05T05:05:26Z,"retro soul","Kyle Thornton & the Company",0.493,0.77,0,-6.18,1,0.235,0.398,0,0.619,0.628,88.208,4
spotify:track:6F2czMu3r2orV7CR3uMfqE,"Dear Old Dad","Don't All Look Up At Once","Ezra Bell",2013-12-18,211333,0,false,,2017-10-04T20:18:37Z,"","Ezra Bell",0.554,0.517,5,-7.519,1,0.0363,0.638,0.0000198,0.109,0.625,114.375,4
spotify:track:6405hOm4Nxfxzm2wxXw2BU,"Ghosting","O My Heart","Mother Mother",2008-09-23,285986,0,false,,2017-10-04T20:07:02Z,"","Last Gang",0.606,0.618,11,-5.1,1,0.0258,0.325,0.0019,0.108,0.237,92.061,4
spotify:track:6AJDPYNHaDDA7UrFL08L11,"Working Man","The Dip","The Dip",2015-04-14,249640,52,false,,2017-10-04T19:19:43Z,"retro soul","The Dip",0.437,0.48,9,-7.565,1,0.0393,0.38,0.000189,0.0662,0.553,90.488,4
spotify:track:0qiQ5qSWjLOn3CbOtgzzST,"In the Bleak Midwinter","In the Bleak Midwinter","Jacob Collier",2016-12-23,372000,0,false,,2017-09-28T04:46:10Z,"","Jacob Collier",0.237,0.134,0,-16.033,1,0.0289,0.942,0.0000809,0.111,0.0455,133.395,4
spotify:track:44DnIGEvTlhDkGv3xLSDcp,"Wide Eyes","Gorilla Manor","Local Natives",2010-02-16,266053,50,false,,2017-08-25T15:17:01Z,"","Frenchkiss Records",0.528,0.86,11,-8.033,0,0.0397,0.00131,0.25,0.251,0.49,123.12,4
spotify:track:3RznzRnsl8mzP63l4AF2M7,"Dream Sweet in Sea Major","Hawaii: Part II","Miracle Musical",2012-12-12,420012,73,false,,2017-07-26T20:17:59Z,"","ミラクルミュージカル",0.341,0.428,0,-11.193,1,0.0414,0.919,0.0675,0.106,0.188,169.896,4
spotify:track:6tL1I2F1BWhhQpwFUQztEz,"Welcome to Vulf Records","Thrill of the Arts","Vulfpeck",2015-10-09,163218,2,false,,2017-07-21T03:49:19Z,"funk,funk rock","Vulf Records",0.53,0.479,0,-8.474,1,0.0481,0.0105,0.701,0.0957,0.439,152.325,4
spotify:track:4usVYcPlxRgRet6YashdCJ,"Fire In The Hole","Can't Buy A Thrill","Steely Dan",1972-01-01,206226,0,false,,2017-06-13T19:16:51Z,"yacht rock,classic rock","Geffen*",0.619,0.438,3,-13.139,1,0.0359,0.528,0.000869,0.0623,0.541,73.122,4
spotify:track:6vq8ZU9nxTBh1ITyJDKtWO,"Honest Man","Honest Man","Fat Night",2017-02-24,325145,0,false,,2017-06-08T13:10:33Z,"retro soul","Fat Night",0.75,0.563,4,-7.271,1,0.0354,0.493,0,0.171,0.8,103.051,4
